movieCd,movieNm,movieNmEn,movieNmOg,prdtYear,openDt,showTm,prdtStatNm,typeNm,nations,genres,directors,actors,companys,audits,staffs
20228796,하얼빈,HARBIN,,2024,20241224,113,개봉,장편,한국,드라마,우민호,현빈|박정민|조우진|전여빈|박훈|유재명|릴리 프랭키|이동욱|윤여원|박동하|왕승목|강효준|박제현|이창근|서민제|신우철|이윤환|전재현|김성광|정승민,(주)하이브미디어코프(제작사)|(주)씨제이이엔엠(배급사)|(주)씨제이이엔엠(제공)|오거스트벤처파트너스 유한회사(공동제공)|(사)한국농아인협회(가치봄 제작처)|한국시각장애인연합회(가치봄 제작처),2024-MF03206 (15세이상관람가),김원국(제작)|이용수(프로듀서)|김진우(프로듀서)|손다해(라인프로듀서)|김보경(제작팀)|윤희용(제작팀)|왕부요(제작팀)|임동민(제작팀)|이한길(제작팀)|선현종(제작팀)|고은실(제작팀)|문경법(제작팀)|최지민(제작팀)|이정민(제작팀)|서규원(제작회계)|김소연(제작회계)|김강영(제작회계)|이민경(제작회계)|양은정(제작회계)|최이슬(제작회계)|지상민(제작회계)|김진현(제작회계)|김영천(제작관리)|정치우(제작관리)|신정호(제작관리)|정회두(데이타매니저)|우민호(시나리오(각본))|김진석(조감독)|박현영(연출팀)|이재헌(연출팀)|서애경(연출팀)|전형준(연출팀)|정은지(스크립터)|이일호(스토리보드)|김민지(스토리보드)|김단우(현장편집)|김만근(현장편집)|홍경표(촬영)|강현규(촬영팀)|오체리(촬영팀)|안동수(촬영팀)|박창균(촬영팀)|구정서(촬영팀)|손성규(촬영팀)|박정민(촬영팀)|지상빈(촬영팀)|김진영(그립)|정동원(그립)|최운진(그립)|이남경(촬영장비)|이수진(촬영장비)|최재광(촬영장비)|이주연(촬영장비)|유금정(촬영장비)|배병석(촬영장비)|박정우(조명)|이태희(조명팀)|최정현(조명팀)|박노준(조명팀)|김재필(조명팀)|김승용(조명팀)|이건수(조명팀)|윤재국(조명팀)|김선진(조명팀)|신정길(조명팀)|이민석(조명팀)|김유신(조명팀)|김현주(조명팀)|이정현(조명팀)|홍동욱(조명팀)|성민규(조명팀)|우승민(조명팀)|심규빈(조명팀)|정한별아(조명팀)|신승수(조명팀)|조성현(조명팀)|이인교(발전차)|박천수(발전차)|조근영(조명장비)|김보묵(미술/프로덕션 디자인)|박상희(아트디렉터)|김햇빛(미술팀)|박선영(미술팀)|윤희주(미술팀)|김슬기(미술팀)|곽해은(미술팀)|정인철(세트)|송석기(세트)|노승국(세트)|김효진(세트팀)|천정현(세트팀)|이규철(세트팀)|강동안(세트팀)|박범수(세트팀)|조헌철(세트팀)|유군상(세트팀)|김인수(세트팀)|권경업(세트팀)|서동훈(세트팀)|남영환(세트팀)|김윤창(세트팀)|구경욱(세트미술팀)|이재명(세트미술팀)|김지수(세트미술팀)|최창주(세트미술팀)|김남웅(세트미술팀)|김윤석(소품)|박주현(소품팀)|박정민(소품팀)|양수민(소품팀)|손선영(소품팀)|우지연(소품팀)|조민호(동시녹음)|박진경(붐오퍼레이터)|김정숙(붐오퍼레이터)|곽정애(의상)|정지윤(의상팀)|임지연(의상팀)|김지원(의상팀)|허유정(의상팀)|정희재(의상팀)|김서희(분장)|강나빈(분장팀)|김지오(분장팀)|조민선(분장팀)|오새리(분장팀)|방은옥(분장팀)|이하윤(분장팀)|이진주(분장팀)|조재혁(분장팀)|김서희(헤어)|곽태용(특수분장)|황효균(특수분장)|양태열(액션/스턴트)|임효우(액션/스턴트)|이건문(액션/스턴트)|한지빈(액션/스턴트팀)|한대룡(액션/스턴트팀)|한용환(액션/스턴트팀)|최태정(액션/스턴트팀)|최민(액션/스턴트팀)|지성환(액션/스턴트팀)|주창욱(액션/스턴트팀)|장주완(액션/스턴트팀)|장영주(액션/스턴트팀)|임동은(액션/스턴트팀)|이확광(액션/스턴트팀)|이학렬(액션/스턴트팀)|이충식(액션/스턴트팀)|이철우(액션/스턴트팀)|이창준(액션/스턴트팀)|이주원(액션/스턴트팀)|이유하(액션/스턴트팀)|이낙준(액션/스턴트팀)|이광호(액션/스턴트팀)|유승권(액션/스턴트팀)|옹시맥(액션/스턴트팀)|오태승(액션/스턴트팀)|오권열(액션/스턴트팀)|심상용(액션/스턴트팀)|선호삼(액션/스턴트팀)|백승진(액션/스턴트팀)|백기헌(액션/스턴트팀)|박현선(액션/스턴트팀)|박찬영(액션/스턴트팀)|박원진(액션/스턴트팀)|박경모(액션/스턴트팀)|박건희(액션/스턴트팀)|민성주(액션/스턴트팀)|모상범(액션/스턴트팀)|김태환(액션/스턴트팀)|김태진(액션/스턴트팀)|김태경(액션/스턴트팀)|김탁호(액션/스턴트팀)|김주호(액션/스턴트팀)|김정섭(액션/스턴트팀)|김재명(액션/스턴트팀)|김원진(액션/스턴트팀)|김승필(액션/스턴트팀)|김승준(액션/스턴트팀)|김서필(액션/스턴트팀)|김도연(액션/스턴트팀)|권회수(액션/스턴트팀)|권혁석(액션/스턴트팀)|고상현(액션/스턴트팀)|조경규(특수효과)|정도안(특수효과)|방성철(특수효과팀)|이종진(특수효과팀)|방은현(특수효과팀)|임종혁(특수효과팀)|정희섭(특수소품)|김만근(편집)|조영욱(음악)|최태영(사운드)|조예진(사운드디자이너)|심유경(사운드믹싱)|김주현(사운드믹싱)|최태영(사운드믹싱)|박온(대사)|예은지(대사)|배유리(대사)|김민지(폴리)|신이나(폴리)|이충규(폴리)|이미지(사운드팀)|장동은(사운드팀)|문정욱(사운드팀)|김병인(사운드팀)|류연주(사운드팀)|강혜영(사운드팀)|이휘재(사운드팀)|최재윤(사운드팀)|김은경(VFX 매니지먼트)|이아현(VFX 매니지먼트)|이지수(VFX 매니지먼트)|김소리(VFX 매니지먼트)|최라윤(VFX 매니지먼트)|김지연(VFX 매니지먼트)|배은미(VFX 매니지먼트)|김수동(VFX 매니지먼트)|안재곤(VFX 매니지먼트)|최유진(DI팀)|조용대(DI팀)|정다희(DI팀)|고명원(DI팀)|김성재(DI팀)|박정은(DI팀)|백지혜(DI팀)|이나래(DI팀)|정주호(DI팀)|김신혜(DI팀)|조원만(DI팀)|최철호(DI팀)|김정민(DI팀)|공채운(DI팀)|윤석주(DI팀)|유영진(DI팀)|최진호(DI팀)|이정훈(DI팀)|안상희(DI팀)|김범수(DI팀)|심상원(DI팀)|김태훈(DI팀)|서강혁(DI팀)|채가희(DI팀)|송승현(DI팀)|김자남(DI팀)|임재형(DI팀)|정지호(DI팀)|김지욱(DI팀)|류연(DI팀)|박진영(DI팀)|서유나(홍보/마케팅 진행)|이명진(홍보/마케팅 진행)|최은영(홍보/마케팅 진행)|최윤정(온라인마케팅)|지유나(온라인마케팅)|오병욱(온라인마케팅)|김재윤(온라인마케팅)|호윤정(온라인마케팅)|박지애(온라인마케팅)|이지영(온라인마케팅)|김진희(온라인마케팅)|전혜숙(온라인마케팅)|김소영(배급진행)|김영일(기타)|공대유(기타)|김원국(기획)|이한결(기획진행)|이수진(기획진행)|임윤미(기획진행)|최희선(기획진행)|최창우(기획진행)|김태야(스턴트연기)|김용진(스턴트연기)|정택호(스턴트연기)|김남식(시각효과)|김현주(VFX 슈퍼바이저)|김보성(VFX 슈퍼바이저)|김혜송(VFX 슈퍼바이저)|신철호(VFX 슈퍼바이저)|신지수(VFX 슈퍼바이저)|김수한(VFX 슈퍼바이저)|송정진(VFX 슈퍼바이저)|김대왕(VFX 슈퍼바이저)|황병식(VFX 슈퍼바이저)|아쿨라 키란쿠마(VFX 슈퍼바이저)|유인식(VFX 슈퍼바이저)|정재훈(VFX 슈퍼바이저)|장병주(VFX 슈퍼바이저)|류건희(VFX 슈퍼바이저)|전민규(VFX 슈퍼바이저)|김한웅(VFX 아티스트)|이성경(VFX 아티스트)|김혜은(VFX 아티스트)|김소민(VFX 아티스트)|유가영(VFX 아티스트)|권나영(VFX 아티스트)|한태주(VFX 아티스트)|조세환(VFX 아티스트)|정승아(VFX 아티스트)|안석훈(VFX 아티스트)|문한별(VFX 아티스트)|김은진(VFX 아티스트)|모슬기(VFX 아티스트)|김다솜(VFX 아티스트)|김동욱(VFX 아티스트)|구민희(VFX 아티스트)|이정균(VFX 아티스트)|홍진기(VFX 아티스트)|박나래(VFX 아티스트)|전은채(VFX 아티스트)|곽혜원(VFX 아티스트)|제니 닐슨(VFX 아티스트)|김혜림(VFX 아티스트)|함채원(VFX 아티스트)|이서윤(VFX 아티스트)|이애정(VFX 아티스트)|차승욱(VFX 아티스트)|손성민(VFX 아티스트)|현경민(VFX 아티스트)|오유진(VFX 아티스트)|김지수(VFX 아티스트)|정현민(VFX 아티스트)|정지연(VFX 아티스트)|김유나(VFX 매니지먼트)|김풍(VFX 매니지먼트)|심은지(VFX 매니지먼트)|신혜영(VFX 매니지먼트)|이혜인(VFX 매니지먼트)|정수지(VFX 매니지먼트)
20190300,보고타: 마지막 기회의 땅,Bogota: City of the Lost,,2024,20241231,106,개봉,장편,한국,범죄|드라마,김성제,송중기|이희준|권해효|박지환|조현철|김종수|장명진,(주)영화사수박(제작사)|(주)이디오플랜(제작사)|메가박스중앙(주) 플러스엠 엔터테인먼트(공동제작사)|메가박스중앙(주) 플러스엠 엔터테인먼트(배급사)|메가박스중앙(주) 플러스엠 엔터테인먼트(제공)|(사)한국농아인협회(가치봄 제작처)|한국시각장애인연합회(가치봄 제작처),2024-MF03192 (15세이상관람가),조유정(투자)|신하영(투자)|김아연(투자)|전영상(투자)|안종진(투자)|조세훈(투자)|원지현(투자)|신이슬(투자)|함연주(투자)|장영준(투자)|안효림(투자)|윤기호(제작)|박성일(제작)|신범수(제작)|문영화(프로듀서)|양라희(제작팀)|권지현(제작팀)|송준(제작팀)|벤자민 김(제작팀)|정유원(제작팀)|김기남(제작팀)|류정수(제작팀)|전주병(제작팀)|이서현(제작팀)|심규봉(제작팀)|이선빈(제작팀)|김성제(시나리오(각본))|황성구(시나리오(각본))|안영수(윤색)|차병찬(조감독)|오윤석(조감독)|이스라(스토리보드)|강숙(스토리보드)|최자영(현장편집)|황기석(촬영)|이성재(촬영)|김형섭(카메라오퍼레이터)|박성용(촬영팀)|김형일(그립)|이동화(조명)|이종건(미술/프로덕션 디자인)|오진석(소품)|이태규(동시녹음)|곽정애(의상)|조상경(의상)|정지윤(의상팀)|김서희(분장)|김서희(헤어)|최동헌(액션/스턴트)|신영훈(액션/스턴트팀)|박대훈(특수효과)|김선민(편집)|황은주(편집팀)|정현수(음악)|김창섭(사운드)|엄준식(기획)|정성엽(기타)|우상혁(기획진행)|전소미(VFX 슈퍼바이저)|김한준(VFX 슈퍼바이저)|권정민(VFX 매니지먼트)|박수민(DI팀)|우찬양(DI팀)|김수경(홍보/마케팅 진행)|김성원(홍보/마케팅 진행)|김소영(홍보/마케팅 진행)|김현지(홍보/마케팅 진행)|서보람(홍보/마케팅 진행)|박혜영(홍보/마케팅 진행)|김기범(홍보/마케팅 진행)|심승희(홍보/마케팅 진행)|변다혜(홍보/마케팅 진행)|신승연(홍보/마케팅 진행)|김예진(홍보/마케팅 진행)|김지수(홍보/마케팅 진행)|조은미(온라인마케팅)|김우영(온라인마케팅)|김혜림(온라인마케팅)|나예진(온라인마케팅)|김수현(온라인마케팅)|곽소영(온라인마케팅)|최지원(온라인마케팅)|손하늘(온라인마케팅)|우미나(온라인마케팅)|김지영(온라인마케팅)|유현진(광고디자인)|박시영(광고디자인)|김설우(스틸)|전혜선(스틸)|안예이(메이킹필름)|박건우(메이킹필름)|강경우(메이킹필름)|강동우(메이킹필름)|이민규(예고편)|박동신(예고편)|김주연(예고편)|심수나(광고대행)|주원정(광고대행)|오민석(광고대행)|이연주(광고대행)|이병창(광고대행)|지혜윤(광고대행)|장우영(광고대행)|박지환(광고대행)|이현정(배급진행)|이진아(배급진행)|고유리(배급진행)|김유지(배급진행)|박수야(기타)|유현아(기타)|유진아(기타)|우해정(기타)|박연희(기타)|최동석(기타)|김한아(기획)
20200142,소방관,FIREFIGHTERS,,2024,20241204,106,개봉,장편,한국,드라마,곽경택,주원|곽도원|유재명|이유영|김민재|오대환|이준혁|장영남|황성준|허진|홍상표|서민주|이용이|정종준|정기섭|방효정|권영민|김율호|한재웅|곽영신|허승|박세호|홍재민|최상재|송우림|김한솔|박화진|정기용|유성주|전현숙|이강녕|정효경|김미화|서민균|홍명기|전상진|이재우|민재경|한기준|박광설|이상철|최재욱|고현웅|한장훈|탁환의|이학렬|심상민|임태훈|홍의정,주식회사 에스크로드(제작사)|(주)아센디오(제작사)|(주)바이포엠스튜디오(배급사)|(주)바이포엠스튜디오(제공)|오거스트벤처파트너스 유한회사(공동제공)|(사)한국농아인협회(가치봄 제작처)|한국시각장애인연합회(가치봄 제작처),2024-MF02956 (12세이상관람가),박한희(투자)|이혁준(투자)|이동준(투자)|진오식(투자)|황찬주(투자)|이명현(투자)|현나영(투자)|이영재(투자)|권영환(투자)|이광수(투자)|조담희(투자)|원정민(투자)|김민혜(투자)|이승훈(투자)|이정석(투자)|옥진주(투자)|정현석(투자)|고아라(투자)|조일형(투자)|김학윤(투자)|최평호(투자)|송승엽(투자)|백승재(투자)|김승현(투자)|서장호(투자)|정재훈(투자)|한상일(투자)|정윤중(투자)|유귀선(투자)|황인지(투자)|구하민(투자)|남지웅(제작)|박인규(제작)|이성찬(제작)|정승필(제작)|오승환(프로듀서)|한기준(라인프로듀서)|김병인(라인프로듀서)|최형락(제작팀)|조창래(제작팀)|이주미(제작팀)|전성모(제작팀)|조은혜(제작팀)|박세호(제작팀)|원필호(제작팀)|유위현(제작팀)|이정수(제작팀)|민경빈(제작팀)|한장훈(제작팀)|이란희(제작팀)|정규용(제작팀)|허재혁(제작팀)|최휘영(제작팀)|박태호(제작팀)|류태수(제작팀)|조미연(제작팀)|신예지(제작회계)|양정인(제작회계)|이유리(제작관리)|김은경(제작관리)|신바드(데이타매니저)|이은아(데이타매니저)|한승완(데이타매니저)|김용대(시나리오(각본))|최관영(시나리오(각본))|곽경택(시나리오(각본))|이윤형(각색)|최석환(각색)|최원표(조감독)|이주호(조감독)|황지선(연출팀)|이주미(연출팀)|고민지(연출팀)|김원기(연출팀)|서정암(연출팀)|전용덕(스크립터)|박지운(스토리보드)|신용식(현장편집)|이용갑(촬영)|김승우(촬영팀)|고경은(촬영팀)|이근희(촬영팀)|김관성(촬영팀)|정소영(촬영팀)|이진희(촬영팀)|장필립(촬영팀)|김윤삼(촬영팀)|서강원(촬영팀)|강상협(촬영팀)|강지량(촬영팀)|박관열(그립)|강대현(그립)|강두원(그립)|전승환(그립)|강상협(그립)|차동훈(스테디캠)|김동주(스테디캠)|박성욱(스테디캠)|박주율(지미집)|신진우(지미집)|김학서(특수촬영)|고근(특수촬영)|신혜주(특수촬영)|이민재(특수촬영)|김영환(특수촬영)|김승호(특수촬영)|우금호(촬영장비)|우지수(촬영장비)|황용근(촬영장비)|최태현(촬영장비)|이상조(촬영장비)|신태섭(조명)|이태환(조명팀)|김영제(조명팀)|이철진(조명팀)|윤재국(조명팀)|배대길(조명팀)|김송근(조명팀)|이정현(조명팀)|김현중(발전차)|홍기호(발전차)|김태훈(발전차)|전종원(발전차)|이상정(발전차)|조정권(조명장비)|이우점(조명장비)|이태훈(미술/프로덕션 디자인)|이진형(아트디렉터)|정효진(미술팀)|김지민(미술팀)|마서연(미술팀)|김신념(미술팀)|김슬기(미술팀)|진성혁(세트)|최유진(세트팀)|박준규(세트팀)|박흥용(세트팀)|전세현(세트팀)|우용길(세트팀)|주연결(세트팀)|박민석(세트팀)|김진태(세트팀)|김정인(세트팀)|심용보(세트팀)|최호민(세트팀)|최희용(세트팀)|서경석(세트팀)|정인철(세트팀)|최홍섭(세트팀)|김정민(세트팀)|박소진(세트미술팀)|김정미(세트미술팀)|이유리(세트미술팀)|이진영(세트미술팀)|김창민(세트미술팀)|성대명(세트미술팀)|최지훈(세트미술팀)|최지현(세트미술팀)|장석호(소품)|강용준(소품팀)|김서후(소품팀)|전은진(소품팀)|성유진(소품팀)|송민영(소품팀)|이하연(소품팀)|박종근(동시녹음)|정형기(붐오퍼레이터)|금경배(붐오퍼레이터)|이은경(의상)|문자운(의상팀)|정상이(의상팀)|이윤하(의상팀)|김상범(의상차)|전영민(분장)|임나래(분장팀)|이혜연(분장팀)|최하연(분장팀)|권문경(분장팀)|이유순(분장팀)|이기호(특수분장)|김성현(특수분장)|이의진(특수분장)|신지혜(특수분장)|김병수(특수분장)|정유슬(특수분장)|권은정(특수분장)|설하운(특수분장)|피대성(특수분장)|김성구(분장차)|고현웅(액션/스턴트)|홍의정(액션/스턴트팀)|탁환의(액션/스턴트팀)|정효경(액션/스턴트팀)|정택호(액션/스턴트팀)|임태훈(액션/스턴트팀)|임승묵(액션/스턴트팀)|임동은(액션/스턴트팀)|이혜미(액션/스턴트팀)|이용문(액션/스턴트팀)|이동민(액션/스턴트팀)|박광설(액션/스턴트팀)|김승필(액션/스턴트팀)|김선간(액션/스턴트팀)|이학렬(액션/스턴트팀)|심상민(액션/스턴트팀)|이상철(액션/스턴트팀)|최재욱(액션/스턴트팀)|권혁석(액션/스턴트팀)|김도형(특수효과)|김만성(특수효과)|정종배(특수효과)|홍장표(특수효과)|장남국(특수효과팀)|고창환(특수효과팀)|승세현(특수효과팀)|배한준(특수효과팀)|편준혁(특수효과팀)|이재준(특수효과팀)|이지훈(특수효과팀)|추석훈(특수효과팀)|이진욱(특수효과팀)|박주연(특수효과팀)|피대성(특수소품)|정지은(편집)|김지원(편집팀)|최차미(편집팀)|목영진(음악)|서찬슬(음악진행)|민우선(음악진행)|김이영(음악진행)|박주강(사운드)|안효진(대사)|박지유(대사)|최은아(대사)|문철우(사운드효과)|이정호(사운드효과)|박주강(사운드효과)|김용국(폴리)|이다희(홍보/마케팅 진행)|임수지(온라인마케팅)|최정원(온라인마케팅)|양예진(온라인마케팅)|여진달래(온라인마케팅)|최지애(온라인마케팅)|조수정(온라인마케팅)|김현지(온라인마케팅)|정미경(온라인마케팅)|이유진(온라인마케팅)|유현진(광고디자인)|박시영(광고디자인)|조원진(스틸)|송경섭(스틸)|천성수(메이킹필름)|이선주(메이킹필름)|이미림(메이킹필름)|장현지(메이킹필름)|조은지(메이킹필름)|최용진(메이킹필름)|정상화(메이킹필름)|김수빈(예고편)|이택수(예고편)|김서현(예고편)|김정은(예고편)|이창준(예고편)|이동근(예고편)|박상은(광고동영상)|김유경(배급진행)|유상현(배급진행)|권현이(배급진행)|양정민(배급진행)|옥진주(배급진행)|원석희(배급진행)|문형식(배급진행)|정현석(배급진행)|박성윤(배급진행)|김규리(캐스팅)|장현진(캐스팅)|장덕진(캐스팅)|엄광애(식당차)|차맹회(식당차)|박수야(기타)|유현아(기타)|유진아(기타)|우해정(기타)|김후식(기타)|신승호(기타)|권순호(기타)|김기석(기타)|박정호(기타)|최현(기타)|최영환(기타)|박인규(기획)|김용대(기획)|김찬빈(기획진행)|김소희(기획진행)|김예진(기획진행)|김서연(기획진행)|최진호(시각효과)|이문선(VFX 슈퍼바이저)|박영준(VFX 슈퍼바이저)|손동범(VFX 슈퍼바이저)|김세규(VFX 슈퍼바이저)|김선아(VFX 아티스트)|박혜수(VFX 아티스트)|남기웅(VFX 아티스트)|전수연(VFX 아티스트)|박지현(VFX 아티스트)|양정모(VFX 아티스트)|유효은(VFX 아티스트)|여인준(VFX 아티스트)|이인범(VFX 아티스트)|박준혁(VFX 아티스트)|권혁준(VFX 아티스트)|김민정(VFX 아티스트)|이엄지(VFX 아티스트)|이서희(VFX 아티스트)|정보경(VFX 아티스트)|박종률(VFX 아티스트)|나은호(VFX 아티스트)|이서하(VFX 아티스트)|유영빈(VFX 아티스트)|전여진(VFX 아티스트)|이제하(VFX 아티스트)|정다영(VFX 아티스트)|유자영(VFX 아티스트)|정하연(VFX 아티스트)|이하영(VFX 아티스트)|석경호(VFX 매니지먼트)|전지은(VFX 매니지먼트)|이명진(VFX 매니지먼트)|김혜강(VFX 매니지먼트)|이예니(VFX 매니지먼트)|현하나(VFX 매니지먼트)|정종길(DI팀)|최문희(DI팀)|김기문(DI팀)|강소연(DI팀)|정원석(DI팀)|이병희(DI팀)|백정훈(DI팀)|유선우(DI팀)|김예원(DI팀)|오태연(DI팀)|박현진(DI팀)|강민주(DI팀)|윤석일(DI팀)|박진호(DI팀)|최지현(홍보/마케팅 진행)|맹시운(홍보/마케팅 진행)|한지열(홍보/마케팅 진행)|장희연(홍보/마케팅 진행)|채민경(홍보/마케팅 진행)|최은록(홍보/마케팅 진행)|이나리(홍보/마케팅 진행)|이채현(홍보/마케팅 진행)
20244167,수퍼 소닉3,Sonic the Hedgehog 3,,2024,20250101,109,개봉,장편,미국,애니메이션,제프 파울러,짐 캐리|벤 슈왈츠|제임스 마스던|티카 섬터|이드리스 엘바|키아누 리브스,파라마운트 픽쳐스(제작사)|롯데컬처웍스(주)롯데엔터테인먼트(배급사)|롯데컬처웍스(주)롯데엔터테인먼트(수입사),2024-MF03280 (전체관람가),
20246361,뽀로로 극장판 바닷속 대모험,Pororo movie Underwater adventure,,2024,20250101,71,개봉,장편,한국,애니메이션,윤제완,이선|이미자|함수정|홍소영|정미숙|김서영|김환진|한신|엄상현|윤용식,(주)오콘(제작사)|씨제이 씨지브이(CJ CGV)(주)(배급사),2024-MF02903 (전체관람가),이지은(사운드팀)|이준희(투자)|김지현(투자)|이주현(투자)|최광민(투자)|최정순(투자)|김승현(투자)|김학윤(투자)|진성태(투자)|우지희(제작)|김일호(제작)|박현국(프로듀서)|김현호(프로듀서)|박윤정(제작관리)|박기태(제작관리)|진성환(제작관리)|김대석(제작관리)|선경이(제작관리)|박수빈(제작관리)|송민재(제작관리)|마진희(제작관리)|이소연(제작관리)|장현락(제작관리)|김우정(제작관리)|박경훈(제작관리)|박정훈(제작관리)|윤수정(제작관리)|김동현(제작관리)|김기언(제작관리)|김미경(제작관리)|이원식(시나리오(각본))|윤제완(각색)|이다운(연출팀)|계원준(연출팀)|김형선(연출팀)|황미령(연출팀)|안상욱(연출팀)|조연성(연출팀)|이다운(스토리보드)|계원준(스토리보드)|이의국(스토리보드)|김형선(스토리보드)|황미령(스토리보드)|안상욱(스토리보드)|조연성(스토리보드)|윤제완(편집)|김정아(음악)|서다람(음악진행)|서준영(음악진행)|서준영(작사/작곡/편곡)|서유원(작사/작곡/편곡)|윤주현(작사/작곡/편곡)|박진현(작사/작곡/편곡)|최창국(작사/작곡/편곡)|김정아(작사/작곡/편곡)|권남우(음악 믹싱/레코딩)|지민정(사운드)|조일오(사운드)|이학준(사운드디자이너)|이지은(사운드디자이너)|파린슐츠(사운드디자이너)|전재민(사운드디자이너)|김세광(사운드디자이너)|김세광(사운드믹싱)|선수민(작화감독)|김석동(애니메이션팀)|김은경(애니메이션팀)|윤원식(애니메이션팀)|채종철(애니메이션팀)|김소현(애니메이션팀)|이혜진(애니메이션팀)|김송이(애니메이션팀)|서근석(애니메이션팀)|고진영(애니메이션팀)|고남윤(애니메이션팀)|김종환(애니메이션팀)|김은경(애니메이션팀)|윤원식(애니메이션팀)|설수완(애니메이션팀)|정유내(애니메이션팀)|김성빈(애니메이션팀)|장대현(애니메이션팀)|김영수(애니메이션팀)|백지원(애니메이션팀)|김주영(애니메이션팀)|백승민(애니메이션팀)|김동효(애니메이션팀)|이연주(애니메이션팀)|박서희(애니메이션팀)|이효정(애니메이션팀)|조승민(애니메이션팀)|이은비(애니메이션팀)|강지혜(애니메이션팀)|이경은(애니메이션팀)|문상해(애니메이션팀)|엄태균(애니메이션팀)|조영재(애니메이션팀)|차은미(애니메이션팀)|김단욱(애니메이션팀)|강혜수(애니메이션팀)|황해원(애니메이션팀)|박한나(애니메이션팀)|김형민(애니메이션팀)|이창호(애니메이션팀)|김슬아(애니메이션팀)|윤주병(애니메이션팀)|신현규(애니메이션팀)|서병건(애니메이션팀)|방수영(애니메이션팀)|박수현(애니메이션팀)|설수완(애니메이션팀)|정유내(애니메이션팀)|김성빈(애니메이션팀)|장대현(애니메이션팀)|김영수(애니메이션팀)|백지원(애니메이션팀)|김주영(애니메이션팀)|백승민(애니메이션팀)|김동효(애니메이션팀)|이연주(애니메이션팀)|박서희(애니메이션팀)|이효정(애니메이션팀)|조승민(애니메이션팀)|이은비(애니메이션팀)|강지혜(애니메이션팀)|이경은(애니메이션팀)|문상해(애니메이션팀)|김형민(애니메이션팀)|이창호(애니메이션팀)|김슬아(애니메이션팀)|선수민(애니메이션팀)|윤주병(애니메이션팀)|엄태균(애니메이션팀)|조영재(애니메이션팀)|차은미(애니메이션팀)|김단욱(애니메이션팀)|강혜수(애니메이션팀)|신현규(애니메이션팀)|황해원(애니메이션팀)|박한나(애니메이션팀)|서병건(애니메이션팀)|방수영(애니메이션팀)|황성현(애니메이션팀)|이석관(애니메이션팀)|박민교(애니메이션팀)|박세희(애니메이션팀)|지승호(애니메이션팀)|최정환(애니메이션팀)|이선영(애니메이션팀)|이정원(애니메이션팀)|유태훈(애니메이션팀)|이상숙(애니메이션팀)|김유신(애니메이션팀)|이상현(애니메이션팀)|이연지(애니메이션팀)|조은(애니메이션팀)|황성욱(애니메이션팀)|김단비(애니메이션팀)|고남윤(애니메이션팀)|김수안(애니메이션팀)|이정은(애니메이션팀)|장경국(애니메이션팀)|차가영(애니메이션팀)|안다은(애니메이션팀)|박용하(애니메이션팀)|우예미(애니메이션팀)|계원준(애니메이션팀)|김미경(애니메이션팀)|박지해(애니메이션팀)|박주현(애니메이션팀)|김정한(애니메이션팀)|양나은(애니메이션팀)|이두표(애니메이션팀)|이다정(애니메이션팀)|오선화(애니메이션팀)|오창훈(애니메이션팀)|이인준(애니메이션팀)|오창문(애니메이션팀)|백명현(애니메이션팀)|한예슬(애니메이션팀)|석다겸(애니메이션팀)|이인서(애니메이션팀)|최정환(애니메이션팀)|김길옥(애니메이션팀)|이인준(애니메이션팀)|이형신(애니메이션팀)|김도욱(애니메이션팀)|유슬기(애니메이션팀)|신현규(애니메이션팀)|서동해(애니메이션팀)|허현(애니메이션팀)|신희석(애니메이션팀)|오창문(애니메이션팀)|이찬희(DI팀)|김현지(DI팀)|이성현(DI팀)|정고은(DI팀)|이호우(DI팀)|주영견(DI팀)|이지은(DI팀)|김제현(DI팀)|최겸(DI팀)|우석인(DI팀)|박용운(DI팀)|장동원(DI팀)|김원학(DI팀)|이혜민(DI팀)|김형석(DI팀)|손승현(DI팀)|최은석(DI팀)|김민지(홍보/마케팅 진행)|이지헌(홍보/마케팅 진행)|유은아(홍보/마케팅 진행)|구이현(홍보/마케팅 진행)|신노을(홍보/마케팅 진행)|이유정(홍보/마케팅 진행)|김동현(홍보/마케팅 진행)|박현국(홍보/마케팅 진행)|박한진(온라인마케팅)|최진희(온라인마케팅)|정수연(온라인마케팅)|김지은(온라인마케팅)|조아현(온라인마케팅)|권나경(온라인마케팅)|임성윤(온라인마케팅)|김규민(온라인마케팅)|조윤서(온라인마케팅)|김호진(온라인마케팅)|이유진(광고디자인)|장샛별(광고디자인)|한태경(광고디자인)|김여진(광고디자인)|김우정(광고디자인)|김여진(광고디자인)|박해영(광고디자인)|박혜민(광고디자인)|허윤정(광고디자인)|고유림(예고편)|최용진(예고편)|정상화(예고편)|김태준(광고대행)|이유진(배급진행)|길민성(배급진행)|손지아(배급진행)|최윤혁(배급진행)|전경준(배급진행)|우현주(배급진행)|윤대길(배급진행)|이범수(배급진행)|송희운(배급진행)|변지원(배급진행)|서지현(배급진행)|임태령(배급진행)|장지연(배급진행)|전정현(배급진행)|김종원(배급진행)|조진호(배급진행)|박수야(기타)|유현아(기타)|유진아(기타)|우해정(기타)
20240193,무파사: 라이온 킹,Mufasa: The Lion King,,2024,20241218,117,개봉,장편,미국,애니메이션,배리 젠킨스,켈빈 해리슨 주니어|존 카니|세스 로건|매즈 미켈슨|탠디 뉴튼|비욘세 놀즈,월트디즈니컴퍼니코리아 유한책임회사(배급사)|월트디즈니컴퍼니코리아 유한책임회사(수입사),2024-MF03235 (전체관람가),
20240737,모아나 2,MOANA 2,,2024,20241127,99,개봉,장편,미국|캐나다,애니메이션,데이브 데릭 주니어,아우이 크라발호|드웨인 존슨,월트디즈니컴퍼니코리아 유한책임회사(배급사)|월트디즈니컴퍼니코리아 유한책임회사(수입사),2024-MF03026 (전체관람가),
20245977,극장판 짱구는 못말려: 우리들의 공룡일기,Crayon Shinchan the Movie: Our Dinosaur Diary,映画クレヨンしんちゃん オラたちの恐竜日記,2024,20241218,105,개봉,장편,일본,애니메이션,사사키 시노부,박영남|강희선|김환진,(주)씨제이이엔엠(배급사)|(주)씨제이이엔엠(수입사)|(사)한국농아인협회(가치봄 제작처)|한국시각장애인연합회(가치봄 제작처),2024-MF03027 (전체관람가),모랄(시나리오(각본))
20247693,위키드,Wicked,,2024,20241120,160,개봉,장편,미국,판타지|뮤지컬,존 추,신시아 에리보|아리아나 그란데|조나단 베일리|양자경|제프 골드블럼,유니버설픽쳐스인터내셔널 코리아(유)(배급사)|유니버설픽쳐스인터내셔널 코리아(유)(수입사),2024-MF02795(전체관람가),
20244850,시빌 워: 분열의 시대,Civil War,,2024,20241231,109,개봉,장편,미국,액션|전쟁|드라마,알렉스 가랜드,커스틴 던스트|케일리 스패니|와그너 모라|스티븐 헨더슨|제시 플레먼스|닉 오퍼맨,(주)마인드마크(배급사)|(주)더쿱디스트리뷰션(수입사)|(주)마인드마크(제공)|콘텐츠웨이브(주)(공동제공)|(주)하이스트레인저(공동제공),2024-MF0256(15세이상관람가),
20248082,동화지만 청불입니다,FORBIDDEN FAIRYTALE,,2024,20250108,109,개봉,장편,한국,코미디,이종석,박지현|최시원|성동일|박건일|황세온|설우인|박철민|김영아|이시엘|남중규|이정형|곽자형|김창환|황현빈|문진승|최재희|박호산|김서라|최병모|김범중|차경찬|백한솔|이주미,골드독엔터테인먼트(주)(제작사)|(주)기억속의매미(제작사)|(주)영화사수작(공동제작사)|(주)마노엔터테인먼트(공동제작사)|(주)미디어캔(배급사)|(주)영화특별시에스엠씨(배급사)|(주)미디어캔(제공)|(주)바른손이앤에이(해외세일즈사),2024-MF02977(청소년관람불가),김경호(사운드팀)|김형준(조명팀)|강운혁(조명팀)|김완기(조명팀)|박진아(조명팀)|이혜정(조명팀)|박유나(조명팀)|차호준(조명팀)|김철환(조명팀)|임수열(조명팀)|곽형섭(조명팀)|함승오(발전차)|문경훈(발전차)|정경우(미술/프로덕션 디자인)|양홍삼(미술/프로덕션 디자인)|김예원(미술팀)|김예건(미술팀)|김가은(미술팀)|서유진(미술팀)|박석희(미술팀)|김완재(미술팀)|양홍삼(세트)|한가람(소품)|정준(소품팀)|전영기(동시녹음)|조유현(붐오퍼레이터)|전석민(동시녹음팀)|김다정(의상)|양성화(의상팀)|임지연(의상팀)|최경희(분장)|김경연(분장팀)|김남지(분장팀)|김지오(분장팀)|최경희(헤어)|서광주(분장차)|양길영(액션/스턴트)|정주영(액션/스턴트팀)|김현이(액션/스턴트팀)|장주완(액션/스턴트팀)|서승억(액션/스턴트팀)|이철우(액션/스턴트팀)|정종배(특수효과)|배재현(특수효과팀)|고창환(특수효과팀)|이재준(특수효과팀)|전영훈(특수효과팀)|이창대(특수효과팀)|오병연(특수차량)|정원종(특수차량)|김선민(편집)|유지원(편집팀)|홍임수(편집팀)|황은주(편집팀)|박만희(음악)|공태원(사운드)|공태원(사운드디자이너)|공태원(사운드믹싱)|한승희(대사)|전애린(대사)|김진주(대사)|서지원(사운드효과)|노효진(폴리)|김한열(폴리)|문재홍(폴리)|박혜미(투자)|최재영(투자)|진재훈(투자)|최문수(투자)|강정임(투자)|김숙영(투자)|송재헌(투자)|이영환(투자)|연동은(투자)|김동현(투자)|신다운(투자)|서희석(투자)|이성운(투자)|황재상(투자)|양성욱(투자)|현승호(투자)|유옥근(투자)|김봉주(투자)|오미선(제작)|이재민(제작)|강태우(제작)|강문석(제작)|김봉주(제작)|박재수(제작)|이재민(프로듀서)|임민재(라인프로듀서)|김승주(제작팀)|김찬구(제작팀)|이지은(제작팀)|신수정(제작팀)|박용두(로케이션매니저)|박재형(로케이션매니저)|조혜지(제작관리)|윤종환(제작관리)|임민재(제작관리)|이지은(제작관리)|김서영(제작관리)|박미정(제작관리)|김지희(데이타매니저)|윤주훈(시나리오(각본))|윤진(각색)|권유선(각색)|이종석(각색)|정가영(윤색)|전용덕(조감독)|홍성우(연출팀)|김서영(스크립터)|정윤희(스토리보드)|정윤선(스토리보드)|신현진(현장편집)|김지현(촬영)|정종헌(카메라오퍼레이터)|박지운(촬영팀)|김민섭(촬영팀)|정소영(촬영팀)|차민선(촬영팀)|황강연(촬영팀)|구정서(촬영팀)|손성규(촬영팀)|홍시원(그립)|홍철기(그립)|배재연(촬영장비)|강동건(조명)|오미경(기획)|이성남(시각효과)|박시환(VFX 슈퍼바이저)|박명성(VFX 슈퍼바이저)|방현빈(VFX 슈퍼바이저)|원재연(VFX 슈퍼바이저)|이정복(VFX 슈퍼바이저)|김현종(VFX 슈퍼바이저)|김정수(VFX 슈퍼바이저)|박이정(VFX 아티스트)|이동원(VFX 아티스트)|송채연(VFX 아티스트)|정태연(VFX 아티스트)|강은수(VFX 아티스트)|고아름(VFX 아티스트)|여인준(VFX 아티스트)|차민지(VFX 아티스트)|한동하(VFX 아티스트)|배상민(VFX 아티스트)|윤인하(VFX 아티스트)|이상훈(VFX 아티스트)|유유경(VFX 아티스트)|김나영(VFX 아티스트)|이성용(VFX 아티스트)|조성갑(VFX 아티스트)|오주현(VFX 아티스트)|전병준(VFX 아티스트)|이유진(VFX 아티스트)|박성현(VFX 아티스트)|신민선(VFX 아티스트)|김진혁(VFX 아티스트)|우정주(VFX 아티스트)|강요섭(VFX 아티스트)|신동민(VFX 아티스트)|이상우(VFX 아티스트)|김유정(VFX 아티스트)|최혜원(VFX 아티스트)|이은혜(VFX 아티스트)|김승환(VFX 아티스트)|양재식(VFX 아티스트)|최하영(VFX 아티스트)|정민지(VFX 아티스트)|차동규(VFX 아티스트)|배진아(VFX 아티스트)|정준웅(VFX 아티스트)|김지혜(VFX 아티스트)|이서은(VFX 아티스트)|백재욱(VFX 아티스트)|문정인(VFX 아티스트)|현선희(VFX 아티스트)|이상은(VFX 아티스트)|안정호(VFX 아티스트)|이수창(VFX 아티스트)|성민규(VFX 아티스트)|송다빈(VFX 아티스트)|송상우(VFX 아티스트)|최성열(VFX 아티스트)|남태희(VFX 아티스트)|박제병(VFX 아티스트)|강성환(VFX 아티스트)|장예은(VFX 아티스트)|박희진(VFX 아티스트)|설지윤(VFX 아티스트)|한윤아(VFX 아티스트)|정형진(VFX 아티스트)|김영미(VFX 아티스트)|김동우(VFX 아티스트)|유진현(VFX 아티스트)|김성준(VFX 아티스트)|오슬기(VFX 아티스트)|왕희지(VFX 아티스트)|손연경(VFX 아티스트)|이하윤(VFX 아티스트)|이윤정(VFX 아티스트)|양우경(VFX 아티스트)|서은경(VFX 아티스트)|조미형(VFX 아티스트)|임종연(VFX 아티스트)|이시온(VFX 아티스트)|이경현(VFX 아티스트)|최나래(VFX 아티스트)|김정희(VFX 아티스트)|박주태(VFX 매니지먼트)|박재수(VFX 매니지먼트)|박근화(VFX 매니지먼트)|이나라(VFX 매니지먼트)|이동훈(VFX 매니지먼트)|박선영(VFX 매니지먼트)|고현주(VFX 매니지먼트)|고현서(VFX 매니지먼트)|박세진(VFX 매니지먼트)|권효진(VFX 매니지먼트)|김혜리(VFX 매니지먼트)|엄수혁(VFX 매니지먼트)|이동창(VFX 매니지먼트)|강민혜(VFX 매니지먼트)|조영진(VFX 매니지먼트)|이영현(VFX 매니지먼트)|이은지(VFX 매니지먼트)|우다빈(VFX 매니지먼트)|안지현(VFX 매니지먼트)|윤수진(VFX 매니지먼트)|황선우(VFX 매니지먼트)|서민부(DI팀)|박연아(DI팀)|정다운(DI팀)|제하영(DI팀)|서민경(DI팀)|이현정(DI팀)|이온유(DI팀)|정승욱(DI팀)|권윤경(DI팀)|전혜원(홍보/마케팅 진행)|임성완(홍보/마케팅 진행)|김혜린(홍보/마케팅 진행)|김민영(홍보/마케팅 진행)|김나우(홍보/마케팅 진행)|김서연(홍보/마케팅 진행)|이윤미(홍보/마케팅 진행)|박주석(홍보/마케팅 진행)|신유경(홍보/마케팅 진행)|이강희(온라인마케팅)|김혜지(온라인마케팅)|정민지(온라인마케팅)|한규정(온라인마케팅)|안근호(온라인마케팅)|이경지(온라인마케팅)|박은혜(온라인마케팅)|김혜라(온라인마케팅)|장지영(광고디자인)|윤나리(광고디자인)|이승희(포스터사진)|서지형(스틸)|조용관(메이킹필름)|박종민(예고편)|편성민(예고편)|김하나(예고편)|강진경(예고편)|서병환(예고편)|황정현(예고편)|곽가영(배급진행)|추지민(배급진행)|강문경(배급진행)|한상욱(배급진행)|이가현(배급진행)|이누리(배급진행)|백슬비(배급진행)|정승민(배급진행)|김보연(배급진행)|전수진(배급진행)|이숙현(배급진행)|황승민(배급진행)|김지연(배급진행)|김은영(배급진행)|최윤희(배급진행)|김혜지(배급진행)|연인서(배급진행)|정난미(배급진행)|윤정한(배급진행)|최길홍(캐스팅디렉터)|장덕진(캐스팅)|송진화(운송)|노미나(기타)|조태희(기타)|박수야(기타)|유현아(기타)|유진아(기타)|우해정(기타)|김준경(기타)|이다롱(기타)|김기택(기타)|강형민(기타)|박지선(기타)|정윤철(기타)|강민우(기타)
20248447,페라리,FERRARI,,2023,20250108,130,개봉,장편,미국|이탈리아|영국,드라마|액션,마이클 만,아담 드라이버|페넬로페 크루즈|쉐일린 우들리,(주)씨제이이엔엠(배급사)|주식회사 왓챠(수입사),2024-MF03312 (15세이상관람가),
20246266,데드데드 데몬즈 디디디디 디스트럭션: 파트1,DEAD DEAD DEMONS DEDEDEDE DESTRUCTION,デッドデッドデーモンズデデデデデストラクション,2024,20250108,120,개봉,장편,일본,애니메이션,,이쿠타 리라|타네자키 아츠미|이리노 미유|우치야마 코우키|스와베 준이치|타케나카 나오토,주식회사 올랄라스토리(배급사)|롯데컬처웍스(주)롯데시네마(배급사)|(주)더쿱디스트리뷰션(수입사),2024-MF02911 (15세이상관람가),
20000067,러브레터,Love Letter,ラブレタ?,1995,19991120,117,개봉,장편,일본,멜로/로맨스|드라마,이와이 슌지,나까야마 미호|토요카와 에츠시|사카이 미키,후지텔레비젼네트웍(제작사)|워터홀컴퍼니(주)(배급사)|주식회사 왓챠(배급사)|와이드 릴리즈(주)(배급사)|(주)제이앤씨미디어그룹(배급사)|(유)조이앤시네마(배급사)|(주)팝엔터테인먼트(배급사)|주식회사 왓챠(수입사)|(유)조이앤시네마(수입사)|한국영상투자개발(주)(수입사)|(유)조이앤컨텐츠그룹(수입사),99-F147(전체관람가)|2013-F61 (전체관람가)|2024-MF03209 (전체관람가),
20244762,서브스턴스,THE SUBSTANCE,,2024,20241211,141,개봉,장편,영국,스릴러,코랄리 파르쟈,데미 무어|마가렛 퀄리|데니스 퀘이드,(주)넥스트엔터테인먼트월드(NEW)(배급사)|찬란(수입사)|(주)51k(공동제공),2024-MF02871 (청소년관람불가),코랄리 파르쟈(시나리오(각본))
20235734,폭락,Crypto Man,,2024,20250115,101,개봉,장편,한국,드라마|범죄,현해리,송재림|안우연|민성욱|소희정|이승빈|손승범|장재호|함상혁|오정연|안상진|김근영|한명철,주식회사 무암(제작사)|주식회사 무암(배급사)|영화로운 형제(배급사)|주식회사 무암(해외세일즈사)|(주)이놀미디어(해외세일즈사),2024-MF03428(15세이상관람가),현해리(제작)|한상록(프로듀서)|장성학(사운드)|원일(음악)|왕성익(편집)|정새찬(데이타매니저)|이승미(데이타매니저)|현해리(시나리오(각본))|나한석(조감독)|황경현(촬영)|김현지(미술/프로덕션 디자인)|최수용(동시녹음)|현해리(기획)|손승현(시각효과)|김신철(시각효과)|우석인(DI팀)
20248508,노스페라투,Nosferatu,,2024,20250115,132,개봉,장편,미국,공포(호러),로버트 에거스,릴리 로즈 멜로디 뎁|니콜라스 홀트|빌 스카스가드|애론 테일러 존슨|윌렘 데포,유니버설픽쳐스인터내셔널 코리아(유)(배급사)|유니버설픽쳐스인터내셔널 코리아(유)(수입사),2024-MF02744 (청소년관람불가),
20111009,해리 포터와 죽음의 성물2,Harry Potter and the Deathly Hallows: Part 2,,2011,20110713,131,개봉,장편,미국,판타지|미스터리,데이빗 예이츠,다니엘 래드클리프|엠마 왓슨|루퍼트 그린트,워너브러더스 코리아(주)(배급사)|워너브러더스 코리아(주)(수입사),2011-F317 (전체관람가)|2011-F354 (전체관람가),
20247450,검은 수녀들,Dark Nuns,,2024,20250124,114,개봉,장편,한국,미스터리|드라마,권혁재,송혜교|전여빈|이진욱|문우진|김국희|신재휘|박정학|전수지|박지일|유나|최유리|오만석|마시모 피에로|아드리아나 마리아 두엘로|이경성|윤진성|신주협|허준호|강동원|한동희|홍성덕|장의돈|김성준|곽영선|배진완|강정호|김비비|윤소희|우정환|유용|박용|이주형|윤종욱|이명하|이세랑|이유근|김동률|강태웅|정현준|안도현|서하림|조유진|김하루|심혜주|유하랑|공이연|문경초|한나라|김병철|엄모세|이종훈|조유라|박준호|조강민|토마스 프레데릭센|손문영|이은경|맹주원,영화사 집(제작사)|(주)넥스트엔터테인먼트월드(NEW)(배급사)|(주)넥스트엔터테인먼트월드(NEW)(제공),2024-MF03448 (15세이상관람가),오효진(제작)|이유진(제작)|윤응한(프로듀서)|최해원(라인프로듀서)|신이은(제작팀)|고은실(제작팀)|정조은(제작팀)|권광현(제작팀)|이정수(제작팀)|박영준(제작팀)|이순혁(제작팀)|박근용(제작팀)|유상현(제작팀)|이신희(제작팀)|김벼리(제작팀)|오가희(제작팀)|강두경(제작팀)|이재운(제작팀)|이치화(제작팀)|이관민(제작팀)|추병조(제작팀)|주형주(제작팀)|김주은(제작팀)|조은아(제작팀)|박득연(제작팀)|공은혁(제작팀)|박성희(제작팀)|송기영(제작팀)|오휘웅(제작팀)|허성우(제작팀)|김동욱(제작팀)|배은혜(제작팀)|정유진(제작회계)|이혜원(제작관리)|유미정(제작관리)|박도현(제작관리)|정유진(제작관리)|송기영(제작관리)|한승완(데이타매니저)|임필성(스토리)|박수민(스토리)|오효진(각색)|문대영(조감독)|강아름(연출팀)|김진환(연출팀)|이제욱(연출팀)|이재호(연출팀)|신율혜(스크립터)|장강희(스토리보드)|전예란(현장편집)|최찬민(촬영)|김형섭(카메라오퍼레이터)|조동선(촬영팀)|송정현(촬영팀)|이정현(촬영팀)|박성용(촬영팀)|김민주(촬영팀)|안준희(촬영팀)|김가영(촬영팀)|임진우(촬영팀)|유준상(촬영팀)|정성준(촬영팀)|정현수(그립)|김동선(그립)|한용준(그립)|정동원(그립)|곽한진(그립)|김효성(그립)|최운진(그립)|김권웅(특수촬영)|명진희(특수촬영)|김준희(특수촬영)|천화종(특수촬영)|박민수(특수촬영)|이승규(특수촬영)|이철오(조명)|장하림(조명팀)|이남기(조명팀)|김건우(조명팀)|윤보현(조명팀)|고성윤(조명팀)|장한별(조명팀)|이진명(조명팀)|이찬희(조명팀)|김민호(조명팀)|김주희(조명팀)|최승건(조명팀)|박규태(조명팀)|김혜진(조명팀)|강현우(조명팀)|김근영(조명팀)|김이석(조명팀)|최민석(조명팀)|이민석(조명팀)|김종엽(조명팀)|박진종(조명팀)|권영실(조명팀)|이홍기(조명팀)|이상문(조명팀)|손정원(조명팀)|김영찬(조명팀)|황종수(조명팀)|이주성(조명팀)|차민수(조명팀)|석정호(조명팀)|김종환(조명팀)|홍석봉(조명팀)|홍기범(발전차)|나옥영(발전차)|김치국(조명장비)|한두형(조명장비)|홍기호(조명장비)|박규빈(미술/프로덕션 디자인)|조화성(미술/프로덕션 디자인)|박소영(미술팀)|신주현(미술팀)|이미소(미술팀)|김윤지(미술팀)|전은총(미술팀)|곽호정(미술팀)|이상준(세트)|이봉우(세트)|강무성(세트)|김병인(세트팀)|박건도(세트팀)|서윤원(세트팀)|김열린이(세트미술팀)|최지훈(세트미술팀)|최지현(세트미술팀)|박수원(세트미술팀)|박준영(세트미술팀)|이경수(소품)|강동훈(소품)|차호현(소품팀)|김훈희(소품팀)|형윤석(소품팀)|강지원(소품팀)|김다희(소품팀)|강예진(소품팀)|김재희(소품팀)|김재민(소품팀)|박종근(동시녹음)|문광무(붐오퍼레이터)|김훈동(붐오퍼레이터)|금경배(붐오퍼레이터)|박서영(동시녹음팀)|윤정희(의상)|신혜정(의상팀)|황민영(의상팀)|김선희(의상팀)|김다솔(의상팀)|박종화(의상차)|권수경(분장)|문순정(분장팀)|장수빈(분장팀)|천승미(분장팀)|강내현(분장팀)|이의진(특수분장)|박상현(특수분장)|지석호(특수분장)|박별이(특수분장)|최지혜(특수분장)|배경서(특수분장)|정다운(특수분장)|강민수(특수분장)|남윤서(특수분장)|이고운(특수분장)|신지혜(특수분장)|김유선(특수분장)|박소연(특수분장)|이효응(특수분장)|박신영(특수분장)|이희은(특수분장)|곽태용(특수분장)|황효균(특수분장)|안광복(분장차)|임효우(액션/스턴트)|이건문(액션/스턴트)|박지선(액션/스턴트팀)|김태환(액션/스턴트팀)|박원진(액션/스턴트팀)|정택호(액션/스턴트팀)|김태야(액션/스턴트팀)|김현이(액션/스턴트팀)|김희태(특수효과)|최영웅(특수효과)|박경수(특수효과)|장남국(특수효과팀)|김시완(특수효과팀)|우건민(특수효과팀)|김건우(특수효과팀)|조가예(특수효과팀)|이찬민(특수효과팀)|최민준(특수효과팀)|이동호(특수효과팀)|김창석(특수효과팀)|김도연(특수소품)|김설희(특수소품)|조경문(특수소품)|구용우(특수소품)|박정빈(특수소품)|이태욱(특수소품)|엄세용(특수소품)|곽태용(특수소품)|황효균(특수소품)|신민경(편집)|김수현(편집팀)|허지운(편집팀)|이가람(편집팀)|김태성(음악)|김바로(음악진행)|황병준(음악 믹싱/레코딩)|박문수(음악 믹싱/레코딩)|최태영(사운드)|조예진(사운드디자이너)|박찬웅(사운드믹싱)|최태영(사운드믹싱)|홍슬기(대사)|정은지(대사)|예은지(대사)|배유리(대사)|최재윤(사운드효과)|김민지(폴리)|신이나(폴리)|이충규(폴리)|이미지(사운드팀)|장동은(사운드팀)|문정욱(사운드팀)|최시원(사운드팀)|강혜영(사운드팀)|조현진(사운드팀)|심유경(사운드팀)|우석인(DI팀)|박용운(DI팀)|장동원(DI팀)|김원학(DI팀)|최은석(DI팀)|이혜민(DI팀)|손승현(DI팀)|김형석(DI팀)|김민진(홍보/마케팅 진행)|강현우(홍보/마케팅 진행)|최예림(홍보/마케팅 진행)|전원희(홍보/마케팅 진행)|신보영(홍보/마케팅 진행)|강효미(홍보/마케팅 진행)|이윤정(홍보/마케팅 진행)|차매옥(홍보/마케팅 진행)|김하수(홍보/마케팅 진행)|최윤정(온라인마케팅)|지유나(온라인마케팅)|오병욱(온라인마케팅)|김재윤(온라인마케팅)|조인혜(온라인마케팅)|진가은(온라인마케팅)|박예지(온라인마케팅)|김민정(온라인마케팅)|이은진(온라인마케팅)|김진희(온라인마케팅)|전혜숙(온라인마케팅)|유현진(광고디자인)|박시영(광고디자인)|홍장현(포스터사진)|노주한(포스터사진)|김하람(스틸)|노주한(스틸)|현정혜(메이킹필름)|이상희(메이킹필름)|황병현(메이킹필름)|조용관(메이킹필름)|최혜린(예고편)|이춘목(예고편)|진영범(예고편)|김지은(예고편)|김나연(예고편)|배정현(예고편)|신의철(예고편)|최승원(예고편)|박진선(광고대행)|김태준(광고대행)|황혁순(배급진행)|정미해(배급진행)|박준성(캐스팅)|한원섭(캐스팅)|이명근(캐스팅)|김정현(캐스팅)|백상현(캐스팅)|김경태(캐스팅)|추병현(캐스팅)|전범수(기타)|정재화(VFX 아티스트)|조용현(VFX 아티스트)|정담(VFX 아티스트)|국두람(VFX 아티스트)|신혜림(VFX 아티스트)|오은채(VFX 아티스트)|이성민(VFX 아티스트)|권영국(VFX 아티스트)|김희애(VFX 아티스트)|임지영(VFX 아티스트)|김동균(VFX 아티스트)|이상훈(VFX 아티스트)|이호현(VFX 아티스트)|김일태(VFX 아티스트)|정희원(VFX 아티스트)|박경섭(VFX 아티스트)|김유은(VFX 아티스트)|류지혜(VFX 아티스트)|전민지(VFX 아티스트)|김소나(VFX 아티스트)|이유민(VFX 아티스트)|오선미(VFX 아티스트)|이현준(VFX 아티스트)|박성수(VFX 아티스트)|정영빈(VFX 아티스트)|이현창(VFX 아티스트)|김현태(VFX 아티스트)|이혜준(VFX 아티스트)|조성희(VFX 매니지먼트)|김다솜(VFX 매니지먼트)|김은진(VFX 매니지먼트)|윤성민(VFX 매니지먼트)|김진희(VFX 매니지먼트)|한현국(VFX 매니지먼트)|유희란(VFX 매니지먼트)|이승현(VFX 매니지먼트)|허유림(VFX 매니지먼트)|유지혜(VFX 매니지먼트)|김지현(VFX 매니지먼트)|함혜진(VFX 매니지먼트)|이혜수(VFX 매니지먼트)|임유진(VFX 매니지먼트)|김유민(VFX 매니지먼트)|신윤호(VFX 매니지먼트)|이경재(VFX 매니지먼트)|최가영(VFX 매니지먼트)|한태훈(VFX 매니지먼트)|김세연(VFX 매니지먼트)|박상호(VFX 매니지먼트)|황현철(VFX 매니지먼트)|허유림(VFX 매니지먼트)|김지현(VFX 매니지먼트)|김파랑(VFX 매니지먼트)|김수진(타이틀)|김준서(DI팀)|김현지(DI팀)|이성현(DI팀)|정고은(DI팀)|이윤아(DI팀)|이호우(DI팀)|주영견(DI팀)|이지은(DI팀)|김제현(DI팀)|최겸(DI팀)|이강백(시각효과)|박성진(시각효과)|조경훈(VFX 슈퍼바이저)|박상철(VFX 슈퍼바이저)|정석재(VFX 슈퍼바이저)|김성춘(VFX 슈퍼바이저)|황인원(VFX 슈퍼바이저)|양오석(VFX 슈퍼바이저)|이상헌(VFX 슈퍼바이저)|서유리(VFX 슈퍼바이저)|박성진(VFX 슈퍼바이저)|윤우현(VFX 슈퍼바이저)|김형기(VFX 슈퍼바이저)|이인성(VFX 슈퍼바이저)|윤동욱(VFX 슈퍼바이저)|이진희(VFX 슈퍼바이저)|손형록(VFX 슈퍼바이저)|이소영(VFX 슈퍼바이저)|양시은(VFX 슈퍼바이저)|염도선(VFX 슈퍼바이저)|이승연(VFX 아티스트)|김선아(VFX 아티스트)|이은비(VFX 아티스트)|조연우(VFX 아티스트)|조재연(VFX 아티스트)|석지나(VFX 아티스트)|권병학(VFX 아티스트)|김승범(VFX 아티스트)|최수연(VFX 아티스트)|조원용(VFX 아티스트)|임수진(VFX 아티스트)|임지훈(VFX 아티스트)|김주연(VFX 아티스트)|임영운(VFX 아티스트)|신동녘(VFX 아티스트)|변지은(VFX 아티스트)|강민지(VFX 아티스트)|임영은(VFX 아티스트)|김근영(VFX 아티스트)|이세림(VFX 아티스트)|김혜주(VFX 아티스트)|이진아(VFX 아티스트)|강혜원(VFX 아티스트)|박준혁(VFX 아티스트)|양정연(VFX 아티스트)|김승진(VFX 아티스트)|송영은(VFX 아티스트)|김재곤(VFX 아티스트)|이유정(VFX 아티스트)|박연지(VFX 아티스트)|장사라(VFX 아티스트)|손윤혜(VFX 아티스트)|차은서(VFX 아티스트)|김수정(VFX 아티스트)|이영상(VFX 아티스트)|유지숙(VFX 아티스트)|김청(VFX 아티스트)|이옥환(VFX 아티스트)|김지은(VFX 아티스트)|최현지(VFX 아티스트)|박주영(VFX 아티스트)|김지원(VFX 아티스트)|차현민(VFX 아티스트)|양시몬(VFX 아티스트)
20233006,히트맨2,HITMAN2,,2023,20250122,118,개봉,장편,한국,코미디|액션,최원섭,권상우|정준호|이이경|황우슬혜|김성오|이지원|송윤하|오충근|김태완,베리굿스튜디오(주)(제작사)|스튜디오타겟(주)(제작사)|슈퍼파워스튜디오 주식회사(제작사)|(주)바이포엠스튜디오(배급사)|(주)바이포엠스튜디오(제공)|주식회사 케이티스튜디오지니(해외세일즈사),2025-MF00017 (15세이상관람가),나혜영(투자)|김도연(투자)|조성걸(투자)|정재훈(투자)|한상일(투자)|유귀선(투자)|고아라(투자)|김도연(제작)|권상우(제작)|최원섭(제작)|조성걸(제작)|허웅(프로듀서)|최현빈(제작팀)|기정은(제작회계)|최유정(데이타매니저)|최원섭(시나리오(각본))|신중렬(시나리오(각본))|조성걸(각색)|백종원(연출팀)|남동근(촬영)|심학수(그립)|이정현(조명)|강승용(미술/프로덕션 디자인)|김햇빛(미술팀)|김양곤(세트)|김윤석(소품)|김용구(동시녹음)|박종우(동시녹음팀)|김현주(의상)|홍수희(의상)|정보아(의상팀)|김진숙(분장)|추소미(분장팀)|김진숙(헤어)|김세희(특수분장)|윤황직(특수분장)|김철준(액션/스턴트)|조제웅(액션/스턴트팀)|박철용(특수효과)|하미라(편집)|박기헌(음악)|공태원(사운드)|전애린(대사)|서지원(사운드효과)|조성걸(기획)|김예신(기타)|김찬빈(기획진행)|김소희(기획진행)|김예진(기획진행)|김서연(기획진행)|양오석(시각효과)|김희애(VFX 아티스트)|이혜준(VFX 아티스트)|이진우(애니메이션팀)|오충영(DI팀)|이인성(홍보/마케팅 진행)|김송미(홍보/마케팅 진행)|박세영(홍보/마케팅 진행)|오소휘(홍보/마케팅 진행)|이다희(홍보/마케팅 진행)|여진달래(온라인마케팅)|최지애(온라인마케팅)|정미경(온라인마케팅)|양예진(온라인마케팅)|이유진(온라인마케팅)|조수정(온라인마케팅)|임수지(온라인마케팅)|최정원(온라인마케팅)|김현지(온라인마케팅)|박지인(광고디자인)|안연경(광고디자인)|전민경(광고디자인)|서기웅(광고디자인)|이창주(광고디자인)|안대호(광고디자인)|현정혜(메이킹필름)|이상희(메이킹필름)|황병현(메이킹필름)|조용관(메이킹필름)|김보은(예고편)|성진아(예고편)|장재영(예고편)|노재영(예고편)|유태인(예고편)|김동현(예고편)|박수야(인쇄)|유현아(인쇄)|유진아(인쇄)|우해정(인쇄)|조형원(매니지먼트)|박상은(기획진행)
20051060,극장판 포켓몬스터 AG: 뮤와 파동의 용사 루카리오,Pokemon: Lucario And The Mystery Of Mew,劇場版ポケットモンスター アドバンスジェネレーション 「ミュウと波導の勇者 ルカリオ」,2005,20250122,99,개봉,장편,일본,애니메이션,유야마 쿠니히코,마츠모토 리카|오오타니 이쿠에|우에다 유지,롯데컬처웍스(주)롯데엔터테인먼트(배급사)|(주)포켓몬코리아(수입사),2024-MF03186 (전체관람가),
20244381,고스트캣 앙주,Ghost Cat Anzu,,2024,20250122,94,개봉,장편,일본,애니메이션,야마시타 노부히로|쿠노 요코,모리야마 미라이|아오키 무네타카,와이드 릴리즈(주)(배급사)|(주)얼리버드픽쳐스(수입사)|(주)KNN미디어플러스(공동제공),2024-MF02818(전체관람가),
20244604,꼬마 판다 팡의 아프리카 대모험,Panda Bear in Africa,,2024,20250122,89,개봉,장편,네덜란드,애니메이션,리처드 클라우스|카스텐 킬러리치,,(주)디스테이션(배급사)|(주)엔케이컨텐츠(수입사),2024-MF01894 (전체관람가),
20246777,더 폴: 디렉터스 컷,The Fall,,2024,20241225,119,개봉,장편,영국,드라마|판타지,타셈 싱,리 페이스|카틴카 언타루,주식회사 오디언스(배급사)|주식회사 오디언스(수입사),2024-MF03061 (12세이상관람가),
20241110,아이유 콘서트 : 더 위닝,IU CONCERT : THE WINNING,,2024,20250124,123,개봉,장편,한국,공연,오윤동|이예지,이지은,씨제이포디플렉스 주식회사(제작사)|스크린엑스 스튜디오(제작사)|씨지브이 아이스콘(배급사)|씨제이포디플렉스 주식회사(배급사),2025-MF00002 (전체관람가),김건우(프로듀서)|김초윤(편집)|이승현(편집)|신준희(편집)|박건홍(편집팀)|김준서(DI팀)
20224303,귀신경찰,THUNDERSTRUCK COP,,2024,20250124,106,개봉,장편,한국,코미디,김영준,신현준|김수미|채시연|정준호|이동찬|나호숙,HJ필름(제작사)|(주)조이엔시네마(공동제작사)|(주)제이앤씨미디어그룹(배급사)|와이드 릴리즈(주)(배급사)|(주)제이앤씨미디어그룹(제공)|(주)엠디에스스피어(공동제공)|주식회사 케이무비엔터테인먼트(해외세일즈사),2024-MF03393 (12세이상관람가),김경미(제작)|장형수(프로듀서)|김성룡(프로듀서)|정상수(제작팀)|유재환(시나리오(각본))|임기식(연출팀)|심우경(포스터사진)|유아름(홍보/마케팅 진행)|심우경(스틸)
20247017,대가족,About Family,,2023,20241211,106,개봉,장편,한국,드라마|코미디,양우석,김윤석|이승기|김성령|강한나|박수영|김시우|윤채나|심희섭|길해연|이순재|김서후|강명환|이보람|이중현|배윤민,게니우스 유한회사(제작사)|롯데컬처웍스(주)롯데엔터테인먼트(배급사)|롯데컬처웍스(주)롯데엔터테인먼트(제공)|오거스트벤처파트너스 유한회사(공동제공)|(사)한국농아인협회(가치봄 제작처)|한국시각장애인연합회(가치봄 제작처),2024-MF02842(12세이상관람가),송수현(프로듀서)|장유정(프로듀서)|고창희(제작팀)|양우석(시나리오(각본))|조원동(각색)|신동영(조감독)|박하민(촬영팀)|엄혜정(촬영팀)|손원호(촬영)|김영희(VFX 아티스트)|신현민(VFX 매니지먼트)|최한아(배급진행)
20223819,말할 수 없는 비밀,Secret: Untold Melody,,2021,20250127,103,개봉,장편,한국,판타지|멜로/로맨스,서유민,도경수|원진아|신예은|강말금|강경헌|임성재|안승균|김욱|오경화|조한준|김규선|공현지|배성우|하윤희|이채린|유예린|정해진|방예인|김윤우|공유림|조승희|김은비|김하송|백지혜|김강민|권반석|한동균|안미라|김영조|김선희|최상재,(주)하이브미디어코프(제작사)|메가박스중앙(주) 플러스엠 엔터테인먼트(배급사)|쏠레어파트너스(유)(제공)|(주)하이그라운드(공동제공),2024-MF03388 (전체관람가),황찬주(투자)|진오식(투자)|이명현(투자)|현나영(투자)|이영재(투자)|김환철(투자)|정회석(투자)|강관호(제작)|최평호(제작)|김원국(제작)|박민철(프로듀서)|최서란(제작팀)|최현아(제작팀)|배연희(제작팀)|윤인배(제작팀)|오가희(제작팀)|문동원(제작팀)|배창성(제작팀)|김재호(제작팀)|김성호(제작팀)|강희구(제작팀)|조아영(제작팀)|조주환(제작팀)|배종진(제작팀)|박성호(제작팀)|김동위(제작팀)|이은정(제작팀)|박소향(제작팀)|공혜진(제작팀)|신성용(제작팀)|이승석(제작팀)|서효리(제작팀)|이창배(제작팀)|이찬규(제작팀)|정지원(제작회계)|김소연(제작회계)|김강영(제작회계)|최지원(제작회계)|정치우(제작관리)|김영천(제작관리)|신정호(제작관리)|이명주(데이타매니저)|김태완(데이타매니저)|유승희(시나리오(각본))|서유민(시나리오(각본))|신은경(각색)|전수아(조감독)|서혜주(연출팀)|오원혁(연출팀)|이윤석(연출팀)|정남혁(연출팀)|유용욱(연출팀)|이예나(스크립터)|이예나(스크립터)|엄경아(스토리보드)|조단비(현장편집)|양현석(촬영)|구정서(촬영팀)|오세준(촬영팀)|김태우(촬영팀)|조현기(촬영팀)|강현규(촬영팀)|윤미례(촬영팀)|윤태영(촬영팀)|이현(촬영팀)|강민준(그립)|최상원(그립)|박세호(그립)|강대현(그립)|강두원(그립)|강상협(그립)|김동주(스테디캠)|김희준(특수촬영)|방기수(촬영장비)|홍순창(촬영장비)|황성민(촬영장비)|김우영(촬영장비)|정희철(촬영장비)|박정우(조명)|김석영(조명팀)|윤재국(조명팀)|김동현(조명팀)|윤방수(조명팀)|한진형(조명팀)|이준혁(조명팀)|김중석(조명팀)|황의규(조명팀)|최정현(조명팀)|김송근(조명팀)|정인성(조명팀)|최성진(조명팀)|김영건(조명팀)|송창호(조명팀)|심규빈(조명팀)|정한별아(조명팀)|신승수(조명팀)|최윤의(조명팀)|조성현(조명팀)|박병진(발전차)|김영민(발전차)|손용훈(발전차)|조근영(조명장비)|정이진(미술/프로덕션 디자인)|김민혜(미술/프로덕션 디자인)|김주혜(미술팀)|강인애(미술팀)|신한섭(미술팀)|전희진(미술팀)|김지영(미술팀)|김유진(미술팀)|김소망(미술팀)|안지영(미술팀)|김민혜(미술팀)|안태한(미술팀)|최유진(세트팀)|박준규(세트팀)|박흥용(세트팀)|이택성(세트팀)|원성국(세트팀)|백승균(세트팀)|김윤수(세트팀)|박찬용(세트팀)|진성혁(세트팀)|최호민(세트팀)|서경석(세트팀)|최홍섭(세트팀)|정인철(세트팀)|최희용(세트팀)|박재헌(세트미술팀)|이연진(세트미술팀)|문수환(세트미술팀)|윤재홍(세트미술팀)|박준식(세트미술팀)|김문태(세트미술팀)|정지훈(세트미술팀)|정치영(세트미술팀)|김종석(세트미술팀)|태욱(소품)|류채림(소품팀)|이경수(소품팀)|임연주(소품팀)|홍은혜(소품팀)|강동훈(소품팀)|조민호(동시녹음)|정수영(붐오퍼레이터)|최지영(붐오퍼레이터)|서은경(의상)|홍수희(의상)|방수인(의상팀)|정보아(의상팀)|성소원(분장)|양고은(분장팀)|구성신(분장팀)|김지영(분장팀)|이보람(분장팀)|성소원(헤어)|신선미(헤어팀)|지석호(특수분장)|최지혜(특수분장)|배경서(특수분장)|강민수(특수분장)|박별이(특수분장)|정다운(특수분장)|남윤서(특수분장)|김유선(특수분장)|박소연(특수분장)|박신영(특수분장)|이효응(특수분장)|강정윤(특수분장)|박영무(특수분장)|이희은(특수분장)|곽태용(특수분장)|황효균(특수분장)|노남석(액션/스턴트)|심철민(액션/스턴트팀)|강경수(액션/스턴트팀)|배환(액션/스턴트팀)|김성종(액션/스턴트팀)|김광수(특수효과)|박요섭(특수효과)|정미라(특수소품)|나수일(특수소품)|김형주(편집)|김지애(음악)|이수연(음악)|김준성(음악)|손아롱(음악진행)|신영은(음악진행)|정덕근(음악진행)|전세진(음악진행)|박이슬(음악진행)|이수연(작사/작곡/편곡)|안도경(작사/작곡/편곡)|정승민(작사/작곡/편곡)|조란(작사/작곡/편곡)|김지애(작사/작곡/편곡)|장영재(음악 믹싱/레코딩)|장철호(사운드디자이너)|박진홍(사운드디자이너)|박진홍(사운드믹싱)|박용기(사운드믹싱)|노윤주(대사)|박용기(대사)|이수현(사운드효과)|한지영(폴리)|김동환(폴리)|최완규(폴리)|정성권(폴리)|김동현(사운드팀)|오태연(DI팀)|박진호(DI팀)|윤석일(DI팀)|박현진(DI팀)|서유나(홍보/마케팅 진행)|이명진(홍보/마케팅 진행)|최은영(홍보/마케팅 진행)|김주영(포스터사진)|김주영(스틸)|이동훈(광고대행)|박선영(배급진행)|임성지(배급진행)|유현일(배급진행)|윤혜진(배급진행)|박연희(배급진행)|정성엽(배급진행)|이현정(배급진행)|이진아(배급진행)|고유리(배급진행)|김유지(배급진행)|김소영(배급진행)|김민정(배급진행)|윤현지(배급진행)|이주화(배급진행)|신아라(배급진행)|김지담(배급진행)|박다명(배급진행)|곽세정(배급진행)|김윤정(배급진행)|김도훈(배급진행)|서영주(배급진행)|최제니(캐스팅)|이상윤(캐스팅)|이종현(캐스팅)|이덕형(캐스팅)|문상근(캐스팅)|김향배(캐스팅)|김용각(캐스팅)|류영훈(캐스팅)|이옥희(캐스팅)|유광호(운송)|박만중(운송)|김영일(기타)|김동욱(VFX 아티스트)|구민희(VFX 아티스트)|홍진기(VFX 아티스트)|박나래(VFX 아티스트)|장지은(VFX 아티스트)|전은채(VFX 아티스트)|홍시온(VFX 아티스트)|정다영(VFX 아티스트)|유자영(VFX 아티스트)|곽혜원(VFX 아티스트)|윤성민(VFX 아티스트)|최정원(VFX 아티스트)|제니 닐슨(VFX 아티스트)|김혜림(VFX 아티스트)|이애정(VFX 아티스트)|이한희(VFX 아티스트)|김기영(VFX 아티스트)|손성민(VFX 아티스트)|유여정(VFX 아티스트)|차승욱(VFX 아티스트)|박정민(VFX 아티스트)|양정연(VFX 아티스트)|현경민(VFX 아티스트)|오유진(VFX 아티스트)|정지연(VFX 아티스트)|정현민(VFX 아티스트)|VFX 아티스트(VFX 아티스트)|김풍(VFX 매니지먼트)|김혜송(VFX 매니지먼트)|최안나(VFX 매니지먼트)|이상준(VFX 매니지먼트)|박근화(VFX 매니지먼트)|최제현(VFX 매니지먼트)|김시율(VFX 매니지먼트)|김미옥(VFX 매니지먼트)|김지연(VFX 매니지먼트)|장효선(VFX 매니지먼트)|김태호(VFX 매니지먼트)|김수동(VFX 매니지먼트)|표영일(VFX 매니지먼트)|정수지(VFX 매니지먼트)|김은경(VFX 매니지먼트)|송준혁(VFX 매니지먼트)|송정진(VFX 매니지먼트)|정아영(VFX 매니지먼트)|이민서(VFX 매니지먼트)|홍나슬(VFX 매니지먼트)|최라윤(VFX 매니지먼트)|이지수(VFX 매니지먼트)|김소리(VFX 매니지먼트)|이현창(VFX 매니지먼트)|배은미(VFX 매니지먼트)|안재곤(VFX 매니지먼트)|정종길(DI팀)|최문희(DI팀)|김기문(DI팀)|강소연(DI팀)|손성주(DI팀)|정원석(DI팀)|이병희(DI팀)|백정훈(DI팀)|유선우(DI팀)|김예원(DI팀)|강민주(DI팀)|강선주(기획)|김원국(기획)|이수진(기획진행)|임윤미(기획진행)|최희선(기획진행)|최창우(기획진행)|배환(스턴트연기)|김남식(시각효과)|전민규(시각효과)|정병원(VFX 슈퍼바이저)|김보성(VFX 슈퍼바이저)|우천규(VFX 슈퍼바이저)|강창배(VFX 슈퍼바이저)|오현석(VFX 슈퍼바이저)|이길영(VFX 슈퍼바이저)|김선빈(VFX 슈퍼바이저)|강태균(VFX 슈퍼바이저)|김대왕(VFX 슈퍼바이저)|황병식(VFX 슈퍼바이저)|아쿨라 키란쿠마(VFX 슈퍼바이저)|유인식(VFX 슈퍼바이저)|정재훈(VFX 슈퍼바이저)|장병주(VFX 슈퍼바이저)|류건희(VFX 슈퍼바이저)|김태용(VFX 슈퍼바이저)|박지현(VFX 슈퍼바이저)|김태령(VFX 아티스트)|정민수(VFX 아티스트)|양우포(VFX 아티스트)|이현국(VFX 아티스트)|김진혁(VFX 아티스트)|박기범(VFX 아티스트)|홍승표(VFX 아티스트)|정해성(VFX 아티스트)|오현지(VFX 아티스트)|손선영(VFX 아티스트)|정만연(VFX 아티스트)|박정균(VFX 아티스트)|이수진(VFX 아티스트)|김승환(VFX 아티스트)|김지수(VFX 아티스트)|정보경(VFX 아티스트)|김민준(VFX 아티스트)|권완호(VFX 아티스트)|박도원(VFX 아티스트)|윤정원(VFX 아티스트)|최연준(VFX 아티스트)|김주연(VFX 아티스트)|윤승현(VFX 아티스트)|김민채(VFX 아티스트)|천주희(VFX 아티스트)|조우람(VFX 아티스트)|최원재(VFX 아티스트)|서보광(VFX 아티스트)|중이밍(VFX 아티스트)|선솔(VFX 아티스트)|황유진(VFX 아티스트)|정현철(VFX 아티스트)|함동지(VFX 아티스트)|이은지(VFX 아티스트)|곽소진(VFX 아티스트)|이상헌(VFX 아티스트)|지현주(VFX 아티스트)|오승아(VFX 아티스트)
20240855,바다 탐험대 옥토넛 어보브 앤 비욘드 : 극지방 대작전,,,2024,20250127,58,개봉,장편,영국,애니메이션,,하성용|정재헌|엄상현|김율|유동균|한경화|김정은|박성영,와이드 릴리즈(주)(배급사)|(주)얼리버드픽쳐스(수입사)|와이드 릴리즈(주)(수입사),2025-MF00072 (전체관람가),
19900204,죽은 시인의 사회,Dead Poets Society,,1989,19900519,128,개봉,장편,미국,드라마,피터 위어,로빈 윌리엄스|에단 호크|로버트 숀 레오나드,터치스톤 픽처스(제작사)|롯데컬처웍스(주)롯데시네마(배급사)|(주)디스테이션(배급사)|(주)드림팩트엔터테인먼트(배급사)|브에나비스타픽쳐스(배급사)|(주)엔케이컨텐츠(수입사)|(주)아이아스플러스(수입사),90-115(연소자관람가)|2016-MF01113(12세이상관람가),모리스 자르(음악)|샌디 베네지아노(아트디렉터)
20216476,브로큰,NOCTURNAL,,2020,20250205,99,개봉,장편,한국,범죄|드라마,김진황,하정우|김남길|유다인|정만식|임성재|이설|김찬형|장준녕|박종환|차래형|서현우|정재광|서혜린|허성태|김미경|김민상|류성현|김미화|양흥주|강학수|김시은|윤대열|양지수|강도연|현우석|황보정일|신동석|이태형|이혜수|김하은|엄옥란|박가영|이채린|유수정|임한성|김연교|박재한|박혜영|박응수|정환욱|유병선|노승우|심재완|안재만|승형배|이세호|차시원|이호|홍준희|정청민|한동원|박성인|유인선|주예지|김예림|임영주|김형석|김보현|조순철|이세랑|척재희,을지기획 주식회사(제작사)|(주)사나이픽처스(제작사)|(주)바른손이앤에이(배급사)|(주)바른손이앤에이(제공)|오거스트벤처파트너스 유한회사(공동제공)|(주)바른손이앤에이(해외세일즈사),2025-MF00153 (15세이상관람가),손민영(투자)|진오식(투자)|이명현(투자)|현나영(투자)|이영재(투자)|김채윤(투자)|김호세(투자)|정무열(투자)|조담희(투자)|이수빈(투자)|김민혜(투자)|이승훈(투자)|이정석(투자)|이혁준(투자)|이동준(투자)|김주형(투자)|정승규(투자)|장연실(투자)|구본교(투자)|최윤희(투자)|박진홍(투자)|이민우(제작)|한재덕(제작)|김형석(프로듀서)|김민식(제작팀)|전태현(제작팀)|황필성(제작팀)|함근호(제작팀)|배서윤(제작팀)|오휘웅(제작팀)|나규성(제작팀)|김현희(제작팀)|함선일(제작팀)|전예진(제작팀)|유춘수(제작팀)|이다웅(제작팀)|한만영(제작팀)|김유진(제작회계)|한상석(제작관리)|신바드(데이타매니저)|한승완(데이타매니저)|김진황(시나리오(각본))|전태호(조감독)|김승환(연출팀)|박세영(연출팀)|정남혁(연출팀)|안재만(연출팀)|윤혜림(스크립터)|장강희(스토리보드)|김성훈(현장편집)|박정훈(촬영)|안병삼(촬영팀)|남종현(촬영팀)|김형준(촬영팀)|김효찬(촬영팀)|안광근(촬영팀)|조순철(촬영팀)|하진경(촬영팀)|이명재(그립)|한덕현(그립)|권채움(그립)|최용재(그립)|이승규(특수촬영)|김영중(특수촬영)|정진수(촬영장비)|류준상(촬영장비)|김보현(조명)|장한별(조명팀)|손창영(조명팀)|백혜문(조명팀)|유승상(조명팀)|문성원(조명팀)|이정우(조명팀)|차민수(조명팀)|최충환(조명팀)|권영실(조명팀)|김민철(조명팀)|권인호(조명팀)|김태훈(발전차)|이인교(발전차)|서대식(조명장비)|손용훈(조명장비)|조근영(조명장비)|김태영(미술/프로덕션 디자인)|유정민(미술팀)|이새싹(미술팀)|이고운(미술팀)|김다연(미술팀)|민소희(미술팀)|김가은(미술팀)|이동희(미술팀)|김정수(미술팀)|최서준(미술팀)|김남호(세트)|김형우(세트팀)|장경배(세트팀)|김봉연(세트팀)|임한빈(세트팀)|김용석(세트미술팀)|김형수(소품팀)|이지현(소품팀)|이경수(소품팀)|양지은(소품팀)|최민호(동시녹음)|안승호(붐오퍼레이터)|김은주(붐오퍼레이터)|최지영(동시녹음팀)|조희란(의상)|박수빈(의상팀)|김보미(의상팀)|현수민(의상팀)|노가현(의상팀)|최혜림(분장)|한철완(분장팀)|이지희(분장팀)|조장미(분장팀)|김영란(분장팀)|최혜림(헤어)|최지혜(특수분장)|배경서(특수분장)|박별이(특수분장)|윤희준(특수분장)|정다운(특수분장)|강정윤(특수분장)|김유선(특수분장)|남윤서(특수분장)|허윤(특수분장)|박소연(특수분장)|이효응(특수분장)|박신영(특수분장)|박영무(특수분장)|김호식(특수분장)|이희은(특수분장)|곽태용(특수분장)|황효균(특수분장)|윤준식(액션/스턴트)|노남석(액션/스턴트)|최준영(액션/스턴트팀)|김다영(액션/스턴트팀)|백승엽(액션/스턴트팀)|김찬민(액션/스턴트팀)|하슬기(액션/스턴트팀)|이확광(액션/스턴트팀)|최충열(액션/스턴트팀)|정동혁(액션/스턴트팀)|강현구(액션/스턴트팀)|송민석(액션/스턴트팀)|박용균(액션/스턴트팀)|강영묵(액션/스턴트팀)|이찬희(액션/스턴트팀)|배환(액션/스턴트팀)|서영민(액션/스턴트팀)|조혜경(액션/스턴트팀)|정진근(액션/스턴트팀)|김영민(액션/스턴트팀)|지동주(액션/스턴트팀)|이상민(액션/스턴트팀)|이승창(액션/스턴트팀)|조건기(액션/스턴트팀)|심철민(액션/스턴트팀)|원주영(액션/스턴트팀)|이유진(액션/스턴트팀)|홍주만(액션/스턴트팀)|김성종(액션/스턴트팀)|조경규(특수효과)|정도안(특수효과)|방성철(특수효과팀)|이윤겸(특수효과팀)|이종진(특수효과팀)|김우진(특수효과팀)|최정욱(특수효과팀)|곽태용(특수소품)|황효균(특수소품)|김상범(편집)|장유호(편집팀)|김호빈(편집팀)|오희준(음악)|노형우(음악)|황상준(음악)|박문수(음악 믹싱/레코딩)|윤상철(음악 믹싱/레코딩)|김창섭(사운드)|한주희(대사)|최문현(사운드효과)|문철우(사운드효과)|강은철(폴리)|김태하(폴리)|남경희(광고대행)|조승현(광고대행)|박유진(광고대행)|조성호(배급진행)|이가현(배급진행)|이누리(배급진행)|백슬비(배급진행)|김보연(배급진행)|정소윤(배급진행)|김무연(배급진행)|장원문(배급진행)|안문주(캐스팅)|고은미(캐스팅)|김흥태(캐스팅)|이승준(캐스팅)|이찬유(캐스팅)|이강곤(운송)|정주홍(기타)|한재환(기타)|조태희(기타)|박수야(기타)|유현아(기타)|유진아(기타)|우해정(기타)|김준경(기타)|이다롱(기타)|김기택(기타)|강형민(기타)|전홍식(기타)|박지선(기타)|전수진(기타)|이숙현(기타)|황승민(기타)|김지연(기타)|김은영(기타)|최아람(기타)|이호섭(VFX 매니지먼트)|함현섭(VFX 매니지먼트)|박정아(VFX 매니지먼트)|정수경(VFX 매니지먼트)|손명진(VFX 매니지먼트)|이경준(VFX 매니지먼트)|이한나(VFX 매니지먼트)|한수진(VFX 매니지먼트)|조용석(VFX 매니지먼트)|이명훈(DI팀)|함종민(DI팀)|이규현(DI팀)|윤신애(DI팀)|서중권(DI팀)|김린하(DI팀)|손민경(DI팀)|김제연(DI팀)|오택민(DI팀)|추창우(DI팀)|이다교(DI팀)|강솔이(DI팀)|엄태식(DI팀)|송희(홍보/마케팅 진행)|곽기환(홍보/마케팅 진행)|장원구(홍보/마케팅 진행)|최영지(홍보/마케팅 진행)|김송희(홍보/마케팅 진행)|공은빈(홍보/마케팅 진행)|김소희(홍보/마케팅 진행)|양영희(홍보/마케팅 진행)|황승미(홍보/마케팅 진행)|유효정(홍보/마케팅 진행)|장보경(홍보/마케팅 진행)|임재인(홍보/마케팅 진행)|김여울(홍보/마케팅 진행)|임지현(홍보/마케팅 진행)|양예진(온라인마케팅)|임수지(온라인마케팅)|김현지(온라인마케팅)|최지애(온라인마케팅)|여진달래(온라인마케팅)|이유진(온라인마케팅)|정미경(온라인마케팅)|조수정(온라인마케팅)|이동형(광고디자인)|박동우(광고디자인)|최지웅(광고디자인)|전혜선(포스터사진)|전혜선(스틸)|김영국(메이킹필름)|박찬수(메이킹필름)|홍인성(메이킹필름)|하승훈(예고편)|원지원(예고편)|최유(예고편)|이성준(예고편)|이우리(예고편)|박지우(예고편)|오수정(예고편)|박윤선(예고편)|김무늬(광고대행)|홍슬기(광고대행)|황성호(광고대행)|박미선(광고대행)|조재상(기획)|박민정(기획)|윤여정(기획진행)|문소영(기획진행)|김종성(시각효과)|이현진(VFX 슈퍼바이저)|정석재(VFX 슈퍼바이저)|윤성민(VFX 슈퍼바이저)|전현식(VFX 슈퍼바이저)|장민재(VFX 슈퍼바이저)|김은지(VFX 아티스트)|이영현(VFX 아티스트)|최수연(VFX 아티스트)|문승환(VFX 아티스트)|황주은(VFX 아티스트)|이세미(VFX 아티스트)|정준선(VFX 아티스트)|김기홍(VFX 아티스트)|원윤희(VFX 아티스트)|이하은(VFX 아티스트)|신지순(VFX 아티스트)|손다영(VFX 아티스트)|임한솔(VFX 아티스트)|우선미(VFX 아티스트)|최지원(VFX 아티스트)|김리나(VFX 아티스트)|김지영(VFX 아티스트)|김시우(VFX 아티스트)|임혜빈(VFX 아티스트)|한봉규(VFX 아티스트)|권경원(VFX 아티스트)|최보겸(VFX 아티스트)|김성은(VFX 아티스트)|성근영(VFX 아티스트)|변지용(VFX 아티스트)|정윤희(VFX 아티스트)|서규현(VFX 아티스트)|권택근(VFX 아티스트)|정나은(VFX 아티스트)|안채영(VFX 아티스트)|김보미(VFX 아티스트)|허홍재(VFX 아티스트)|서재욱(VFX 아티스트)|허동규(VFX 아티스트)|김병준(VFX 아티스트)|박나혜(VFX 아티스트)|오나경(VFX 아티스트)|전소연(VFX 아티스트)|김지유(VFX 아티스트)|최태영(VFX 아티스트)|김기준(VFX 아티스트)|이종규(VFX 아티스트)|김상돈(VFX 아티스트)|한상헌(VFX 아티스트)|채정효(VFX 아티스트)|김호진(VFX 아티스트)|박성배(VFX 아티스트)|이병국(VFX 아티스트)|장지훈(VFX 아티스트)|김승호(VFX 아티스트)|김진희(VFX 매니지먼트)|이우경(VFX 매니지먼트)|조현(VFX 매니지먼트)|박성우(VFX 매니지먼트)
20175142,극장판 쿠로코의 농구 라스트 게임,Kuroko's Basketball The Movie LAST GAME,,2017,20170427,91,개봉,장편,일본,애니메이션,타다 슌스케,오노 켄쇼,(주)바이포엠스튜디오(배급사)|씨제이 씨지브이(CJ CGV)(주)(배급사)|(주)박수엔터테인먼트(배급사)|(주)바이포엠스튜디오(수입사)|(주)애니플러스(수입사),2017-MF00685(12세이상관람가),
20248143,데드데드 데몬즈 디디디디 디스트럭션: 파트2,Dead Dead Demon's Dededede Destruction,デッドデッドデーモンズデデデデデストラクション,2024,20250205,120,개봉,장편,일본,애니메이션,,이쿠타 리라|이리노 미유|우치야마 코우키|스와베 준이치|타케나카 나오토,주식회사 올랄라스토리(배급사)|롯데컬처웍스(주)롯데시네마(배급사)|(주)더쿱디스트리뷰션(수입사),2024-MF03249 (15세이상관람가),
20252039,"레드벨벳 해피니스 다이어리 : 마이 디어, 레베럽 인 시네마","Red Velvet Happiness Diary : My Dear, ReVe1uv In Cinemas",,2025,20250205,113,개봉,장편,한국,공연,오윤동|김선형,,씨제이포디플렉스 주식회사(제작사)|스크린엑스 스튜디오(제작사)|씨제이포디플렉스 주식회사(배급사),2025-MF00116 (전체관람가),김건우(편집)|박건홍(편집팀)|김초윤(편집)|이승현(편집)|신준희(편집)|김준서(DI팀)|정미해(기획)
20248559,영화 러브 라이브! 니지가사키 학원 스쿨 아이돌 동호회 완결편 제1장,Love Live! Nijigasaki High School Idol Club The Movie – Finale – Chapter 1,映画 ラブライブ！虹ヶ咲学園スクールアイドル同好会 完結編 第1章,2024,20250206,67,개봉,장편,일본,애니메이션,,,(주)애니플러스(배급사)|(주)애니플러스(수입사),2024-MF03208(전체관람가),
20251712,9월 5일: 위험한 특종,September 5,,2024,20250205,94,개봉,장편,미국,스릴러|드라마,팀 펠바움,피터 사스가드|존 마가로|벤 채플린|레오니 베네쉬,롯데컬처웍스(주)롯데엔터테인먼트(배급사)|롯데컬처웍스(주)롯데엔터테인먼트(수입사)|파라마운트 픽쳐스(제공),2025-MF00169 (15세이상관람가),
20242404,캡틴 아메리카: 브레이브 뉴 월드,Captain America: Brave New World,,2024,20250212,118,개봉,장편,미국,액션|어드벤처|SF,줄리어스 오나,안소니 마키|해리슨 포드|대니 라미레즈|칼 럼블리|지안카를로 에스포지토|리브 타일러|팀 블레이크 넬슨,월트디즈니컴퍼니코리아 유한책임회사(배급사)|월트디즈니컴퍼니코리아 유한책임회사(수입사),2025-MF00267 (12세이상관람가),
20251800,브루탈리스트,The Brutalist,,2024,20250212,214,개봉,장편,미국,드라마,브래디 코베,애드리언 브로디|펠리시티 존스|가이 피어스,유니버설픽쳐스인터내셔널 코리아(유)(배급사)|유니버설픽쳐스인터내셔널 코리아(유)(수입사),2024-MF03311 (청소년관람불가),
20126686,미드나잇 인 파리,Midnight In Paris,,2011,20120705,94,개봉,장편,미국|스페인,코미디|멜로/로맨스|판타지,우디 알렌,오웬 윌슨|마리옹 꼬띠아르|레이첼 맥아담스|애드리언 브로디,(주)디스테이션(배급사)|(주)드림팩트엔터테인먼트(배급사)|(주)나이너스엔터테인먼트(배급사)|(주)엔케이컨텐츠(수입사)|(주)드림팩트엔터테인먼트(수입사)|(주)더블앤조이픽쳐스(수입사),2012-F381(15세이상관람가),
20090683,500일의 썸머,500 Days of Summer,,2009,20100121,95,개봉,장편,미국,드라마|멜로/로맨스,마크 웹,조셉 고든 레빗|주이 디샤넬|제프리 아렌드|클로이 모레츠,스네이크 프리뷰(제작사)|롯데컬처웍스(주)롯데시네마(배급사)|(주)스튜디오디에이치엘(배급사)|(주)팝엔터테인먼트(배급사)|이십세기폭스코리아(주)(배급사)|(주)퍼스트런(수입사)|(주)피터팬픽쳐스(수입사)|이십세기폭스코리아(주)(수입사)|(주)팝엔터테인먼트(제공),2009-F191(15세이상관람가)|2016-MF00801(15세이상관람가),
19988717,명탐정 코난: 14번째 표적,"DETECTIVE CONAN, The Fourteenth Target",名探偵コナン 14番目の標的,1998,20250214,99,개봉,장편,일본,애니메이션,코다마 켄지,,(주)씨제이이엔엠(배급사)|(주)씨제이이엔엠(수입사),2025-MF00176 (12세이상관람가),
20248710,엘리: 몬스터 패밀리,ELLI AND HER MONSTER TEAM,Elli and the Ghostly Ghost Train,2024,20250214,87,개봉,장편,독일,애니메이션,피엣 드 라이커|예스퍼 묄러,,(주)올스타엔터테인먼트(배급사)|(주)엠디에스스피어(배급사)|(주)올스타엔터테인먼트(수입사)|(주)엠디에스스피어(제공),2025-MF00007 (전체관람가),
20252058,첫 번째 키스,1ST KISS,ファーストキス,2025,20250226,123,개봉,장편,일본,드라마|멜로/로맨스,츠카하라 아유코,마츠 다카코|마츠무라 호쿠토|요시오카 리호|모리 나나|릴리 프랭키,메가박스중앙(주)(배급사)|(주)미디어캐슬(수입사)|(주)팬엔터테인먼트(제공),2025-MF00168 (12세이상관람가),사카모토 유지(시나리오(각본))
20234689,괜찮아 괜찮아 괜찮아!,IT′S OKAY!,,2023,20250226,101,개봉,장편,한국,가족|코미디|드라마,김혜영,이레|진서연|정수빈|이정하|손석구|온하늘,주식회사 투맨필름(제작사)|(주)바이포엠스튜디오(배급사)|(주)바이포엠스튜디오(제공)|(주)레드아이스 엔터테인먼트(해외세일즈사),2024-MF03241(12세이상관람가),도위석(프로듀서)|송원석(프로듀서)|신성용(제작팀)|노라미(제작회계)|김민(시나리오(각본))|이강희(편집)|조홍준(시나리오(각본))|진푸른(스크립터)|김경현(그립)|김승경(미술/프로덕션 디자인)|도위석(시나리오(각본))
20252329,패딩턴: 페루에 가다!,Paddington in Peru,,2024,20250219,106,개봉,장편,미국|영국|프랑스,코미디|드라마,,휴 보네빌|에밀리 모티머|벤 위쇼|올리비아 콜맨|안토니오 반데라스,소니픽쳐스엔터테인먼트코리아주식회사극장배급지점(배급사)|소니픽쳐스엔터테인먼트코리아주식회사극장배급지점(수입사),2025-MF00325(전체관람가),
20246270,써니데이,Sunny Day,,2024,20250219,98,개봉,장편,한국,드라마,이창무,최다니엘|정혜인|한상진|강은탁|김정화|김정균|주석제|지성원|김기남|정민경|안지환|오지혜|문환희|이건록|정은주|전범준|이주미|김도원|나현준|박인철,(주)삼거리픽쳐스(제작사)|(주)트리플픽쳐스(배급사)|오거스트벤처파트너스 유한회사(공동제공),2024-MF02912 (12세이상관람가),엄용훈(제작)|리주영(프로듀서)|양정원(사운드)|양정원(음악)|손연지(편집)|이정연(분장)|조은별(의상)|윤상일(동시녹음)|손소일(미술/프로덕션 디자인)|이상훈(조명)|박정식(촬영)|서정민(연출팀)|양종찬(조감독)|허건(각색)|엄용훈(각색)|이창무(시나리오(각본))|정은주(제작회계)|박조성(제작팀)|박인철(제작팀)|강기명(배급진행)|윤치성(캐스팅)|기상윤(배급진행)|박수림(배급진행)|김유경(배급진행)|권태영(예고편)|허건(메이킹필름)|허건(스틸)|김민정(광고디자인)|김찬별(광고디자인)|박선희(온라인마케팅)|노현서(온라인마케팅)|홍지율(온라인마케팅)|윤소정(온라인마케팅)|정현지(온라인마케팅)|지은혜(온라인마케팅)|엄용훈(기획)|박지오(홍보/마케팅 진행)|김영아(홍보/마케팅 진행)|엄진(DI팀)|김량진(시각효과)
20252194,영화 이상한 과자 가게 전천당,The Supernatural Sweet Shop The Movie,ふしぎ駄菓子屋 銭天堂,2024,20250219,103,개봉,장편,일본,판타지|미스터리|드라마,나카타 히데오,아마미 유키|오오하시 카즈야|카미시라이시 모네|이하라 릿카,(주)넥스트엔터테인먼트월드(NEW)(배급사)|에스엠지홀딩스 주식회사(수입사),2025-MF00287 (전체관람가),이영진(사운드)
20244361,히어,HERE,,2024,20250219,103,개봉,장편,미국,드라마,로버트 저메키스,톰 행크스|로빈 라이트|폴 베타니|켈리 라일리,메가박스중앙(주)(배급사)|(주)이놀미디어(배급사)|㈜스튜디오오르카(수입사),2025-MF00121 (12세이상관람가),에릭 로스(시나리오(각본))
20240614,퇴마록,Exorcism Chronicles: The Beginning,,2024,20250221,85,개봉,장편,한국,애니메이션|액션|미스터리,김동철,최한|남도형|정유정|김연우|홍승효|황창영|김민주|표영재,(주)로커스(제작사)|(주)쇼박스(배급사)|퇴마록문화산업전문 유한회사(제공)|오거스트벤처파트너스 유한회사(공동제공),2024-MF03362 (12세이상관람가),황수진(제작)|홍성호(투자)|김소윤(조감독)|이동하(시나리오(각본))|윤현지(배급진행)|이주화(배급진행)|신아라(배급진행)|김지담(배급진행)|박다명(배급진행)|김윤정(배급진행)|김도훈(배급진행)|박은진(배급진행)|서영주(배급진행)|이현미(홍보/마케팅 진행)|하정연(홍보/마케팅 진행)|김준서(DI팀)|정미해(배급진행)
20241093,"그 시절, 우리가 좋아했던 소녀",You Are the Apple of My Eye,,2024,20250221,101,개봉,장편,한국,멜로/로맨스,조영명,진영|다현|손정혁|이민구|김요한|김민주|이승준|이선민|황규찬|박성웅|신은정|조달환|이주승|손우현|유향|진희규|구세현|설원|이우혁|신기루|배효인|최재성|이세은|신환희|안성인|서연수|윤영민|구승현|박성호|심준호|안세지|박한빛나라|강준구|이준석|민경욱|이도하|남현우|이우성|강필선|박범찬|최현진|김정은|전영|신준철|조재경|유은아|김건우|김찬일|송유림|김동연|양아름|이정인|박세훈|임정민|안성인|강학수|박인춘|김동률|이호광|박지오|최지영|이미래|신경철|김춘호|고은기|김민성|김성진|김수진|김채빈|김한결|김호연|김홍철|박성재|방시연|송하랑|신아윤|양서준|여경민|윤아현|이수성|이예빈|이주석|이지우|이현나|이현돈|임현성|정서연|정수아|최성호|한설아|한현성|이지윤|안성인,(주)영화사테이크(제작사)|주식회사 자유로픽쳐스(제작사)|(주)컴투스엔(배급사)|씨제이 씨지브이(CJ CGV)(주)(배급사)|(주)영화사테이크(제공),2025-MF00174 (12세이상관람가),서지현(투자)|전정현(투자)|김종원(투자)|조진호(투자)|송대찬(투자)|천재원(제작)|송대찬(제작)|박태준(프로듀서)|조영욱(프로듀서)|천재원(프로듀서)|송대찬(프로듀서)|신경철(라인프로듀서)|박성호(제작팀)|신훈섭(제작팀)|서효리(제작팀)|조주환(제작팀)|김성호(제작팀)|문형인(제작팀)|안겸주(제작팀)|유영준(제작팀)|김지윤(제작팀)|이정수(제작팀)|박영준(제작팀)|윤준희(제작팀)|오진주(제작팀)|정조은(제작회계)|김민희(제작회계)|이근철(로케이션매니저)|문경욱(제작관리)|이미정(제작관리)|김연주(제작관리)|박정현(데이타매니저)|김기림(데이타매니저)|엄진(데이타매니저)|박은교(시나리오(각본))|김진경(시나리오(각본))|곽재용(시나리오(각본))|조영명(시나리오(각본))|박민우(조감독)|최은애(조감독)|박안드레(조감독)|조석훈(연출팀)|황승환(연출팀)|나계엽(연출팀)|전승훈(연출팀)|김윤아(스크립터)|장준영(스크립터)|송선찬(스토리보드)|한진규(현장편집)|안효민(촬영)|홍재식(촬영)|이남웅(촬영팀)|이우태(촬영팀)|김고려(촬영팀)|한상혁(촬영팀)|정유선(촬영팀)|김현우(촬영팀)|박영민(촬영팀)|이도현(그립)|정명훈(그립)|최원대(그립)|이용현(그립)|이용우(그립)|노한결(그립)|천성수(특수촬영)|이승원(특수촬영)|홍재식(조명)|윤재국(조명팀)|연재화(조명팀)|우승민(조명팀)|김효신(조명팀)|이승한(조명팀)|강돈수(조명팀)|민해홍(조명팀)|김기한(조명팀)|최재선(조명팀)|이민석(조명팀)|이준승(조명팀)|김우진(조명팀)|이태희(조명팀)|황현성(조명팀)|황영하(조명팀)|정해도(조명팀)|한호열(조명팀)|김명관(조명팀)|최민석(조명팀)|송상호(조명팀)|김송근(조명팀)|문광식(발전차)|오정우(조명장비)|정성균(미술/프로덕션 디자인)|김자현(미술팀)|박세진(미술팀)|김세령(미술팀)|한다연(미술팀)|김주영(미술팀)|김혜진(미술팀)|전성호(세트)|김종명(세트팀)|정상호(세트팀)|전병호(세트팀)|김세훈(소품)|이채원(소품팀)|배시현(소품팀)|안복남(동시녹음)|윤진솔(붐오퍼레이터)|정수영(붐오퍼레이터)|문광무(붐오퍼레이터)|이충연(의상)|황인혜(의상팀)|오수빈(의상팀)|서유진(의상팀)|구지은(의상팀)|김민수(의상디자이너)|양현서(의상디자이너)|한은경(분장)|위정민(분장팀)|손혜림(분장팀)|황련희(분장팀)|김원영(분장팀)|윤아름(분장팀)|이태경(액션/스턴트팀)|강구현(액션/스턴트팀)|김태강(액션/스턴트팀)|오원준(특수효과)|박철용(특수효과)|김원태(특수효과팀)|이준학(특수효과팀)|박재성(특수효과팀)|설충용(특수효과팀)|한상미(특수차량)|김성민(특수차량)|백영희(특수차량)|오병연(특수차량)|최성현(특수차량)|정주홍(특수차량)|한재환(특수차량)|김만근(편집)|이종명(음악)|다현(작사/작곡/편곡)|진영(작사/작곡/편곡)|하승훈(사운드)|최유(사운드)|이성준(사운드)|김은정(사운드)|원지원(사운드믹싱)|김은정(사운드믹싱)|오준혁(사운드효과)|심규종(폴리)|이미림(메이킹필름)|장현지(메이킹필름)|김현준(메이킹필름)|주하정(메이킹필름)|임선진(메이킹필름)|최용진(메이킹필름)|정상화(메이킹필름)|천성수(메이킹필름)|이승원(메이킹필름)|이서정(예고편)|김익진(예고편)|김주연(예고편)|이수련(배급진행)|박여주2(배급진행)|조은진(배급진행)|김혜미(배급진행)|김민호(배급진행)|지준수(배급진행)|오기제(배급진행)|정근욱(배급진행)|손지아(배급진행)|최윤혁(배급진행)|전경준(배급진행)|윤대길(배급진행)|이범수(배급진행)|송희운(배급진행)|장지연(배급진행)|변지원(배급진행)|박순우(배급진행)|박윤정(배급진행)|서지현(배급진행)|전정현(배급진행)|김종원(배급진행)|홍영근(배급진행)|조진호(배급진행)|우현주(배급진행)|엄태영(배급진행)|박상현(캐스팅)|이상엽(캐스팅)|손지영(캐스팅)|이덕형(캐스팅)|문용승(캐스팅)|김향배(캐스팅)|김용각(캐스팅)|이옥희(캐스팅)|임소리(캐스팅)|이상윤(캐스팅)|해오름(식당차)|오지현(기타)|박수야(기타)|유현아(기타)|유진아(기타)|우해정(기타)|박은영(기타)|김혜향(기타)|강수빈(기타)|이의진(기타)|최영환(기타)|장영재(기타)|강윤희(기타)|조광희(기타)|김민준(기타)|안정민(기획)|최현(기획)|이채승(기획)|천재원(기획)|박찬연(기획)|정성훈(스턴트연기)|백상훈(시각효과)|정병원(VFX 슈퍼바이저)|정병호(VFX 슈퍼바이저)|김예진(VFX 슈퍼바이저)|송광호(VFX 아티스트)|이만재(VFX 아티스트)|김수완(VFX 아티스트)|이새롬(VFX 아티스트)|조경식(VFX 매니지먼트)|조달환(타이틀)|최유진(DI팀)|조용대(DI팀)|정다희(DI팀)|고명원(DI팀)|박정은(DI팀)|백지혜(DI팀)|이나래(DI팀)|정주호(DI팀)|김신혜(DI팀)|최철호(DI팀)|김정민(DI팀)|공채운(DI팀)|윤석주(DI팀)|유영진(DI팀)|최진호(DI팀)|이정훈(DI팀)|안상희(DI팀)|김범수(DI팀)|심상원(DI팀)|임재형(DI팀)|서강혁(DI팀)|송승현(DI팀)|채가희(DI팀)|김자남(DI팀)|김태훈(DI팀)|정지호(DI팀)|김지욱(DI팀)|류연(DI팀)|박진영(DI팀)|이정민(DI팀)|이인성(홍보/마케팅 진행)|박세영(홍보/마케팅 진행)|오소휘(홍보/마케팅 진행)|김송미(홍보/마케팅 진행)|최지수(온라인마케팅)|김현지(온라인마케팅)|최지애(온라인마케팅)|이유진(온라인마케팅)|정미경(온라인마케팅)|조수정(온라인마케팅)|박예송(온라인마케팅)|양예진(온라인마케팅)|임수지(온라인마케팅)|여진달래(온라인마케팅)|김지연(온라인마케팅)|윤나리(광고디자인)|장지영(광고디자인)|김춘호(스틸)
20252587,이찬원 콘서트 찬가: 디어 마이 찬스,,,2025,20250226,116,개봉,장편,한국,공연,오정민|반연진,이찬원,씨지브이 아이스콘(배급사),2025-MF00296 (전체관람가),
20240147,컴플리트 언노운,A Complete Unknown,,2024,20250226,140,개봉,장편,미국,드라마,제임스 맨골드,티모시 샬라메|에드워드 노튼|엘 패닝|모니카 바바로|보이드 홀브룩|댄 포글러|노버트 리오 버츠|스쿳 맥네이리,월트디즈니컴퍼니코리아 유한책임회사(배급사)|월트디즈니컴퍼니코리아 유한책임회사(수입사),2025-MF00175(12세이상관람가),
20236034,백수아파트,The Noisy Mansion,,2024,20250226,97,개봉,장편,한국,미스터리|드라마|코미디,이루다,경수진|고규필|이지훈|김주령|최유정|정희태|박정학|차우진|배재영|박현영|김세아|박후|허준석|김찬형|고성완|서인권|전영|정자영|김송일|김태윤|김호준|이중현|박세기|이음|이재혁|김준식|김한준|김용학|조재경|윤현경|최상배|정하은|안희주|이대은|강지윤|임준형|노재훈|권혜원|이충훈|노현태|방정민|김상봉|신진철|김영찬|표은찬,주식회사 빅펀치픽쳐스(제작사)|(주)노바필름(제작사)|(주)이오콘텐츠그룹(제작사)|메가박스중앙(주) 플러스엠 엔터테인먼트(배급사)|메가박스중앙(주) 플러스엠 엔터테인먼트(제공)|주식회사 케이티스튜디오지니(해외세일즈사),2025-MF00326(12세이상관람가),김호인(촬영팀)|김명근(촬영팀)|임지훈(촬영팀)|김태우(그립)|류한얼(그립)|이대우(그립)|홍의수(그립)|김유식(촬영장비)|류시문(조명)|안유정(조명팀)|유성현(조명팀)|김우진(조명팀)|홍수완(조명팀)|신지용(조명팀)|김상봉(발전차)|이동주(조명장비)|권수연(미술/프로덕션 디자인)|김주애(아트디렉터)|이소연(미술팀)|유지현(미술팀)|문소운(미술팀)|최민식(미술팀)|양준모(동시녹음)|정지우(붐오퍼레이터)|모정훈(동시녹음팀)|남지수(의상)|이윤하(의상팀)|박하늘(의상팀)|남유림(의상팀)|남지수(분장)|남궁욱(분장팀)|이아람(분장팀)|이은영(분장팀)|천승미(분장팀)|윤여경(분장팀)|남지수(헤어)|김상필(분장차)|정윤성(액션/스턴트)|허명행(액션/스턴트)|이서영(액션/스턴트팀)|김용학(액션/스턴트팀)|김한준(액션/스턴트팀)|정도안(특수효과)|방성철(특수효과팀)|이종진(특수효과팀)|정민우(특수효과팀)|피대성(특수소품)|남나영(편집)|하미라(편집)|윤우진(편집팀)|박지은(편집팀)|조성진(음악)|김준영(사운드)|김정환(사운드)|김신아(사운드디자이너)|하승훈(사운드믹싱)|원지원(사운드믹싱)|최유(사운드믹싱)|이성준(사운드믹싱)|김소윤(사운드팀)|김태우(투자)|김주형(투자)|남궁종헌(투자)|신하영(투자)|윤수민(투자)|김아연(투자)|전영상(투자)|안종진(투자)|임나은(투자)|엄혜정(투자)|조세훈(투자)|유은성(투자)|신이슬(투자)|함연주(투자)|안효림(투자)|장영준(투자)|임현진(투자)|김유진(투자)|박진홍(투자)|홍정인(투자)|최원기(제작)|오은영(제작)|마동석(제작)|문루도(프로듀서)|송유나(프로듀서)|최수임(프로듀서)|남희현(프로듀서)|신진철(라인프로듀서)|김정윤(제작팀)|김래현(제작팀)|이정수(제작팀)|박현경(제작팀)|서민석(제작팀)|김상필(제작팀)|구건희(제작팀)|정수호(제작팀)|이지현(제작팀)|엄형민(제작팀)|김종혁(제작팀)|백인우(제작회계)|최순정(제작관리)|오호정(데이타매니저)|조수호(데이타매니저)|이루다(시나리오(각본))|김주몽(조감독)|김승환(연출팀)|유준민(연출팀)|권영주(연출팀)|최하늘(연출팀)|차은빈(연출팀)|김영찬(연출팀)|유현정(연출팀)|이호영(연출팀)|이서연(스크립터)|전리나(스토리보드)|김윤애(현장편집)|이성중(촬영)|박찬희(카메라오퍼레이터)|강승필(촬영팀)|하진수(촬영팀)|김가빈(촬영팀)|노아영(촬영팀)|이승민(촬영팀)|김한아(기획)|우상혁(기획진행)|신민수(시각효과)|민준호(VFX 슈퍼바이저)|이주원(VFX 슈퍼바이저)|김성철(VFX 슈퍼바이저)|전승만(VFX 슈퍼바이저)|석종연(VFX 슈퍼바이저)|김건후(VFX 슈퍼바이저)|이재범(VFX 슈퍼바이저)|이동욱(VFX 슈퍼바이저)|김태용(VFX 슈퍼바이저)|정재훈(VFX 슈퍼바이저)|전호빈(VFX 아티스트)|현기봉(VFX 아티스트)|박진광(VFX 아티스트)|권은주(VFX 아티스트)|이화영(VFX 아티스트)|김서연(VFX 아티스트)|하회석(VFX 아티스트)|이희진(VFX 아티스트)|이서지(VFX 아티스트)|김진성(VFX 아티스트)|안홍주(VFX 아티스트)|정성민(VFX 아티스트)|권기연(VFX 아티스트)|이승진(VFX 아티스트)|오예진(VFX 아티스트)|권민경(VFX 아티스트)|김다솔(VFX 아티스트)|양수연(VFX 아티스트)|임현진(VFX 아티스트)|이지민(VFX 아티스트)|최지원(VFX 아티스트)|이해진(VFX 아티스트)|김예린(VFX 아티스트)|김수민(VFX 아티스트)|심은지(VFX 아티스트)|정성윤(VFX 아티스트)|이연정(VFX 아티스트)|서상천(VFX 아티스트)|김민지(VFX 아티스트)|김민지(VFX 아티스트)|김혜수(VFX 아티스트)|강신철(VFX 아티스트)|최진영(VFX 아티스트)|주은진(VFX 아티스트)|최재혁(VFX 아티스트)|양승원(VFX 아티스트)|유설(VFX 아티스트)|심찬필(VFX 아티스트)|박현영(VFX 아티스트)|유지선(VFX 아티스트)|김현찬(VFX 아티스트)|주정현(VFX 아티스트)|조현진(VFX 아티스트)|김지원(VFX 아티스트)|박명실(VFX 아티스트)|황기준(VFX 아티스트)|우린(VFX 아티스트)|함나현(VFX 아티스트)|박진아(VFX 아티스트)|이치훈(VFX 아티스트)|김은영(VFX 아티스트)|채주희(VFX 매니지먼트)|김수민(VFX 매니지먼트)|이정우(VFX 매니지먼트)|백창주(VFX 매니지먼트)|차승훈(VFX 매니지먼트)|하태림(VFX 매니지먼트)|권채은(VFX 매니지먼트)|김예솔(VFX 매니지먼트)|김빛나래(VFX 매니지먼트)|이연경(VFX 매니지먼트)|정아름(VFX 매니지먼트)|이현창(VFX 매니지먼트)|강문정(VFX 매니지먼트)|강성현(VFX 매니지먼트)|하이주(VFX 매니지먼트)|김혜진(VFX 매니지먼트)|김애니(DI팀)|정상혁(DI팀)|박수민(DI팀)|김소윤(DI팀)|김준영(DI팀)|우찬양(DI팀)|김수경(홍보/마케팅 진행)|김성원(홍보/마케팅 진행)|김소영(홍보/마케팅 진행)|김현지(홍보/마케팅 진행)|서보람(홍보/마케팅 진행)|박혜영(홍보/마케팅 진행)|심승희(홍보/마케팅 진행)|신승연(홍보/마케팅 진행)|김예진(홍보/마케팅 진행)|김지수(홍보/마케팅 진행)|변다혜(홍보/마케팅 진행)|박은수(온라인마케팅)|나예진(온라인마케팅)|김혜림(온라인마케팅)|오세영(온라인마케팅)|정정인(온라인마케팅)|김초이(온라인마케팅)|김혜림(온라인마케팅)|박인혜(광고디자인)|이유희(광고디자인)|박재호(광고디자인)|강동우(포스터사진)|차민정(포스터사진)|강동우(스틸)|차민정(스틸)|박건우(메이킹필름)|강경우(메이킹필름)|강동우(메이킹필름)|이민규(예고편)|박동신(예고편)|성주현(배급진행)|정해민(배급진행)|정민화(배급진행)|조은진(배급진행)|이수련(배급진행)|박여주2(배급진행)|김혜미(배급진행)|김민호(배급진행)|지준수(배급진행)|오기제(배급진행)|정근욱(배급진행)|이현정(배급진행)|이진아(배급진행)|고유리(배급진행)|김유지(배급진행)|이상길(캐스팅디렉터)|최지은(캐스팅)|엄현숙(캐스팅)|김선아(캐스팅)|김후식(기타)|박수야(기타)|유현아(기타)|유진아(기타)|우해정(기타)|백가은(기타)|고경연(기타)|박채은(기타)|안수진(기타)|김유진(기타)|박연희(기타)|최동석(기타)|정성엽(기타)
20252719,힘내라 대한민국,,,2025,20250227,115,개봉,장편,한국,다큐멘터리,,최윤슬,㈜영화사 아리랑(제작사)|주식회사 킨스튜디오(배급사),2025-MF00391 (12세이상관람가),
20244821,미키 17,Mickey 17,,2025,20250228,136,개봉,장편,미국,어드벤처|SF|드라마|코미디,봉준호,로버트 패틴슨|나오미 애키|스티븐 연|토니 콜렛|마크 러팔로,플랜 비 엔터테인먼트(제작사)|(주)오프스크린(제작사)|워너브러더스 코리아(주)(배급사)|워너 브러더스 픽쳐스(제공),2025-MF00154(15세이상관람가),봉준호(시나리오(각본))
20252975,울프맨,Wolf Man,,2025,20250305,102,개봉,장편,미국,공포(호러),리 워넬,크리스토퍼 애봇|줄리아 가너|샘 재거,유니버설픽쳐스인터내셔널 코리아(유)(배급사)|유니버설픽쳐스인터내셔널 코리아(유)(수입사),2025-MF00347 (15세이상관람가),
20249251,콘클라베,Conclave,,2024,20250305,120,개봉,장편,미국,드라마|스릴러,에드워드 버거,랄프 파인즈|스탠리 투치|존 리스고|이사벨라 로셀리니,(주)디스테이션(배급사)|(주)엔케이컨텐츠(수입사),2025-MF00203 (12세이상관람가),
20241389,보더랜드,Borderlands,,2024,20250305,100,개봉,장편,미국,판타지|액션|코미디,일라이 로스,케이트 블란쳇|케빈 하트|잭 블랙|아리아나 그랜블랫|제이미 리 커티스|플로리안 문테아누,(주)누리픽쳐스(배급사)|(주)누리픽쳐스(수입사),2024-MF03406(12세이상관람가),
20253113,플레이브 '대쉬' 인 시네마,PLAVE 'Dash' in Cinema,,2025,,7,기타,단편,한국,기타,,,롯데컬처웍스(주)롯시플(배급사),2025-MF00457 (전체관람가),정해원(홍보/마케팅 진행)
19910237,양들의 침묵,The Silence Of The Lambs,,1991,19910622,118,개봉,장편,미국,스릴러|미스터리|범죄,조나단 드미,조디 포스터|안소니 홉킨스|스콧 글렌,오리온 픽쳐스 코퍼레이션(제작사)|롯데컬처웍스(주)롯데시네마(배급사)|(주)평주(수입사),91-163(고등학생이상관람가)|2025-MF00526 (청소년관람불가),테드 탤리(시나리오(각본))
20244912,아노라,Anora,,2024,20241106,139,개봉,장편,미국,드라마|코미디|멜로/로맨스,션 베이커,미키 매디슨|마크 아이델스테인|유리 보리소프|카렌 카라굴리안|바체 토브마샨,유니버설픽쳐스인터내셔널 코리아(유)(배급사)|유니버설픽쳐스인터내셔널 코리아(유)(수입사),2024-MF02493(청소년관람불가),
20236573,침범,SOMEBODY,,2024,20250312,112,개봉,장편,한국,미스터리|스릴러,이정찬|김여정,곽선영|권유리|이설|기소유|신동미|허정도|길해연|유정후|허지원|김승희|염지영|윤기창|이철우|한예주|서예나|안혜원,주식회사 로아앤코홀딩스(제작사)|주식회사 로아앤코홀딩스(배급사)|주식회사 로아앤코홀딩스(제공)|(주)콘텐츠판다(해외세일즈사),2025-MF00465 (15세이상관람가),이현구(투자)|장영길(투자)|정선이(투자)|박소윤(투자)|이아민(투자)|김숙이(투자)|최혜숙(투자)|이덕원(투자)|이진홍(투자)|최부안(투자)|박진형(투자)|최은비(투자)|김동욱(투자)|최상우(투자)|김채윤(투자)|조성호(투자)|홍현재(투자)|이강일(투자)|윤혜진(투자)|백승재(투자)|박재찬(투자)|배준오(투자)|송효정(제작)|이강일(제작)|윤혜진(제작)|이찬희(프로듀서)|이서율(제작팀)|이호광(제작팀)|김경정(제작팀)|박규영(제작팀)|이도담(제작팀)|도태우(제작팀)|이인애(제작회계)|김현모(제작관리)|이정찬(시나리오(각본))|김여정(시나리오(각본))|최희진(조감독)|정세아(연출팀)|송지호(연출팀)|권수진(연출팀)|조아현(연출팀)|김서진(스크립터)|윤중현(스토리보드)|김승현(현장편집)|김동혁(촬영)|우규현(카메라오퍼레이터)|최인석(촬영팀)|변성수(촬영팀)|윤승원(촬영팀)|이희건(그립)|문헌주(특수촬영)|김혜영(특수촬영)|이정부(특수촬영)|김수랑(특수촬영)|예종삼(특수촬영)|윤인한(조명)|박규태(조명팀)|심규빈(조명팀)|황영빈(조명팀)|송대규(조명팀)|이재빈(조명팀)|고영재(조명팀)|하태연(조명팀)|김국중(조명팀)|김이석(조명팀)|김경모(조명팀)|최종복(조명팀)|최승건(조명팀)|김남조(조명팀)|정지운(조명팀)|정성우(발전차)|안다영(미술/프로덕션 디자인)|황주원(미술팀)|노예은(미술팀)|박주혜(미술팀)|노성일(세트)|서경석(세트팀)|박여춘(세트팀)|조기환(소품)|이혜나(소품팀)|이설희(소품팀)|지수민(소품팀)|사현준(소품팀)|김혜미(소품팀)|김정호(소품팀)|이형주(소품팀)|최동근(동시녹음)|최지영(붐오퍼레이터)|김성근(동시녹음팀)|박유경(의상)|정민희(의상팀)|조태희(분장)|신지영(분장팀)|안선홍(분장팀)|조태희(헤어)|윤지은(헤어팀)|김병록(특수분장)|조태희(특수분장)|신민서(특수분장)|서예진(특수분장)|윤성민(액션/스턴트)|이병희(액션/스턴트팀)|서다예(액션/스턴트팀)|장정민(액션/스턴트팀)|이용주(특수효과)|도광일(특수효과)|도광섭(특수효과)|이승섭(특수효과팀)|도광진(특수효과팀)|김설희(특수소품)|조경문(특수소품)|구용우(특수소품)|강대환(특수소품)|박정빈(특수소품)|이태욱(특수소품)|엄세용(특수소품)|김성훈(편집)|이태현(음악)|최선영(음악진행)|김가연(작사/작곡/편곡)|최재원(작사/작곡/편곡)|최선영(작사/작곡/편곡)|이태현(작사/작곡/편곡)|이기준(음악 믹싱/레코딩)|이기준(사운드)|송인혜(사운드믹싱)|이기준(사운드믹싱)|김준혁(대사)|송인혜(대사)|이기준(대사)|송인혜(사운드효과)|주시경(폴리)|허유라(사운드팀)|이상화(사운드팀)|김준혁(사운드팀)|임성지(배급진행)|김민정(배급진행)|신설희(배급진행)|유현일(배급진행)|정재윤(기타)|유종섭(기타)|유환(기타)|이호진(기타)|송은태(기타)|김대길(기타)|이지영(기타)|윤주식(기타)|염철민(기타)|강혜미(기타)|정원용(기타)|박제용(기타)|김예진(기획)|오세윤(시각효과)|이병주(시각효과)|김건욱(VFX 슈퍼바이저)|김수미(VFX 슈퍼바이저)|오현석(VFX 슈퍼바이저)|전병근(VFX 슈퍼바이저)|박재호(VFX 슈퍼바이저)|신광윤(VFX 슈퍼바이저)|이종선(VFX 슈퍼바이저)|기경훈(VFX 아티스트)|김태현(VFX 아티스트)|김민지(VFX 매니지먼트)|장진익(VFX 매니지먼트)|이찬희(DI팀)|김현지(DI팀)|이성현(DI팀)|정고은(DI팀)|이윤아(DI팀)|이호우(DI팀)|주영견(DI팀)|이지은(DI팀)|김제현(DI팀)|최겸(DI팀)|우석인(DI팀)|박용운(DI팀)|장동원(DI팀)|김원학(DI팀)|이혜민(DI팀)|김형석(DI팀)|손승현(DI팀)|김형석(DI팀)|전현영(홍보/마케팅 진행)|조현영(홍보/마케팅 진행)|김성원(홍보/마케팅 진행)|김소영(홍보/마케팅 진행)|서보람(홍보/마케팅 진행)|박혜영(홍보/마케팅 진행)|최효원(온라인마케팅)|서주희(온라인마케팅)|박선민(온라인마케팅)|김경문(온라인마케팅)|최지연(온라인마케팅)|김재연(온라인마케팅)|문재원(온라인마케팅)|성윤제(온라인마케팅)|김예은(온라인마케팅)|김다예(온라인마케팅)|노이경(온라인마케팅)|이거승(온라인마케팅)|이창민(온라인마케팅)|이동형(광고디자인)|박동우(광고디자인)|최지웅(광고디자인)|이성근(메이킹필름)|이진우(예고편)|조영수(예고편)|박보성(배급진행)|황혁순(배급진행)|이호은(배급진행)|손영경(배급진행)|이윤기(배급진행)|이정하(배급진행)|박선영(배급진행)
20145141,위플래쉬,Whiplash,,2014,20150312,106,개봉,장편,미국,드라마,데이미언 셔젤,마일즈 텔러|J.K. 시몬스,(주)넥스트엔터테인먼트월드(NEW)(배급사)|워터홀컴퍼니(주)(배급사)|(주)쇼박스(배급사)|(주)콘텐츠판다(수입사)|워터홀컴퍼니(주)(수입사)|(주)에이든컴퍼니(수입사)|(주)에이든컴퍼니(제공)|(주)월드시네마(공동제공),2014-MF01430 (15세이상관람가),
20249564,노보케인,Novocaine,,2025,20250312,109,개봉,장편,미국,액션|코미디,댄 버크|로버트 올슨,잭 퀘이드|엠버 미드썬더|레이 니콜슨|제이콥 배덜런,롯데컬처웍스(주)롯데엔터테인먼트(배급사)|롯데컬처웍스(주)롯데엔터테인먼트(수입사)|파라마운트 픽쳐스(제공),2025-MF00464 (청소년관람불가),
20249325,에밀리아 페레즈,Emilia Perez,,2024,20250312,132,개봉,장편,프랑스,뮤지컬|코미디,자크 오디아르,카를라 소피아 가스콘|조 샐다나|셀레나 고메즈,그린나래미디어(주)(배급사)|(주)레드아이스 엔터테인먼트(배급사)|롯데컬처웍스(주)롯데시네마(배급사)|그린나래미디어(주)(수입사)|(주)레드아이스 엔터테인먼트(제공)|(주)키노라이츠(공동제공),2025-MF00215 (15세이상관람가),자크 오디아르(시나리오(각본))
20252551,화이트 버드,White Bird,,2023,20250312,121,개봉,장편,미국,드라마,마크 포스터,,주식회사 올랄라스토리(배급사)|찬란(수입사),2025-MF00135 (12세이상관람가),
20252795,제로베이스원 더 퍼스트 투어 [타임리스 월드] 인 시네마,ZEROBASEONE THE FIRST TOUR [TIMELESS WORLD] IN CINEMAS,,2025,20250312,109,개봉,장편,한국,공연,김하민|오윤동,,씨제이포디플렉스 주식회사(제작사)|스크린엑스 스튜디오(제작사)|씨제이포디플렉스 주식회사(배급사)|(주)씨제이이엔엠(제공),2025-MF00382 (전체관람가),박태장(제작)|김초윤(편집)|박건홍(편집팀)|김건우(편집)|이승현(편집)|신준희(편집)|김준서(DI팀)|정미해(기획)
20253101,극장판 진격의 거인 완결편 더 라스트 어택,Attack on Titan The Movie : THE LAST ATTACK,,2024,20250313,144,개봉,장편,일본,애니메이션,하야시 유이치로,카지 유우키|이시카와 유이|이노우에 마리나,(주)애니플러스(배급사)|(주)애니플러스(수입사),2025-MF00395(15세이상관람가),김유안(배급진행)|김유안(홍보/마케팅 진행)
20252023,"초혼, 다시 부르는 노래",The First Soul : Song Written Again,,2024,20250319,119,개봉,장편,한국,드라마,조정래,김정연|윤동원|박철민|김동완|신민규|김민중|정리노|홍순철|민하은|리우진|최용석|이나리|김하진|김혁종|구본진|김영웅|남태우|김진영|임성철|박도영|신연미|박지희|김준형|서문경|김최용준|김예지|박민선|심형탁|김병춘|정무성|조우주|권형준|이봉하|장관배|박소을|양진억|장세아|김진휘|박근태|이가희,주식회사 제이오엔터테인먼트코리아(제작사)|커넥트픽쳐스(주)(배급사),2024-MF03453 (15세이상관람가)|2025-MF00471(15세이상관람가),임성철(프로듀서)|박근태(라인프로듀서)|정인(제작팀)|고광준(제작팀)|김준형(제작팀)|김진영(제작관리)|윤진혁(데이타매니저)|조정래(시나리오(각본))|고광준(조감독)|최원석(조감독)|주영진(조감독)|문유빈(연출팀)|설주하(연출팀)|윤진혁(스크립터)|이영진(촬영)|최용진(촬영)|허준(촬영팀)|박규태(촬영팀)|노지우(촬영팀)|전승범(촬영팀)|김재홍(촬영팀)|강낙원(그립)|김동령(그립)|윤석원(조명)|어윤철(조명)|이우정(조명팀)|고건호(조명팀)|이지성(조명팀)|김태유(조명팀)|이상우(조명팀)|김진철(미술/프로덕션 디자인)|이혜진(소품)|김정숙(동시녹음)|이하은(붐오퍼레이터)|장관배(의상)|정경자(의상)|박진영(분장)|노지원(분장팀)|나경은(분장팀)|송재림(분장팀)|김선간(액션/스턴트)|이상하(액션/스턴트)|임동은(액션/스턴트팀)|이광호(액션/스턴트팀)|임태훈(액션/스턴트팀)|이태영(액션/스턴트팀)|홍의정(액션/스턴트팀)|윤대원(특수효과)|고광준(편집)|조정래(편집)|김정훈(편집)|김석원(사운드)|김현준(사운드믹싱)|조민경(대사)|유의정(사운드효과)|오준혁(사운드효과)|강민석(사운드효과)|김현준(폴리)|김정민(사운드팀)|홍윤성(사운드팀)|이장욱(시각효과)|문유빈(기타)|김창완(VFX 슈퍼바이저)|박준재(VFX 슈퍼바이저)|박장진(VFX 슈퍼바이저)|한유승(VFX 아티스트)|윤창석(VFX 아티스트)|김영화(VFX 아티스트)|이시연(VFX 아티스트)|이재운(VFX 아티스트)|정종길(DI팀)|최문희(DI팀)|김기문(DI팀)|강소연(DI팀)|손성주(DI팀)|정원석(DI팀)|이병희(DI팀)|백정훈(DI팀)|유선우(DI팀)|김예원(DI팀)|오태연(DI팀)|박현진(DI팀)|박진호(DI팀)|윤석일(DI팀)|강민주(DI팀)|손효정(홍보/마케팅 진행)|이주연(홍보/마케팅 진행)|강진권(홍보/마케팅 진행)|김태주(홍보/마케팅 진행)|김보경(온라인마케팅)|이혜정(온라인마케팅)|강은경(온라인마케팅)|이다은(온라인마케팅)|최종범(온라인마케팅)|김정중(스틸)|김보은(예고편)|성진아(예고편)|장재영(예고편)|노재영(예고편)|유태인(예고편)|김동현(예고편)|남기웅(배급진행)|백재욱(VFX 슈퍼바이저)
20252503,200% 울프: 최강 푸들이 될 거야!,200% Wolf,,2024,20250312,98,개봉,장편,호주,애니메이션,알렉스 슈타더만,,(주)팝엔터테인먼트(배급사)|찬란(수입사),2024-MF03430 (전체관람가),
20216726,스트리밍,Streaming,,2021,20250321,91,개봉,장편,한국,스릴러,조장호,강하늘|하서윤|하경|하현수|한재영|김기두|이현후|박태산|송덕호|이도은|이소율|이한율|류연석|윤용식|이중곤|윤지수|추석영|임현수|김요한|한성연|고수진|원우|방효선|하현정|강영준|김태영|백민현,베리굿스튜디오(주)(제작사)|롯데컬처웍스(주)롯데엔터테인먼트(배급사)|롯데컬처웍스(주)롯데엔터테인먼트(제공)|오거스트벤처파트너스 유한회사(공동제공),2025-MF00512 (청소년관람불가),박수희(대사)|서지원(사운드효과)|김현규(사운드효과)|노효진(폴리)|김한얼(폴리)|문재홍(폴리)|김경호(사운드팀)|김창석(촬영팀)|강민철(그립)|김용복(그립)|정호승(그립)|김성환(촬영장비)|박주현(조명)|최지훈(조명팀)|김건우(조명팀)|김민서(조명팀)|이충희(조명팀)|김승용(조명팀)|김동혁(조명팀)|조규영(조명장비)|박옥경(미술/프로덕션 디자인)|최연희(미술팀)|류혜빈(미술팀)|전지원(미술팀)|권수연(미술팀)|유지현(미술팀)|장재이(미술팀)|남정현(미술팀)|강지연(미술팀)|박정현(미술팀)|김남호(세트)|김형우(세트팀)|임한빈(세트팀)|김용석(세트미술팀)|김봉연(세트미술팀)|김순근(소품)|최강원(소품팀)|강한글(소품팀)|박성희(소품팀)|김용구(동시녹음)|김태오(붐오퍼레이터)|김다빈(붐오퍼레이터)|안하영(의상)|홍수희(의상)|유민주(의상팀)|최영심(분장)|김소연(분장팀)|김진영(분장팀)|신하나(분장팀)|이세린(분장팀)|최영심(헤어)|윤황직(특수분장)|윤기현(액션/스턴트)|김철준(액션/스턴트)|유시정(액션/스턴트팀)|심상용(액션/스턴트팀)|진영준(액션/스턴트팀)|전솔휘(액션/스턴트팀)|황인환(액션/스턴트팀)|안용우(액션/스턴트팀)|조제웅(액션/스턴트팀)|이성욱(편집)|허선미(편집)|조한울(편집)|이준오(음악)|공태원(사운드)|공태원(사운드디자이너)|공태원(사운드믹싱)|한승희(대사)|전애린(대사)|김진주(대사)|이재훈(투자)|장민호(투자)|이한별(투자)|윤이진(투자)|류혜진(투자)|이수정(투자)|이신영(투자)|김주연(투자)|김기백(투자)|윤수윤(투자)|나소라(투자)|김유나(투자)|이한나(투자)|이승현(투자)|엄미라(투자)|박진호(투자)|남세현(투자)|박수빈(투자)|맹지은(투자)|김찬수(투자)|김혜인(투자)|김세형(투자)|이경재(투자)|최병환(투자)|조성걸(제작)|나혜영(프로듀서)|김정환(라인프로듀서)|함근호(제작팀)|윤희용(제작팀)|백성욱(제작팀)|최현도(제작팀)|김승현(제작팀)|허도윤(제작팀)|김민준(제작팀)|이정우(제작팀)|정혜영(제작팀)|노홍태(제작팀)|김환수(제작팀)|차신혜(제작팀)|박재우(제작팀)|하윤수(제작팀)|백연정(제작팀)|정승채(제작팀)|고덕화(제작팀)|최영미(제작회계)|김가빈(데이타매니저)|손진우(데이타매니저)|조장호(시나리오(각본))|표유신(조감독)|강래진(연출팀)|이형주(연출팀)|김민정(연출팀)|소은호(스크립터)|이윤호(스토리보드)|이성욱(현장편집)|강상협(촬영)|조연수(카메라오퍼레이터)|김찬우(촬영팀)|이선홍(촬영팀)|이경호(촬영팀)|유성민(촬영팀)|이동선(촬영팀)|홍승표(촬영팀)|조성걸(기획)|박성진(시각효과)|이영용(VFX 슈퍼바이저)|이상헌(VFX 슈퍼바이저)|양오석(VFX 슈퍼바이저)|원재연(VFX 슈퍼바이저)|김경남(VFX 슈퍼바이저)|박송이(VFX 슈퍼바이저)|주지용(VFX 슈퍼바이저)|이인성(VFX 슈퍼바이저)|윤동욱(VFX 슈퍼바이저)|이진희(VFX 슈퍼바이저)|염도선(VFX 슈퍼바이저)|양시은(VFX 슈퍼바이저)|박성진(VFX 슈퍼바이저)|이승연(VFX 아티스트)|이아라(VFX 아티스트)|이안이(VFX 아티스트)|이나모(VFX 아티스트)|라지아(VFX 아티스트)|이병현(VFX 아티스트)|양은영(VFX 아티스트)|최현준(VFX 아티스트)|변지은(VFX 아티스트)|강민지(VFX 아티스트)|임영은(VFX 아티스트)|서유리(VFX 아티스트)|이세림(VFX 아티스트)|윤지영(VFX 아티스트)|고원이(VFX 아티스트)|최선진(VFX 아티스트)|박성진(VFX 아티스트)|양정연(VFX 아티스트)|심은지(VFX 아티스트)|김지수(VFX 아티스트)|이은희(VFX 아티스트)|오흥재(VFX 아티스트)|김혜주(VFX 아티스트)|이지담(VFX 아티스트)|김수정(VFX 아티스트)|유지숙(VFX 아티스트)|이옥환(VFX 아티스트)|차은서(VFX 아티스트)|이예원(VFX 아티스트)|장사라(VFX 아티스트)|김지은(VFX 아티스트)|김향옥(VFX 아티스트)|이유정(VFX 아티스트)|손윤혜(VFX 아티스트)|조다솔(VFX 아티스트)|장효선(VFX 아티스트)|손형록(VFX 아티스트)|이상헌(VFX 아티스트)|이소영(VFX 아티스트)|이영상(VFX 아티스트)|윤우현(VFX 아티스트)|김청(VFX 아티스트)|김지희(VFX 아티스트)|이진아(VFX 아티스트)|김지원(VFX 아티스트)|장보희(VFX 아티스트)|차현민(VFX 아티스트)|신기철(VFX 아티스트)|김형기(VFX 아티스트)|정재화(VFX 아티스트)|조용현(VFX 아티스트)|국두람(VFX 아티스트)|오은채(VFX 아티스트)|정담(VFX 아티스트)|신혜림(VFX 아티스트)|권영국(VFX 아티스트)|이성민(VFX 아티스트)|김희애(VFX 아티스트)|이혜준(VFX 아티스트)|임지영(VFX 아티스트)|조성희(VFX 아티스트)|김동균(VFX 아티스트)|이호현(VFX 아티스트)|김일태(VFX 아티스트)|정희원(VFX 아티스트)|전민지(VFX 아티스트)|김소나(VFX 아티스트)|이유민(VFX 아티스트)|오선미(VFX 아티스트)|김준태(VFX 아티스트)|송재우(VFX 아티스트)|방주영(VFX 아티스트)|김현태(VFX 아티스트)|이현준(VFX 아티스트)|박성수(VFX 아티스트)|박상헌(VFX 아티스트)|정영빈(VFX 아티스트)|남희완(VFX 매니지먼트)|유희란(VFX 매니지먼트)|정진욱(VFX 매니지먼트)|김유민(VFX 매니지먼트)|박태현(VFX 매니지먼트)|신윤호(VFX 매니지먼트)|이승현(VFX 매니지먼트)|허유림(VFX 매니지먼트)|이보람(VFX 매니지먼트)|김지현(VFX 매니지먼트)|이혜수(VFX 매니지먼트)|한태훈(VFX 매니지먼트)|김세연(VFX 매니지먼트)|황현철(VFX 매니지먼트)|박상호(VFX 매니지먼트)|유지혜(VFX 매니지먼트)|함혜진(VFX 매니지먼트)|김파랑(VFX 매니지먼트)|최가영(VFX 매니지먼트)|정제윤(애니메이션팀)|정래진(애니메이션팀)|이진우(애니메이션팀)|이찬희(DI팀)|장호선(DI팀)|김재형(DI팀)|강승원(DI팀)|김경식(DI팀)|이성현(DI팀)|이윤아(DI팀)|이호우(DI팀)|주영견(DI팀)|이지은(DI팀)|김제현(DI팀)|최겸(DI팀)|우석인(DI팀)|박용운(DI팀)|장동원(DI팀)|김원학(DI팀)|최은석(DI팀)|김형석(DI팀)|손승현(DI팀)|이혜민(DI팀)|김송희(홍보/마케팅 진행)|공은빈(홍보/마케팅 진행)|김소희(홍보/마케팅 진행)|양영희(홍보/마케팅 진행)|황승미(홍보/마케팅 진행)|유효정(홍보/마케팅 진행)|장보경(홍보/마케팅 진행)|김세형(온라인마케팅)|김아영(온라인마케팅)|이나라(온라인마케팅)|정민재(온라인마케팅)|이유솔(온라인마케팅)|김수민(온라인마케팅)|강나윤(온라인마케팅)|손상봉(온라인마케팅)|홍현의(온라인마케팅)|박지인(광고디자인)|안연경(광고디자인)|전민경(광고디자인)|서기웅(광고디자인)|이창주(광고디자인)|안대호(광고디자인)|안주영(포스터사진)|서지형(스틸)|이성민(메이킹필름)|조형제(메이킹필름)|조영윤(메이킹필름)|김하나(예고편)|강진경(예고편)|서병환(예고편)|황정현(예고편)|최혜린(예고편)|진영범(예고편)|김지은(예고편)|김나연(예고편)|배정현(예고편)|신의철(예고편)|최승원(예고편)|권연수(광고대행)|윤나영(광고대행)|이슬기(광고대행)|김정민(광고대행)|이승현(광고대행)|이해원(배급진행)|최수연(배급진행)|최한아(배급진행)|송승록(배급진행)|김나령(배급진행)|김수경(배급진행)|김종화(배급진행)|김도이(배급진행)|양소영(배급진행)|임건(배급진행)|김현철(배급진행)|조태희(기타)|박수야(기타)|유현아(기타)|유진아(기타)|우해정(기타)|이찬(기타)|김영혁(기타)|조성철(기타)|이수민(기타)|남지윤(기타)|신유나(기타)|황보미애(기타)|안성현(기타)|박신영(기타)|김수연(기타)
20243562,백설공주,SNOW WHITE,,2024,20250319,108,개봉,장편,미국,판타지|뮤지컬,마크 웹,레이첼 지글러|갤 가돗,월트디즈니컴퍼니코리아 유한책임회사(배급사)|월트디즈니컴퍼니코리아 유한책임회사(수입사),2025-MF00556 (전체관람가),
20244317,고독한 미식가 더 무비,The Solitary Gourmet,劇映画 孤独のグルメ,2025,20250319,110,개봉,장편,일본,드라마,마츠시게 유타카,마츠시게 유타카|우치다 유키|이소무라 하야토|무라타 타케히로|유재명|시오미 산세이|안|오다기리 죠,(주)빌리언스플러스(배급사)|(주)미디어캐슬(수입사)|(주)팬엔터테인먼트(제공),2025-MF00292 (전체관람가),마츠시게 유타카(시나리오(각본))
20241827,플로우,FLOW,,2024,20250319,84,개봉,장편,기타,애니메이션,긴츠 질발로디스,,판씨네마(주)(배급사)|판씨네마(주)(수입사),2025-MF00196 (전체관람가),
20253092,악령: 깨어난 시체,The Corpse,,2024,20250319,121,개봉,장편,베트남,공포(호러),,,(주)디스테이션(배급사)|(주)엔케이컨텐츠(수입사),2025-MF00441 (15세이상관람가),
20203863,승부,The Match,,2025,20250326,114,개봉,장편,한국,드라마,김형주,이병헌|유아인|고창석|현봉식|문정희|김강훈|남문철|주진모|전무송|정석용|조우진|손종학|김이산,(주)영화사 월광(제작사)|(주)비에이치 엔터테인먼트(공동제작사)|(주)바이포엠스튜디오(배급사)|(주)바이포엠스튜디오(제공),2025-MF00425 (12세이상관람가),고아라(투자)|정재훈(투자)|김창섭(사운드)|조영욱(음악)|정도안(특수효과)|조경규(특수효과)|박선(헤어)|박선(분장)|조상경(의상)|윤성기(동시녹음)|유청(소품)|박준용(소품)|정은영(미술/프로덕션 디자인)|한경욱(조명)|최운진(그립)|류억(촬영)|박주영(스크립터)|이규섭(조감독)|김형주(시나리오(각본))|윤종빈(시나리오(각본))|공다연(제작팀)|한효준(제작팀)|박인규(제작팀)|김상혁(제작팀)|김태원(프로듀서)|윤종빈(제작)|국수란(제작)|손석우(제작)|유귀선(투자)|한상일(투자)|이창주(광고디자인)|김선호(기타)|전민경(광고디자인)|안연경(광고디자인)|박지인(광고디자인)|김현지(온라인마케팅)|조수정(온라인마케팅)|최지애(온라인마케팅)|임수지(온라인마케팅)|이유진(온라인마케팅)|정미경(온라인마케팅)|여진달래(온라인마케팅)|이다희(홍보/마케팅 진행)|이채현(홍보/마케팅 진행)|김서연(기획진행)|김예진(기획진행)|김소희(기획진행)|김찬빈(기획진행)|박상은(기획진행)|윤종빈(기획)|이나리(홍보/마케팅 진행)|채민경(홍보/마케팅 진행)|장희연(홍보/마케팅 진행)|박진호(DI팀)|한재호(시각효과)|우해정(인쇄)|유진아(인쇄)|유현아(인쇄)|박수야(인쇄)|안대호(광고디자인)|서기웅(광고디자인)
20138661,케이온,K-ON,,2011,20130613,109,개봉,장편,일본,애니메이션,야마다 나오코,타케타츠 아야나,(주)팝엔터테인먼트(배급사)|에이원엔터테인먼트(배급사)|(주)팝엔터테인먼트(수입사)|에이원엔터테인먼트(수입사),2013-MF00062 (전체관람가),
20252976,3일,,,2025,,27,기타,단편,한국,드라마,,유승호|김동욱|서정연|유시현,씨제이 씨지브이(CJ CGV)(주)(배급사),2025-MF00456 (전체관람가),
20251552,컴패니언,Companion,,2024,20250319,96,개봉,장편,미국,스릴러,드류 행콕,소피 대처|잭 퀘이드|루카스 게이지|메건 수리|하비 길렌|루퍼트 프렌드,워너브러더스 코리아(주)(배급사)|워너브러더스 코리아(주)(수입사),2025-MF00006 (청소년관람불가),
20233008,로비,LOBBY,,2023,20250402,105,개봉,장편,한국,드라마|코미디,하정우,하정우|김의성|강해림|이동휘|박병은|강말금|최시원|차주영|박해수|곽선영|김용우,워크하우스컴퍼니(주)(제작사)|(주)필름모멘텀(제작사)|(주)쇼박스(배급사)|미시간벤처캐피탈(주)(제공)|(주)컴투스엔(제공)|(주)영화사벌집(해외세일즈사),2025-MF00572 (15세이상관람가),권나현(투자)|황인지(투자)|서지원(사운드효과)|달파란(음악)|나인정(편집팀)|윤초아(제작팀)|남서정(제작팀)|하정우(시나리오(각본))|김경찬(시나리오(각본))|소정오(촬영)|한지승(촬영팀)|박일현(미술/프로덕션 디자인)|박가이(미술팀)|강형철(동시녹음팀)|김호빈(편집)|김상범(편집)|엄한결(배급진행)|이자헌(온라인마케팅)|신현민(VFX 매니지먼트)|김민서(배급진행)
20252890,라스트 마일,Last Mile,ラストマイル,2024,20250326,129,개봉,장편,일본,스릴러|드라마,츠카하라 아유코,미츠시마 히카리|오카다 마사키|이시하라 사토미|아야노 고|호시노 겐,(주)엠디에스스피어(배급사)|(주)블루라벨픽쳐스(수입사),2025-MF00586 (12세이상관람가),
20253297,기동전사 건담 지쿠악스 비기닝,Mobile Suit Gundam GQuuuuuuX: Beginning,,2025,20250402,81,개봉,장편,일본,애니메이션,츠루마키 카즈야,쿠로사와 토모요|이시카와 유이,워터홀컴퍼니(주)(배급사)|주식회사 케이티스튜디오지니(수입사)|워터홀컴퍼니(주)(제공)|주식회사 케이티스튜디오지니(제공),2025-MF00577 (12세이상관람가),
20236234,프랑켄슈타인 아버지,Frankenstein Father,,2023,20250402,96,개봉,장편,한국,드라마,최재영,강길우|양흥주|이찬유,한국영화아카데미(제작사)|스튜디오 에이드(배급사)|주식회사 케이티스튜디오지니(해외세일즈사),2025-MF00085 (12세이상관람가),조근식(제작)|김동우(프로듀서)|유재경(프로듀서)|서정민(제작회계)|최재영(편집)|송혜령(촬영)|김근아(미술/프로덕션 디자인)|최재영(시나리오(각본))
20249250,브리짓 존스의 일기: 뉴 챕터,Bridget Jones: Mad About the Boy,,2025,20250416,124,개봉,장편,영국,코미디|멜로/로맨스|드라마,마이클 모리스,르네 젤위거|휴 그랜트|엠마 톰슨|치웨텔 에지오포|레오 우달,유니버설픽쳐스인터내셔널 코리아(유)(배급사)|유니버설픽쳐스인터내셔널 코리아(유)(수입사),2025-MF00269 (15세이상관람가),헬렌 필딩(시나리오(각본))
20060045,스윙걸즈,Swing Girls,スウィングガ-ルズ,2004,20060323,103,개봉,장편,일본,코미디,야구치 시노부,우에노 주리|간지야 시호리|모토카리야 유이카|히라오카 유타|타케나카 나오토,(주)팝엔터테인먼트(배급사)|데이지엔터테인먼트(배급사)|(주)팝엔터테인먼트(수입사)|데이지엔터테인먼트(수입사),2006-F052(12세관람가),
20253093,헤레틱,Heretic,,2024,20250402,111,개봉,장편,미국,스릴러|공포(호러),스콧 벡|브라이언 우즈,휴 그랜트|소피 대처,(주)이놀미디어(배급사)|롯데컬처웍스(주)롯데시네마(배급사)|㈜스튜디오오르카(수입사),2025-MF00427 (15세이상관람가),
20253233,세븐틴 [라잇 히어] 월드 투어 인 시네마,SEVENTEEN [RIGHT HERE] WORLD TOUR IN CINEMAS,,2025,20250402,131,개봉,장편,한국,공연,오윤동,,씨제이포디플렉스 주식회사(제작사)|스크린엑스 스튜디오(제작사)|(주)하이브(제작사)|씨제이포디플렉스 주식회사(배급사)|(주)하이브(제공),2025-MF00595(전체관람가),김초윤(편집)|신준희(편집)|김건우(편집)|이승현(편집)|박건홍(편집팀)|김준서(DI팀)
20241910,공포특급,Horror Express,,2025,20250402,91,개봉,장편,한국,공포(호러)|스릴러,김진웅,고이경|이태리|오하늬|이기창|아인|유하복|이칸희|조셉|노영주|소우진|황주섭|김의일|여민구|김건호|김태윤,스모크필름(제작사)|(주)스튜디오디에이치엘(배급사)|주식회사 케이티스튜디오지니(해외세일즈사),2025-MF00617 (15세이상관람가),서현진(제작)|김진웅(제작)|서현진(프로듀서)|김영기(제작팀)|권재경(제작팀)|서연제(제작팀)|구대성(제작팀)|서지영(제작회계)|김진웅(시나리오(각본))|이승희(윤색)|백예현(조감독)|차규환(조감독)|정민영(연출팀)|허다연(연출팀)|유한나(스크립터)|오진영(촬영)|오진영(촬영)|오진호(촬영팀)|김진구(촬영팀)|김현빈(촬영팀)|안세현(촬영팀)|이시은(촬영팀)|이강헌(촬영팀)|최용환(조명)|하명현(조명팀)|정해상(조명팀)|전종현(조명팀)|강승현(미술/프로덕션 디자인)|강현모(미술팀)|김나형(미술팀)|김상훈(동시녹음)|김진현(동시녹음)|최정한(동시녹음)|김경철(동시녹음팀)|오서현(분장)|김가경(분장팀)|이염(분장팀)|김윤희(특수분장)|오서현(특수분장)|정종배(특수효과)|고창환(특수효과팀)|이재준(특수효과팀)|전영훈(특수효과팀)|이창대(특수효과팀)|김진웅(편집)|왕성익(편집)|김문고(음악)|문혜성(음악)|허준혁(음악진행)|김관우(음악진행)|곽상준(음악진행)|박용현(음악진행)|김수현(사운드)|이성의(사운드디자이너)|이지윤(사운드디자이너)|이지윤(대사)|이용진(폴리)|이지윤(폴리)|이성의(폴리)|송승환(시각효과)|이성우(배급진행)|이혜진(VFX 아티스트)|김용태(VFX 아티스트)|백건학(VFX 아티스트)|윤예지(VFX 아티스트)|김미혜(VFX 아티스트)|이정민(VFX 아티스트)|노현준(DI팀)|노현준(DI팀)|황동욱(DI팀)|이연주(홍보/마케팅 진행)|구경성(홍보/마케팅 진행)|승문보(홍보/마케팅 진행)|박한진(온라인마케팅)|최진희(온라인마케팅)|정수연(온라인마케팅)|김지은(온라인마케팅)|조아현(온라인마케팅)|권나경(온라인마케팅)|임성윤(온라인마케팅)|김규민(온라인마케팅)|조윤서(온라인마케팅)|김호진(온라인마케팅)|배종우(광고디자인)|김영숙(광고디자인)|주미선(예고편)|김동철(예고편)|성주현(배급진행)|정해민(배급진행)|정민화(배급진행)|이수련(배급진행)|조은진(배급진행)|박여주2(배급진행)|김혜미(배급진행)|김민호(배급진행)|지준수(배급진행)|오기제(배급진행)|정근욱(배급진행)|이주현(배급진행)|황동욱(시각효과)
20249475,목소리들,VOICES,,2024,20250402,89,개봉,장편,한국,다큐멘터리,지혜원,,(주)스토리온(제작사)|미디어나무(주)(배급사),2025-MF00119 (12세이상관람가),
20251573,미스터 로봇,Mr.Robot,,2025,20250404,90,개봉,장편,한국,애니메이션,이대희,박성영|김연우|이호산|안영미|이달래|황동현|김동현,(주)이대희 애니메이션스튜디오(제작사)|(주)302플래닛(제작사)|㈜인디스토리(제작사)|(주)스튜디오 미르(공동제작사)|(주)더블유에이지(공동제작사)|(주)넥스트엔터테인먼트월드(NEW)(배급사)|(주)더블유에이지(해외세일즈사),2025-MF00251 (12세이상관람가),김종규(투자)|김경호(사운드팀)|진오식(투자)|황찬주(투자)|이명현(투자)|현나영(투자)|이영재(투자)|권나현(투자)|박한희(투자)|황인지(투자)|박정희(투자)|최평호(투자)|조일형(투자)|김재훈(투자)|전상균(투자)|박관우(투자)|김준영(투자)|박정희(제작)|유재명(제작)|곽용수(제작)|이형신(제작)|이대희(제작)|이임걸(제작)|이형신(프로듀서)|강재규(프로듀서)|이임걸(프로듀서)|한예슬(제작관리)|강길호(시나리오(각본))|이임걸(각색)|김수민(각색)|이대희(각색)|김민조(윤색)|이재홍(조감독)|조연성(스토리보드)|김유정(스토리보드)|김수민(스토리보드)|이대희(스토리보드)|김수민(촬영)|성철(미술/프로덕션 디자인)|강길호(편집)|류희천(음악)|강현정(작사/작곡/편곡)|나유(작사/작곡/편곡)|김진중(작사/작곡/편곡)|류희천(작사/작곡/편곡)|공태원(사운드)|공태원(사운드디자이너)|한승희(대사)|전애린(대사)|김진주(대사)|서지원(사운드효과)|공진욱(사운드효과)|노효진(폴리)|김한얼(폴리)|문재홍(폴리)|김지수(투자)|송승화(애니메이션팀)|이지민(애니메이션팀)|정덕영(애니메이션팀)|김수민(애니메이션팀)|백혜진(애니메이션팀)|김정범(애니메이션팀)|김석동(애니메이션팀)|김수민(애니메이션팀)|박규리(애니메이션팀)|유영훈(애니메이션팀)|임예현(애니메이션팀)|최다혜(애니메이션팀)|정덕영(애니메이션팀)|최신혁(애니메이션팀)|백혜진(애니메이션팀)|김정범(애니메이션팀)|김수민(애니메이션팀)|김지애(애니메이션팀)|김유빈(애니메이션팀)|김지은(애니메이션팀)|박수현(애니메이션팀)|백혜진(애니메이션팀)|김정범(애니메이션팀)|안혜진(애니메이션팀)|금소정(애니메이션팀)|최승우(애니메이션팀)|박상희(애니메이션팀)|김한영(애니메이션팀)|김진용(애니메이션팀)|이지민(애니메이션팀)|강길호(애니메이션팀)|이재홍(애니메이션팀)|김준호(애니메이션팀)|이대희(애니메이션팀)|문기탁(애니메이션팀)|김연규(애니메이션팀)|오창문(애니메이션팀)|오지원(애니메이션팀)|이현중(애니메이션팀)|송제호(애니메이션팀)|이종호(애니메이션팀)|이재홍(애니메이션팀)|송제호(애니메이션팀)|성철(애니메이션팀)|성철(애니메이션팀)|성철(애니메이션팀)|김희조(애니메이션팀)|송제호(애니메이션팀)|성철(애니메이션팀)|김희조(애니메이션팀)|송제호(애니메이션팀)|성철(애니메이션팀)|김수민(애니메이션팀)|이재홍(애니메이션팀)|정종길(DI팀)|최문희(DI팀)|김기문(DI팀)|강소연(DI팀)|손성주(DI팀)|정원석(DI팀)|이병희(DI팀)|백정훈(DI팀)|유선우(DI팀)|김예원(DI팀)|박현진(DI팀)|강민주(DI팀)|오태연(DI팀)|박진호(DI팀)|윤석일(DI팀)|정난희(홍보/마케팅 진행)|양유희(홍보/마케팅 진행)|이솜결(홍보/마케팅 진행)|장문경(홍보/마케팅 진행)|김도희(홍보/마케팅 진행)|김도희(홍보/마케팅 진행)|최원영(홍보/마케팅 진행)|최효원(온라인마케팅)|박선민(온라인마케팅)|서주희(온라인마케팅)|김경문(온라인마케팅)|최지연(온라인마케팅)|김서정(온라인마케팅)|권나연(온라인마케팅)|강유신(온라인마케팅)|이송희(온라인마케팅)|함지혜(온라인마케팅)|이윤실(온라인마케팅)|이창민(온라인마케팅)|이동형(광고디자인)|박동우(광고디자인)|최지웅(광고디자인)|김태은(예고편)|김현준(예고편)|주하정(예고편)|최용진(예고편)|정상화(예고편)|양기정(광고대행)|양현철(광고대행)|강재규(배급진행)|김종규(배급진행)|김지수(배급진행)|박정희(배급진행)|문서영(배급진행)|신재승(배급진행)|김민선(배급진행)|류상헌(배급진행)|장성일(운송)|장원삼(운송)|조응주(기타)
20232394,야당,YADANG: THE SNITCH,,2024,20250416,122,개봉,장편,한국,범죄|액션,황병국,강하늘|유해진|박해준|류경수|채원빈|유성주|김금순|조완기|곽자형|김성현|이수아|황은총|박준기|김민규|이건영|송하선|윤화서|오충근|윤태수|윤현길|박지홍|우지현|홍서준|권혁|정도원|이정수|박완규|박민이|한동원|공재민|김병희|김정팔|장용철|박윤희|서광재|김예지|이주석|최홍락|백진욱|이시엘|허웅|홍성오|송유하|조하성|차희|장남수|설창희|서문호|손인용|윤종구|선연수|윤소희|손다연|강한별|김이석|김미숙|이동규|김경아|하동준|김주희|현오봉|양권석|한성수|안진희|이동용|김대근|조창래|김민범|송윤하|김지원|추은경|이주미|김사훈|정해진|송대규|최민|박민제|이한준|이순풍|전진우|박도영|신동호|윤현승|차솔몬|이진아|김홍표|엄기영,(주)하이브미디어코프(제작사)|메가박스중앙(주) 플러스엠 엔터테인먼트(배급사)|메가박스중앙(주) 플러스엠 엔터테인먼트(제공),2025-MF00728 (청소년관람불가),조유정(투자)|김원국(투자)|신하영(투자)|김아연(투자)|전영상(투자)|안종진(투자)|임나은(투자)|신이슬(투자)|안효림(투자)|임현진(투자)|함연주(투자)|김유진(투자)|Jeff(투자)|홍정인(투자)|강관호(제작)|김원국(제작)|김디나(프로듀서)|강가미(프로듀서)|김건무(제작팀)|최원준(제작팀)|최소연(제작팀)|이혜인(제작팀)|이형섭(제작팀)|이승화(제작팀)|민경빈(제작팀)|김상은(제작팀)|김보경(제작팀)|차기융(제작팀)|오수빈(제작팀)|노현정(제작팀)|노홍태(제작팀)|신주섭(제작팀)|이상현(제작팀)|한상민(제작팀)|박세은(제작팀)|김주은(제작팀)|함영상(제작팀)|정성민(제작팀)|조미연(제작팀)|정치우(제작팀)|조창래(제작팀)|정지원(제작회계)|김소연(제작회계)|김강영(제작회계)|김새로미(제작회계)|김동혁(로케이션매니저)|정치우(제작관리)|김영천(제작관리)|신정호(제작관리)|양준호(데이타매니저)|김태형(데이타매니저)|손진우(데이타매니저)|김효석(시나리오(각본))|황병국(각색)|윤순용(각색)|김주용(조감독)|민대웅(연출팀)|이자경(연출팀)|박민제(연출팀)|김승환(연출팀)|이성환(연출팀)|최지영(스크립터)|송성찬(스토리보드)|정진용(현장편집)|이모개(촬영)|박상일(촬영팀)|김준용(촬영팀)|지용도(촬영팀)|한상규(촬영팀)|강승필(촬영팀)|김태우(촬영팀)|박형서(촬영팀)|유상건(촬영팀)|김상범(촬영팀)|김도윤(촬영팀)|선종화(촬영팀)|김성안(촬영팀)|이지이(촬영팀)|안은재(촬영팀)|한호성(촬영팀)|박성호(촬영팀)|권진협(촬영팀)|임연이(촬영팀)|이원재(촬영팀)|임동환(촬영팀)|최재광(촬영팀)|이은수(그립)|김택선(그립)|엄종완(그립)|이건우(그립)|최진혁(그립)|박상연(그립)|홍정원(그립)|고근(특수촬영)|신혜주(특수촬영)|이도규(특수촬영)|김영환(특수촬영)|김승호(특수촬영)|우금호(촬영장비)|김도윤(촬영장비)|황용근(촬영장비)|이학송(촬영장비)|이성준(촬영장비)|이상조(촬영장비)|이수희(촬영장비)|최종훈(촬영장비)|홍진기(촬영장비)|장강석(촬영장비)|최건호(촬영장비)|박현원(조명)|이성환(조명)|박상욱(조명팀)|김시진(조명팀)|이승주(조명팀)|김상우(조명팀)|김민철(조명팀)|윤보현(조명팀)|윤인한(조명팀)|이학수(조명팀)|김이석(조명팀)|이세윤(조명팀)|김경모(조명팀)|최종복(조명팀)|박찬호(조명팀)|송대규(조명팀)|김남조(조명팀)|엄용흠(발전차)|강동식(조명장비)|황선명(조명장비)|이목원(미술/프로덕션 디자인)|노유진(아트디렉터)|한예림(미술팀)|서연주(미술팀)|한윤정(미술팀)|조수향(미술팀)|김경서(미술팀)|김다솜(미술팀)|정언지(미술팀)|김현승(세트)|김정현(세트팀)|강민승(세트팀)|정태찬(세트팀)|이경영(세트팀)|이희철(세트팀)|김형직(세트팀)|성승모(세트미술팀)|김형근(세트미술팀)|최윤석(세트미술팀)|박재완(소품)|하은서(소품팀)|이정민(소품팀)|성유진(소품팀)|김수미(소품팀)|박사라(소품팀)|김민지(소품팀)|박윤희(소품팀)|배준영(소품팀)|이은설(소품팀)|온세웅(동시녹음)|강주석(동시녹음)|이상준(동시녹음)|정현준(붐오퍼레이터)|송민정(붐오퍼레이터)|김진한(붐오퍼레이터)|오상윤(붐오퍼레이터)|곽정애(의상)|김지원(의상팀)|허유정(의상팀)|정지윤(의상팀)|이용순(의상디자이너)|이장효(의상차)|김서희(분장)|방은옥(분장팀)|김성우(분장팀)|이지민(분장팀)|이주송(분장팀)|이진주(분장팀)|김서희(헤어)|임승수(특수분장)|임지수(특수분장)|아이락 김(특수분장)|신지혜(특수분장)|박상현(특수분장)|박별이(특수분장)|배경서(특수분장)|지석호(특수분장)|강민수(특수분장)|정다운(특수분장)|남윤서(특수분장)|김유선(특수분장)|박소연(특수분장)|이의진(특수분장)|이효응(특수분장)|박신영(특수분장)|이희은(특수분장)|곽태용(특수분장)|황효균(특수분장)|윤성민(액션/스턴트)|허명행(액션/스턴트)|김주용(액션/스턴트팀)|경형준(액션/스턴트팀)|이원행(액션/스턴트팀)|맹승영(액션/스턴트팀)|김우람(액션/스턴트팀)|김민수(액션/스턴트팀)|민선기(액션/스턴트팀)|이재혁(액션/스턴트팀)|김태윤(액션/스턴트팀)|김한준(액션/스턴트팀)|이병희(액션/스턴트팀)|권태호(액션/스턴트팀)|류성철(액션/스턴트팀)|김남우(액션/스턴트팀)|김용학(액션/스턴트팀)|윤진율(액션/스턴트팀)|송원종(액션/스턴트팀)|장한승(액션/스턴트팀)|정민우(특수효과)|정도안(특수효과)|방성철(특수효과팀)|방은현(특수효과팀)|정성운(특수효과팀)|이은석(특수효과팀)|임종혁(특수효과팀)|윤형태(특수효과팀)|조경규(특수효과팀)|김원태(특수소품)|이준학(특수소품)|박재성(특수소품)|설충용(특수소품)|오원준(특수소품)|박철용(특수소품)|정주홍(특수차량)|한재환(특수차량)|김하나(편집)|김우현(편집)|윤혜영(편집팀)|김보경(편집팀)|이진희(음악)|김홍집(음악)|박진홍(사운드)|장철호(사운드디자이너)|박진홍(사운드디자이너)|박진홍(사운드믹싱)|박용기(사운드믹싱)|노윤주(대사)|박용기(대사)|한지영(폴리)|김동환(폴리)|정성권(폴리)|이서현(폴리)|김동현(사운드팀)|심승희(홍보/마케팅 진행)|신승연(홍보/마케팅 진행)|김예진(홍보/마케팅 진행)|김지수(홍보/마케팅 진행)|변다혜(홍보/마케팅 진행)|김수경(홍보/마케팅 진행)|조세훈(홍보/마케팅 진행)|김수민(온라인마케팅)|임훈(스틸)|서지형(스틸)|김진상(메이킹필름)|장희선(메이킹필름)|이경원(메이킹필름)|김소영(배급진행)|이현정(배급진행)|이진아(배급진행)|고유리(배급진행)|김유지(배급진행)|박부성(캐스팅)|이상엽(캐스팅)|손지영(캐스팅)|이덕형(캐스팅)|김향배(캐스팅)|문용승(캐스팅)|김용각(캐스팅)|류영훈(캐스팅)|이옥희(캐스팅)|김수경(식당차)|정태희(식당차)|이근철(기타)|정재희(기타)|김영일(기타)|정경재(기타)|임명균(기타)|박연희(기타)|최동석(기타)|정성엽(기타)|양윤정(VFX 아티스트)|문지원(VFX 아티스트)|이지담(VFX 아티스트)|정예린(VFX 아티스트)|정유내(VFX 아티스트)|이정미(VFX 아티스트)|양정모(VFX 아티스트)|정주호(VFX 아티스트)|이재복(VFX 아티스트)|전영무(VFX 아티스트)|김혜림(VFX 매니지먼트)|김풍(VFX 매니지먼트)|이재희(VFX 매니지먼트)|김혜송(VFX 매니지먼트)|김다솜(VFX 매니지먼트)|김은진(VFX 매니지먼트)|김다예(VFX 매니지먼트)|홍학기(VFX 매니지먼트)|임원범(VFX 매니지먼트)|심재훈(VFX 매니지먼트)|박세준(VFX 매니지먼트)|이미소(VFX 매니지먼트)|홍나슬(VFX 매니지먼트)|안진희(VFX 매니지먼트)|박지수(VFX 매니지먼트)|용나영(VFX 매니지먼트)|장재희(VFX 매니지먼트)|이현창(VFX 매니지먼트)|최유진(DI팀)|조용대(DI팀)|정다희(DI팀)|고명원(DI팀)|김성재(DI팀)|박정은(DI팀)|백지혜(DI팀)|김유나(DI팀)|이나래(DI팀)|정주호(DI팀)|김신혜(DI팀)|조원만(DI팀)|최철호(DI팀)|김정민(DI팀)|공채운(DI팀)|윤석주(DI팀)|유영진(DI팀)|김주호(DI팀)|최진호(DI팀)|이정훈(DI팀)|안상희(DI팀)|김범수(DI팀)|심상원(DI팀)|서강혁(DI팀)|채가희(DI팀)|송승현(DI팀)|김자남(DI팀)|임재형(DI팀)|정지호(DI팀)|김지욱(DI팀)|류연(DI팀)|박진영(DI팀)|서유나(홍보/마케팅 진행)|이명진(홍보/마케팅 진행)|최은영(홍보/마케팅 진행)|최희준(홍보/마케팅 진행)|김한아(기획)|강선주(기획)|김원국(기획)|최희선(기획진행)|이수진(기획진행)|임윤미(기획진행)|최창우(기획진행)|우상혁(기획진행)|김찬란(스턴트연기)|현승환(스턴트연기)|문경린(스턴트연기)|김진우(스턴트연기)|한문성(시각효과)|김동현(VFX 슈퍼바이저)|김도현(VFX 슈퍼바이저)|김익태(VFX 슈퍼바이저)|김승현(VFX 슈퍼바이저)|신철호(VFX 슈퍼바이저)|김보성(VFX 슈퍼바이저)|박동준(VFX 슈퍼바이저)|이승현(VFX 슈퍼바이저)|천영문(VFX 슈퍼바이저)|주우람(VFX 슈퍼바이저)|김지수(VFX 슈퍼바이저)|최혜주(VFX 슈퍼바이저)|정재훈(VFX 슈퍼바이저)|홍인표(VFX 슈퍼바이저)|조경훈(VFX 슈퍼바이저)|김지현(VFX 아티스트)|정규태(VFX 아티스트)|이세영(VFX 아티스트)|신혜원(VFX 아티스트)|윤여준(VFX 아티스트)|방민우(VFX 아티스트)|김선아(VFX 아티스트)|이은비(VFX 아티스트)|김수진(VFX 아티스트)|조연우(VFX 아티스트)|조재연(VFX 아티스트)|석지나(VFX 아티스트)|이하연(VFX 아티스트)|김다희(VFX 아티스트)|민청식(VFX 아티스트)|안주희(VFX 아티스트)|임지연(VFX 아티스트)|박준선(VFX 아티스트)|윤예희(VFX 아티스트)|박수영(VFX 아티스트)|김지수(VFX 아티스트)|허태정(VFX 아티스트)|권완호(VFX 아티스트)|김지연(VFX 아티스트)|최승용(VFX 아티스트)|도재진(VFX 아티스트)|이승주(VFX 아티스트)|이승은(VFX 아티스트)|김기연(VFX 아티스트)|조예정(VFX 아티스트)|최정원(VFX 아티스트)|김수경(VFX 아티스트)|박시영(VFX 아티스트)|서광현(VFX 아티스트)|장보희(VFX 아티스트)|오승진(VFX 아티스트)
20246665,아마추어,The Amateur,,2025,20250409,122,개봉,장편,미국,액션|스릴러,제임스 하위스,라미 말렉|레이첼 브로스나한|로렌스 피쉬번,월트디즈니컴퍼니코리아 유한책임회사(배급사)|월트디즈니컴퍼니코리아 유한책임회사(수입사),2025-MF00687 (12세이상관람가),
20171024,너의 췌장을 먹고 싶어,Let Me Eat Your Pancreas,君の膵臓をたべたい,2017,20171025,115,개봉,장편,일본,드라마,츠키카와 쇼,키타가와 케이코|오구리 슌|하마베 미나미|키타무라 타쿠미,(주)키노라이츠(배급사)|(주)넥스트엔터테인먼트월드(NEW)(배급사)|(주)미디어캐슬(수입사),2017-MF01535(12세이상관람가),
20253200,베러맨,Better Man,,2024,20250409,135,개봉,장편,영국,뮤지컬|판타지,마이클 그레이시,로비 윌리엄스,씨제이 씨지브이(CJ CGV)(주)(배급사)|찬란(배급사)|씨제이 씨지브이(CJ CGV)(주)(수입사),2025-MF00624 (15세이상관람가),
20081665,택시 드라이버,Taxi Driver,,1976,19890217,113,개봉,장편,미국,드라마|스릴러,마틴 스코세이지,조디 포스터|로버트 드 니로,남아진흥(주)(제작사),89-162(연소자관람불가),버나드 허만(음악)
20252543,드라이브 인 타이페이,WEEKEND IN TAIPEI,,2024,20250411,100,개봉,장편,프랑스,액션,조지 황,루크 에반스|계륜미|성 강,(주)영화특별시에스엠씨(배급사),2025-MF00680 (15세이상관람가),조지 황(시나리오(각본))|뤽 베송(시나리오(각본))
20253537,백설공주와 일곱난쟁이,Snow White and the 7 Dwarfs,,2025,20250410,80,개봉,장편,미국,애니메이션,,,(주)박수엔터테인먼트(배급사)|(주)박수엔터테인먼트(수입사),2025-MF00730 (전체관람가),
20235544,출동! 왕엉덩이 히어로: 털복숭이 꼬리도적단 소탕작전,Combat Wombat,,2020,20250412,84,개봉,장편,호주,애니메이션|액션|어드벤처,리카르드 쿠소,데보라 메일맨|에드 옥슨볼드,(주)팝엔터테인먼트(배급사)|(주)히스토리필름(수입사)|(주)팝엔터테인먼트(제공),2023-MF02653(전체관람가),
20253236,하보우만의 약속,known,,2025,20250416,87,개봉,장편,한국,다큐멘터리,이장호,,하보우만(제작사)|(주)드림팩트엔터테인먼트(배급사),2025-MF00839 (12세이상관람가),명기입(편집)
20253591,드롭,DROP,,2025,20250423,95,개봉,장편,미국,스릴러|미스터리,크리스토퍼 랜던,메간 페이|브랜든 스클레너,유니버설픽쳐스인터내셔널 코리아(유)(배급사)|유니버설픽쳐스인터내셔널 코리아(유)(수입사),2025-MF00511(15세이상관람가),
20249269,마리아,MARIA,,2024,20250416,122,개봉,장편,영국,드라마,파블로 라라인,안젤리나 졸리|피에르프란체스코 파비노|알바 로르와처,판씨네마(주)(배급사)|판씨네마(주)(수입사),2025-MF00671 (15세이상관람가),
20253331,열혈검사,The Prosecutor,,2024,20250416,117,개봉,장편,중국,액션,견자단,견자단|장지림|오진우,(주)디스테이션(배급사)|(주)엔케이컨텐츠(수입사)|주식회사 케이티스튜디오지니(공동제공),2025-MF00369 (15세이상관람가),
20253471,사유리,Sayuri,,2024,20250416,108,개봉,장편,일본,공포(호러),시라이시 코지,미나미데 료카|네기시 토시에|콘도 하나|우라베 후사코|키타로,(주)트리플픽쳐스(배급사)|(주)영화사조아(수입사)|(주)트리플픽쳐스(수입사),2025-MF00527 (15세이상관람가),
20240561,부전시장,,,2025,20250327,99,개봉,장편,한국,드라마,김시우,전무송|고인배|남경읍|서갑숙|조은숙|이용녀|김홍표|서울|김원용|윤예희|김경룡|유준혁,이로이웍스(제작사)|주식회사 블루필름웍스(배급사),2025-MF00442 (15세이상관람가),신연철(프로듀서)|최승호(제작관리)|최석재(조명)|송수덕(사운드)|오수진(음악)|김시우(시나리오(각본))|안세진(촬영)|김완동(동시녹음)|허성호(편집)|정진태(캐스팅)|홍수동(DI팀)|김시우(기획)
20253280,A MINECRAFT MOVIE 마인크래프트 무비,A MINECRAFT MOVIE,,2025,20250426,100,개봉,장편,미국,어드벤처|판타지,자레드 헤스,제이슨 모모아|잭 블랙,워너브러더스 코리아(주)(배급사)|워너브러더스 코리아(주)(수입사),2025-MF00731 (12세이상관람가),정성은(대사)|박원빈(대사)
20253797,극장판 프로젝트 세카이 부서진 세카이와 전해지지 않는 미쿠의 노래,COLORFUL STAGE! The Movie: A Miku Who Can't Sing,,2024,20250529,105,개봉,장편,일본,애니메이션,,,(주)애니플러스(배급사)|(주)애니플러스(수입사),2025-MF00709(전체관람가),
20218800,거룩한 밤: 데몬 헌터스,Holy Night: Demon Hunters,,2021,20250430,91,개봉,장편,한국,액션,임대희,마동석|서현|이다윗|경수진|정지소|최광일|류승수|전익령|맹승영|박건희|박주원|송요셉|박옥출|한기중|이다일|윤지원|남미정|박기선|차우진|김도건|서문호|이성우|이재석|이태영|임용순|나경철|이시형|이원행|정윤성|류성철|노재훈|김산성|최홍락|정경숙|이영준|홍지우|임서아|이서경|이다령|황태희|이건구|권지훈|김석진|조승연|황영윤|윤기현|정신영|문경린|이원행|김진우|박승진|김예성|민선기|민선기|지륜|김태윤|김우람|윤진율|현승환|유성곤|서문호|최진호|박현준,주식회사 빅펀치픽쳐스(제작사)|(주)노바필름(제작사)|롯데컬처웍스(주)롯데엔터테인먼트(배급사)|롯데컬처웍스(주)롯데엔터테인먼트(제공)|오거스트벤처파트너스 유한회사(공동제공)|롯데컬처웍스(주)롯데엔터테인먼트(해외세일즈사),2025-MF00554 (15세이상관람가),문경린(액션/스턴트팀)|박주원(액션/스턴트팀)|정신영(액션/스턴트팀)|윤기현(액션/스턴트팀)|황영윤(액션/스턴트팀)|조승연(액션/스턴트팀)|박건희(액션/스턴트팀)|김석진(액션/스턴트팀)|맹승영(액션/스턴트팀)|류성철(액션/스턴트팀)|정윤성(액션/스턴트팀)|임종혁(특수효과)|정도안(특수효과)|방성철(특수효과팀)|이현명(특수효과팀)|송영윤(특수효과팀)|이은석(특수효과팀)|이종진(특수효과팀)|김희태(특수효과팀)|김우진(특수효과팀)|조경규(특수효과팀)|김선민(편집)|정예빈(편집팀)|황은주(편집팀)|모그(음악)|전주희(작사/작곡/편곡)|임형진(작사/작곡/편곡)|장혁진(작사/작곡/편곡)|모그(작사/작곡/편곡)|김병인(사운드)|최태영(사운드)|최태영(사운드)|김병인(사운드)|조예진(사운드디자이너)|최태영(사운드믹싱)|김병인(사운드믹싱)|정은지(대사)|김주현(대사)|예은지(대사)|배유리(대사)|양혜진(사운드효과)|홍택현(폴리)|신이나(폴리)|이충규(폴리)|박성균(사운드팀)|황보람(사운드팀)|류연주(사운드팀)|강혜영(사운드팀)|한가영(사운드팀)|권민영(조명팀)|공정혁(조명팀)|김영근(조명팀)|강신범(조명팀)|하태연(조명팀)|정종훈(조명팀)|정성호(조명팀)|김찬우(조명팀)|김상우(조명팀)|배대길(조명팀)|이도욱(조명팀)|안재정(발전차)|오정우(조명장비)|이재성(미술/프로덕션 디자인)|안덕진(아트디렉터)|문소영(미술팀)|허나윤(미술팀)|유희경(미술팀)|김송(미술팀)|김지담(미술팀)|김남호(세트)|장경배(세트팀)|임한빈(세트팀)|이민재(세트미술팀)|이품재(세트미술팀)|최효선(소품)|김재이(소품팀)|주민지(소품팀)|윤아름(소품팀)|오세정(소품팀)|안복남(동시녹음)|이금열(붐오퍼레이터)|강나루(붐오퍼레이터)|김다현(동시녹음팀)|남지수(의상)|주소영(의상팀)|김주연(의상팀)|남유림(의상팀)|남지수(분장)|천승미(분장팀)|김려진(분장팀)|형유리(분장팀)|남지수(헤어)|김지수(특수분장)|임승수(특수분장)|임지수(특수분장)|박수민(특수분장)|이가영(특수분장)|김성현(특수분장)|신지혜(특수분장)|권은정(특수분장)|설하운(특수분장)|피대성(특수분장)|윤성민(액션/스턴트)|허명행(액션/스턴트)|현승환(액션/스턴트팀)|윤진율(액션/스턴트팀)|김우람(액션/스턴트팀)|김태윤(액션/스턴트팀)|지륜(액션/스턴트팀)|김예성(액션/스턴트팀)|박승진(액션/스턴트팀)|김진우(액션/스턴트팀)|이원행(액션/스턴트팀)|이재훈(투자)|장민호(투자)|이한별(투자)|윤이진(투자)|류혜진(투자)|이수정(투자)|이신영(투자)|나소라(투자)|김유나(투자)|김주연(투자)|윤수윤(투자)|김기백(투자)|이한나(투자)|이승현(투자)|엄미라(투자)|박진호(투자)|남세현(투자)|박수빈(투자)|맹지은(투자)|최원기(제작)|마동석(제작)|남희현(프로듀서)|최수임(라인프로듀서)|엄형민(제작팀)|이은철(제작팀)|김종혁(제작팀)|신일용(제작팀)|신진철(제작팀)|최윤정(제작회계)|신보현(제작회계)|신진철(제작관리)|한승완(데이타매니저)|임대희(시나리오(각본))|최청일(조감독)|이우정(연출팀)|오세인(연출팀)|조훈휘(연출팀)|최우아(스크립터)|송선찬(스토리보드)|정원준(현장편집)|전혜진(촬영)|김지용(촬영)|전재형(촬영팀)|박형서(촬영팀)|김성진(촬영팀)|배수철(촬영팀)|서현식(촬영팀)|윤정현(촬영팀)|류승빈(촬영팀)|송은경(촬영팀)|남종현(촬영팀)|이주연(촬영팀)|박인준(그립)|김기훈(그립)|손민석(그립)|조선호(그립)|조기훈(그립)|김승호(특수촬영)|김학수(촬영장비)|김민재(촬영장비)|박준우(조명)|이우정(조명팀)|이우정(조명팀)|민선기(스턴트연기)|정훈식(스턴트연기)|최상식(스턴트연기)|조연희(스턴트연기)|이서영(스턴트연기)|김경애(스턴트연기)|윤성민(스턴트연기)|정재훈(시각효과)|신철호(VFX 슈퍼바이저)|민준호(VFX 슈퍼바이저)|김성철(VFX 슈퍼바이저)|전승만(VFX 슈퍼바이저)|석종연(VFX 슈퍼바이저)|김건후(VFX 슈퍼바이저)|이재범(VFX 슈퍼바이저)|이길영(VFX 슈퍼바이저)|김태용(VFX 슈퍼바이저)|신민수(VFX 슈퍼바이저)|강문정(VFX 슈퍼바이저)|조세환(VFX 아티스트)|전호빈(VFX 아티스트)|현기봉(VFX 아티스트)|정한길(VFX 아티스트)|이서지(VFX 아티스트)|안홍주(VFX 아티스트)|김다솔(VFX 아티스트)|양수연(VFX 아티스트)|장결(VFX 아티스트)|권기연(VFX 아티스트)|김근영(VFX 아티스트)|오예진(VFX 아티스트)|정소엽(VFX 아티스트)|이해진(VFX 아티스트)|김예린(VFX 아티스트)|김수민(VFX 아티스트)|한미영(VFX 아티스트)|원준(VFX 아티스트)|김동현(VFX 아티스트)|조은원(VFX 아티스트)|여주현(VFX 아티스트)|이지민(VFX 아티스트)|최지원(VFX 아티스트)|심은지(VFX 아티스트)|이연정(VFX 아티스트)|서상천(VFX 아티스트)|김인내(VFX 아티스트)|오정현(VFX 아티스트)|모세훈(VFX 아티스트)|권내영(VFX 아티스트)|김병준(VFX 아티스트)|류가연(VFX 아티스트)|강신철(VFX 아티스트)|김희주(VFX 아티스트)|유소현(VFX 아티스트)|이경지(VFX 아티스트)|최진영(VFX 아티스트)|주은진(VFX 아티스트)|최재혁(VFX 아티스트)|양승원(VFX 아티스트)|유설(VFX 아티스트)|윤진일(VFX 아티스트)|심찬필(VFX 아티스트)|최근호(VFX 아티스트)|김태산(VFX 아티스트)|김현찬(VFX 아티스트)|주정현(VFX 아티스트)|김동후(VFX 아티스트)|최준하(VFX 아티스트)|강병훈(VFX 아티스트)|곽소진(VFX 아티스트)|장세광(VFX 아티스트)|조현진(VFX 아티스트)|박상헌(VFX 아티스트)|정영빈(VFX 아티스트)|이경희(VFX 아티스트)|김예영(VFX 아티스트)|장광호(VFX 아티스트)|우린(VFX 아티스트)|이혜진(VFX 아티스트)|함나현(VFX 아티스트)|이현창(VFX 아티스트)|심은지(VFX 매니지먼트)|채주희(VFX 매니지먼트)|김수민(VFX 매니지먼트)|백창주(VFX 매니지먼트)|박상호(VFX 매니지먼트)|황현철(VFX 매니지먼트)|김예솔(VFX 매니지먼트)|이승은(VFX 매니지먼트)|강성현(VFX 매니지먼트)|이은선(VFX 매니지먼트)|이연경(VFX 매니지먼트)|하이주(VFX 매니지먼트)|정아름(VFX 매니지먼트)|김혜진(VFX 매니지먼트)|강문정(VFX 매니지먼트)|윤정욱(애니메이션팀)|최유진(DI팀)|조용대(DI팀)|정다희(DI팀)|고명원(DI팀)|박정은(DI팀)|백지혜(DI팀)|이나래(DI팀)|정주호(DI팀)|김신혜(DI팀)|조원만(DI팀)|김윤수(DI팀)|최철호(DI팀)|김정민(DI팀)|공채운(DI팀)|윤석주(DI팀)|유영진(DI팀)|최진호(DI팀)|이정훈(DI팀)|안상희(DI팀)|김범수(DI팀)|서강혁(DI팀)|채가희(DI팀)|송승현(DI팀)|김자남(DI팀)|임재형(DI팀)|심상원(DI팀)|정지호(DI팀)|김지욱(DI팀)|류연(DI팀)|신정은(DI팀)|박진영(DI팀)|김송희(홍보/마케팅 진행)|공은빈(홍보/마케팅 진행)|김소희(홍보/마케팅 진행)|양영희(홍보/마케팅 진행)|황승미(홍보/마케팅 진행)|유효정(홍보/마케팅 진행)|장보경(홍보/마케팅 진행)|최효원(온라인마케팅)|박선민(온라인마케팅)|서주희(온라인마케팅)|김경문(온라인마케팅)|최지연(온라인마케팅)|김서정(온라인마케팅)|권나연(온라인마케팅)|강유신(온라인마케팅)|이송희(온라인마케팅)|함지혜(온라인마케팅)|이윤실(온라인마케팅)|이창민(온라인마케팅)|이동형(광고디자인)|박동우(광고디자인)|최지웅(광고디자인)|차민정(포스터사진)|이슬기(스틸)|차민정(스틸)|박건우(메이킹필름)|강경우(메이킹필름)|강동우(메이킹필름)|임선진(예고편)|최용진(예고편)|정상화(예고편)|최혜린(예고편)|진영범(예고편)|김지은(예고편)|김나연(예고편)|배정현(예고편)|신의철(예고편)|최승원(예고편)|신유빈(광고대행)|윤나영(광고대행)|이슬기(광고대행)|김정민(광고대행)|이승현(광고대행)|박수야(인쇄)|유현아(인쇄)|유진아(인쇄)|우해정(인쇄)|이해원(배급진행)|최수연(배급진행)|최한아(배급진행)|송승록(배급진행)|김나령(배급진행)|김수경(배급진행)|김종화(배급진행)|김도이(배급진행)|양소영(배급진행)|임건(배급진행)|김현철(배급진행)|이상길(캐스팅디렉터)|김선아(캐스팅)|이영섭(캐스팅)|조태희(기타)|이찬(기타)|김영혁(기타)|조성철(기타)|이수민(기타)|남지윤(기타)|신유나(기타)|황보미애(기타)|안성현(기타)|박신영(기타)|김수연(기타)|전영(기타)
20253651,압수수색: 내란의 시작,Search and Seizure: The Rise of an Insurrection,,2025,20250423,111,개봉,장편,한국,다큐멘터리,김용진,,뉴스타파 필름(제작사)|영화로운 형제(배급사),2025-MF00819 (12세이상관람가),장광연(프로듀서)
20030272,4월 이야기,April Story,四月物語,1998,20000408,66,개봉,장편,일본,멜로/로맨스|드라마,이와이 슌지,마츠 다카코|후지이 카오리,록웰아이즈 (ロックウェルアイズ)(제작사)|(주)미디어캐슬(배급사)|(주)팝파트너스(배급사)|(주)미디어캐슬(수입사)|박필름(주)(수입사)|(유)조이앤컨텐츠그룹(수입사),99-F204(12세관람가)|2013-MF00114 (12세이상관람가),
20246298,우리가 빛이라 상상하는 모든 것,All We Imagine as Light,,2024,20250423,117,개봉,장편,인도,드라마,파얄 카파디아,카니 쿠스루티|디브야 프라바|차야 카담,그린나래미디어(주)(배급사)|(주)레드아이스 엔터테인먼트(배급사)|그린나래미디어(주)(수입사)|(주)레드아이스 엔터테인먼트(제공),2025-MF00758 (15세이상관람가),파얄 카파디아(시나리오(각본))
20240398,파과,THE OLD WOMAN WITH THE KNIFE,,2024,20250430,122,개봉,장편,한국,액션|드라마|미스터리,민규동,이혜영|김성철|연우진|옥자연|현봉식|정현준|윤채나|길해연|박지아|박명신|권다함|리민|윤슬|최민철|한해인|김강우|김무열|최무성|신시아|천호진|이용녀|기주봉|조한철|남명렬|전노민|양주미|양주미|조경현|복세훈,(주)수필름(제작사)|(주)넥스트엔터테인먼트월드(NEW)(배급사)|엠라인디스트리뷰션(주)(해외세일즈사),2025-MF00623 (15세이상관람가),이민희(투자)|조수진(투자)|장철희(투자)|황아현(투자)|전솔아(투자)|민윤환(투자)|박영수(투자)|배하나(투자)|송아름(투자)|김수연(투자)|김재민(투자)|김우택(투자)|민진수(제작)|박재성(프로듀서)|이기훈(라인프로듀서)|박리안(제작팀)|김동완(시나리오(각본))|민규동(시나리오(각본))|함현경(윤색)|김다영(윤색)|윤유경(윤색)|변혜주(윤색)|김주리(윤색)|곽병민(조감독)|이주미(연출팀)|서정암(연출팀)|최성은(스크립터)|이재우(촬영)|정종헌(카메라오퍼레이터)|조성경(촬영팀)|정민호(그립)|이재건(조명)|배정윤(미술/프로덕션 디자인)|한하진(소품팀)|손용익(동시녹음)|장주희(의상)|이유리(의상팀)|신연정(분장)|신연정(헤어)|김진표(특수분장)|신효진(특수분장)|심철민(액션/스턴트)|노남석(액션/스턴트)|홍장표(특수효과)|정지은(편집)|정지은(편집)|김준성(음악)|공태원(사운드)|전애린(대사)|서지원(사운드효과)|윤서혜(기획진행)|김민정(배급진행)|신상수(시각효과)|박진호(DI팀)|곽인선(홍보/마케팅 진행)|손서경(홍보/마케팅 진행)|이은아(홍보/마케팅 진행)|이주연(홍보/마케팅 진행)|문수영(홍보/마케팅 진행)|최시은(홍보/마케팅 진행)|김우진(홍보/마케팅 진행)|이소정(홍보/마케팅 진행)|박민지(홍보/마케팅 진행)|전지현(홍보/마케팅 진행)|임성록(홍보/마케팅 진행)|김민지(홍보/마케팅 진행)|김지희(홍보/마케팅 진행)|이다원(홍보/마케팅 진행)|김혜지(온라인마케팅)|정민지(온라인마케팅)|한규정(온라인마케팅)|박원희(온라인마케팅)|김혜라(온라인마케팅)|박은비(온라인마케팅)|김서현(온라인마케팅)|한누리(광고디자인)|배은별(광고디자인)|이관용(광고디자인)|민성애(스틸)|유혜선(메이킹필름)|이미경(예고편)|채유라(예고편)|김보영(배급진행)|박향(배급진행)|김성태(배급진행)|서가영(배급진행)|김경은(배급진행)|한태문(배급진행)|임재환(배급진행)|김도은(배급진행)|문서영(배급진행)|신재승(배급진행)|김민선(배급진행)|류상헌(배급진행)|김주리(기획진행)
20254062,"극장판 뱅드림! 잇츠 마이고!!!!! 전편: 봄의 양지, 방황하는 고양이",BanG Dream! It's MyGO!!!!!,劇場版 BanG Dream! It's MyGO!!!!! 前編 : 春の陽だまり、迷い猫,2024,20250424,118,개봉,장편,일본,애니메이션,카키모토 코다이,,(주)애니플러스(배급사)|(주)애니플러스(수입사),2025-MF00945 (전체관람가),
20040564,카우보이 비밥-천국의문,Cowboy Bebop: The Movie,天國の扉,2001,20031003,115,개봉,장편,일본,애니메이션|액션,와타나베 신이치로,이시즈카 운쇼|야마데라 코이치,콜럼비아트라이스타㈜(배급사)|콜럼비아트라이스타㈜(수입사),2003-F261(12세관람가),
20253505,스노우 폭스2: 몬스터타운 구하기,Arctic Dogs : The Magic Portal,Il portale magico,2025,20250426,83,개봉,장편,미국,애니메이션,,,(주)팝엔터테인먼트(배급사)|(주)히스토리필름(수입사),2025-MF00802 (전체관람가),
20253530,시크릿쥬쥬 마법의 하모니,,,2025,20250501,69,개봉,장편,한국,애니메이션,조경호,박선영|이명호,(주)씨제이이엔엠(배급사)|(주)영실업(제공)|(주)씨제이이엔엠(공동제공),2025-MF00814 (전체관람가),
20246318,해피엔드,Happyend,,2024,20250430,113,개봉,장편,일본,드라마,소라 네오,쿠리하라 하야토|히다카 유키토|하야시 유타|시나 펭|아라지|이노리 키라라|나카지마 아유무,(주)영화사 진진(배급사)|주식회사 로아앤코홀딩스(배급사)|(주)영화사 진진(수입사)|주식회사 로아앤코홀딩스(제공),2025-MF00440 (15세이상관람가),
20194912,바이러스,Virus,,2025,20250507,98,개봉,장편,한국,드라마,강이관,배두나|김윤석|장기하|문성근|김희원|오현경|민진웅|염혜란|유순웅|손석구|최형인|김예원|이경진|곽민호|홍석빈|김경일|박건락|이동용|문선용|황재열|곽진|박희본|박동일,더램프스튜디오(주)(제작사)|쏠라픽처스 주식회사(공동제작사)|(주)바이포엠스튜디오(배급사),2025-MF00741 (12세이상관람가),최이원(투자)|김지훈(투자)|우지연(투자)|정지은(투자)|김상우(투자)|윤수비(투자)|이정하(투자)|김재민(투자)|정예린(투자)|고아라(투자)|김우택(투자)|박진홍(투자)|최평호(투자)|김도한(투자)|김학윤(투자)|김영훈(투자)|조일형(투자)|이정석(투자)|서장호(투자)|정재훈(투자)|한상일(투자)|정윤중(투자)|유귀선(투자)|황인지(투자)|김윤석(제작)|박주영(제작)|박은경(제작)|정창훈(프로듀서)|강대욱(라인프로듀서)|오현암(제작팀)|도현운(제작팀)|최윤정(제작팀)|이성균(제작팀)|오시내(제작팀)|오세민(제작팀)|김재호(제작팀)|정한섭(제작팀)|최대희(제작팀)|정지은(제작팀)|임형규(제작팀)|임지원(제작팀)|이이슬(제작팀)|안재만(제작팀)|서민우(제작팀)|박시진(제작팀)|문경돈(제작팀)|김성호(제작팀)|김강산(제작팀)|조영래(제작팀)|김도창(제작팀)|김하영(제작팀)|박은찬(제작팀)|이정수(제작팀)|백수현(제작팀)|최동진(제작팀)|김우성(제작팀)|김한빛(제작팀)|이옥선(제작회계)|김현지(제작관리)|정승주(제작관리)|이지민(원작)|강이관(시나리오(각본))|윤유경(각색)|김윤석(각색)|손재혁(조감독)|이동훈(연출팀)|권희철(연출팀)|이호승(연출팀)|최어진(연출팀)|이형주(연출팀)|김남규(연출팀)|김재훈(스크립터)|함보람(스토리보드)|차주한(스토리보드)|박유경(현장편집)|김주현(현장편집)|최민호(촬영)|최제성(촬영)|황기석(촬영)|이시연(카메라오퍼레이터)|김양수(카메라오퍼레이터)|구자웅(촬영팀)|박찬선(촬영팀)|이재영(촬영팀)|정희윤(촬영팀)|권진협(촬영팀)|김후(촬영팀)|박상우(촬영팀)|차승우(촬영팀)|윤정섭(촬영팀)|이진수(촬영팀)|서진영(촬영팀)|강두원(그립)|이문홍(그립)|강석민(그립)|박관열(그립)|우금호(촬영장비)|이학송(촬영장비)|신경만(조명)|이종빈(조명팀)|은정현(조명팀)|임창종(조명팀)|김하진(조명팀)|홍초롱(조명팀)|한성민(조명팀)|김탁현(조명팀)|나두열(조명팀)|김영철(조명팀)|이슬우(조명팀)|이수민(조명팀)|김효신(조명팀)|강신범(조명팀)|하태연(조명팀)|박지훈(조명팀)|권민영(조명팀)|장덕재(조명팀)|김탁현(발전차)|정효준(발전차)|황선명(조명장비)|한두형(조명장비)|방길성(미술/프로덕션 디자인)|정윤미(미술팀)|김지현(미술팀)|김남호(세트)|박상수(세트팀)|유의석(세트팀)|전세현(세트팀)|김형우(세트팀)|강성현(세트팀)|장경배(세트팀)|김용석(세트미술팀)|김봉현(세트미술팀)|김순근(소품)|임다진(소품팀)|윤정현(소품팀)|강한글(소품팀)|권예영(동시녹음)|전상준(동시녹음)|강주석(동시녹음)|이가람(붐오퍼레이터)|김정숙(붐오퍼레이터)|조상경(의상)|변지호(의상팀)|신혜정(의상팀)|최윤선(의상팀)|장우현(의상디자이너)|신영진(의상디자이너)|함진희(의상디자이너)|김정자(분장)|황현규(분장)|이경훈(분장팀)|황소라(분장팀)|정다운(특수분장)|강정윤(특수분장)|남윤서(특수분장)|허윤(특수분장)|이효응(특수분장)|박영무(특수분장)|김유선(특수분장)|박소연(특수분장)|박신영(특수분장)|이희은(특수분장)|곽태용(특수분장)|황효균(특수분장)|유상섭(액션/스턴트)|전희정(액션/스턴트팀)|송원종(액션/스턴트팀)|윤대원(액션/스턴트팀)|김남우(액션/스턴트팀)|류성철(액션/스턴트팀)|김용학(액션/스턴트팀)|천준호(액션/스턴트팀)|이광기(액션/스턴트팀)|정윤성(액션/스턴트팀)|장한승(액션/스턴트팀)|권지훈(액션/스턴트팀)|김민수(액션/스턴트팀)|홍장표(특수효과)|이지훈(특수효과팀)|정종배(특수효과팀)|양진모(편집)|오혜진(편집팀)|양철모(편집팀)|이아연(편집팀)|김재원(편집팀)|이병우(음악)|문일오(음악진행)|이병우(작사/작곡/편곡)|김석원(사운드)|김은정(사운드믹싱)|김현준(사운드믹싱)|조민경(대사)|송정은(사운드효과)|이용후(사운드효과)|유의정(사운드효과)|오준혁(사운드효과)|강민석(사운드효과)|김현준(폴리)|김은정(폴리)|김정민(사운드팀)|오연우(사운드팀)|홍윤성(사운드팀)|정미경(온라인마케팅)|최지애(온라인마케팅)|유현진(광고디자인)|박시영(광고디자인)|조원진(포스터사진)|박병덕(스틸)|조원진(스틸)|장희선(메이킹필름)|김진상(메이킹필름)|편성민(예고편)|박종민(예고편)|김하나(예고편)|강진경(예고편)|서병환(예고편)|황정현(예고편)|박수야(인쇄)|유현아(인쇄)|유진아(인쇄)|우해정(인쇄)|황혁순(배급진행)|이윤기(배급진행)|이정하(배급진행)|박성윤(배급진행)|유상현(배급진행)|권현이(배급진행)|양정민(배급진행)|원석희(배급진행)|문형식(배급진행)|정현석(배급진행)|박상은(기획진행)|김찬빈(기획진행)|김소희(기획진행)|김예진(기획진행)|김서연(기획진행)|박의동(시각효과)|신진(시각효과)|양일석(시각효과)|박의동(VFX 슈퍼바이저)|강우경(VFX 슈퍼바이저)|장훈수(VFX 슈퍼바이저)|정광식(VFX 슈퍼바이저)|이소리(VFX 슈퍼바이저)|신진(VFX 슈퍼바이저)|양일석(VFX 슈퍼바이저)|김연수(VFX 아티스트)|노승수(VFX 아티스트)|강경임(VFX 아티스트)|배상민(VFX 아티스트)|오종택(VFX 아티스트)|박주희(VFX 아티스트)|장소영(VFX 아티스트)|김성래(VFX 아티스트)|조찬양(VFX 아티스트)|박가현(VFX 아티스트)|김예진(VFX 아티스트)|이다빈(VFX 아티스트)|정진훈(VFX 아티스트)|박민지(VFX 아티스트)|김화미(VFX 아티스트)|최재영(VFX 아티스트)|이준(VFX 아티스트)|정민지(VFX 아티스트)|홍성준(VFX 아티스트)|심은지(VFX 아티스트)|박지영(VFX 아티스트)|고수빈(VFX 아티스트)|강동우(VFX 아티스트)|김태호(VFX 아티스트)|김시은(VFX 아티스트)|홍현주(VFX 아티스트)|김형남(VFX 아티스트)|황문경(VFX 매니지먼트)|김희진(VFX 매니지먼트)|김애니(DI팀)|정상혁(DI팀)|한윤경(DI팀)|김소윤(DI팀)|김준영(DI팀)|백성빈(DI팀)|양소현(홍보/마케팅 진행)|이다겸(홍보/마케팅 진행)|김예령(홍보/마케팅 진행)|허문희(홍보/마케팅 진행)|이시연(홍보/마케팅 진행)|이다희(홍보/마케팅 진행)|유지혜(홍보/마케팅 진행)|박예송(온라인마케팅)|김지연(온라인마케팅)|이유진(온라인마케팅)|김현지(온라인마케팅)|여진달래(온라인마케팅)|최지수(온라인마케팅)|조수정(온라인마케팅)
20244883,썬더볼츠＊,Thunderbolts*,,2025,20250430,126,개봉,장편,미국,액션|어드벤처,제이크 슈레이어,플로렌스 퓨|세바스찬 스탠|와이어트 러셀|올가 쿠릴렌코|크리스 바우어|데이빗 하버|해나 존-케이먼|줄리아 루이스 드레퓌스,월트디즈니컴퍼니코리아 유한책임회사(배급사)|월트디즈니컴퍼니코리아 유한책임회사(수입사),2025-MF00992 (12세이상관람가),
20253924,쫑알쫑알 똘똘이: 이상한 마을 대모험,,,2025,20250430,59,개봉,장편,한국,애니메이션|코미디|가족,이상호,,(주)크레이지버드스튜디오(제작사)|(주)크레이지버드스튜디오(배급사),2025-MF00962 (전체관람가),홍수현(미술팀)|김태희(미술팀)|김태윤(아트디렉터)|조윤아(스토리보드)|최영진(스토리보드)|이상호(시나리오(각본))|김태윤(시나리오(각본))|이정은(제작관리)|허선(프로듀서)|강재규(프로듀서)|이경민(사운드팀)|성시연(사운드믹싱)|이하늘(사운드믹싱)|김민수(사운드)|세모로(음악)|정미화(미술팀)|김경문(온라인마케팅)|최지연(온라인마케팅)|이민지(온라인마케팅)|김서정(온라인마케팅)|권나연(온라인마케팅)|강유신(온라인마케팅)|이송희(온라인마케팅)|함지혜(온라인마케팅)|이윤실(온라인마케팅)|강재규(배급진행)|장성일(운송)|서주희(온라인마케팅)|박선민(온라인마케팅)|최효원(온라인마케팅)|최원영(홍보/마케팅 진행)|김도희(홍보/마케팅 진행)|김도희(홍보/마케팅 진행)|장문경(홍보/마케팅 진행)|이솜결(홍보/마케팅 진행)|양유희(홍보/마케팅 진행)|정난희(홍보/마케팅 진행)|문성근(애니메이션팀)|장원삼(운송)|김학규(애니메이션팀)|오봉균(애니메이션팀)|이근영(애니메이션팀)|엄중현(VFX 아티스트)|손병호(VFX 아티스트)|김주영(애니메이션팀)
20253595,괴수 8호: 미션 리컨,Kaiju No. 8: Mission Recon,,2025,20250507,119,개봉,장편,일본,애니메이션,미야 시게유키,후쿠니시 마사야|파이루즈 아이|세토 아사미|카와니시 켄고,메가박스중앙(주)(배급사)|(주)애니플러스(수입사),2025-MF00981 (15세이상관람가),
20244971,기동전사 건담 역습의 샤아,Mobile Suit Gundam: Char's Counterattack,機動戦士ガンダム 逆襲のシャア,1988,20250507,119,개봉,장편,일본,애니메이션,토미노 요시유키,후루야 토오루|이케다 슈이치|스즈오키 히로타카,(주)미디어캐슬(배급사)|(주)에스피오 엔터테인먼트코리아(수입사),2024-MF01551 (12세이상관람가),
20254240,에이티즈 월드 투어 [투워즈 더 라이트 : 윌 투 파워] 인 시네마 ,ATEEZ WORLD TOUR [TOWARDS THE LIGHT : WILL TO POWER] IN CINEMAS,,2025,20250507,125,개봉,장편,한국,공연,오윤동,,씨제이포디플렉스 주식회사(제작사)|스크린엑스 스튜디오(제작사)|씨제이포디플렉스 주식회사(배급사),2025-MF00969(전체관람가),김건우(프로듀서)|박예빈(라인프로듀서)|김초윤(편집)|박건홍(편집팀)|이승현(편집)|오수빈(홍보/마케팅 진행)|김준서(DI팀)|정미해(기획)
20246489,미션 임파서블: 파이널 레코닝,Mission: Impossible - The Final Reckoning,,2025,20250517,169,개봉,장편,미국,액션,크리스토퍼 맥쿼리,톰 크루즈|헤일리 앳웰|빙 라메스|사이먼 페그|바네사 커비|에사이 모랄레스|폼 클레멘티에프,롯데컬처웍스(주)롯데엔터테인먼트(배급사)|롯데컬처웍스(주)롯데엔터테인먼트(수입사)|파라마운트 픽쳐스(제공),2025-MF01092 (15세이상관람가),
20200703,극장판 귀멸의 칼날: 무한열차편,Demon Slayer: Kimetsu no Yaiba the Movie - Mugen Train,Kimetsu no Yaiba: Mugen Ressha-Hen,2020,20210127,116,개봉,장편,일본,애니메이션,소토자키 하루오,하나에 나츠키|키토 아카리|시모노 히로|마츠오카 요시츠구|히노 사토시|히라카와 다이스케|김연우,(주)넥스트엔터테인먼트월드(NEW)(배급사)|워터홀컴퍼니(주)(배급사)|에스엠지홀딩스 주식회사(수입사),2020-MF02752(15세이상관람가),김남정(홍보/마케팅 진행)
20224270,배드 가이즈,The Bad Guys,,2022,20220504,100,개봉,장편,미국,애니메이션|범죄|액션,피에르 페리펠,샘 록웰|크레이그 로빈슨|안소니 라모스|아콰피나|재지 비츠,유니버설픽쳐스인터내셔널 코리아(유)(배급사)|유니버설픽쳐스인터내셔널 코리아(유)(수입사),2022-MF00521(전체관람가),
20254466,위드 러브,LOVE HURTS,,2025,20250514,83,개봉,장편,미국,액션,조나단 유세비오,키 호이 콴|아리아나 데보스|오언조,유니버설픽쳐스인터내셔널 코리아(유)(배급사)|유니버설픽쳐스인터내셔널 코리아(유)(수입사),2025-MF01046 (청소년관람불가),
20253766,파이널 데스티네이션 블러드라인,Final Destination Bloodlines,,2025,20250514,109,개봉,장편,미국,공포(호러),아담 B. 스테인|잭 리포브스키,케이틀린 산타 후아나|테오 브리오네스|리처드 하몬|오웬 패트릭 조이너|안나 로어|브렉 배싱어|토니 토드,워너브러더스 코리아(주)(배급사)|워너브러더스 코리아(주)(수입사),2025-MF00919 (청소년관람불가),존 왓츠(시나리오(각본))
20253224,"다시 만날, 조국","Another his, SPRING",,2025,20250514,123,개봉,장편,한국,다큐멘터리,정윤철|정상진,조국,(주)엣나인필름(배급사)|㈜스튜디오 체인(배급사),2025-MF01105 (12세이상관람가),
20246048,세븐 베일즈,SEVEN VEILS,,2024,20250514,109,개봉,장편,캐나다,드라마,아톰 에고이안,아만다 사이프리드|더글라스 스미스,판씨네마(주)(배급사)|판씨네마(주)(수입사),2025-MF01063 (15세이상관람가),
20254861,라이즈 오디세이 프리미어 인 시네마,RIIZE ODYSSEY PREMIERE IN CINEMA,,2025,,42,기타,장편,한국,다큐멘터리,,,메가박스중앙(주)(배급사),2025-MF01193(전체관람가),
20247590,릴로 & 스티치,Lilo & Stitch,,2025,20250521,107,개봉,장편,미국,애니메이션,딘 플라이셔 캠프,크리스 샌더스,월트디즈니컴퍼니코리아 유한책임회사(배급사)|월트디즈니컴퍼니코리아 유한책임회사(수입사),2025-MF01079 (전체관람가),
20248633,주차금지,No Parking,,2025,20250521,90,개봉,장편,한국,스릴러,손현우,류현경|김뢰하|차선우|김장원|이정빈|장희정|김영선|정상훈|박성진|김정현,㈜영화사 주단(제작사)|㈜영화사 주단(배급사)|(주)엠디에스스피어(배급사)|(주)엠디에스스피어(공동제공)|(주)엠디에스스피어(해외세일즈사),2025-MF00997 (15세이상관람가),이성주(투자)|김정현(액션/스턴트)|최석원(DI팀)|손배호(DI팀)|이경민(배급진행)
20254687,"부정선거, 신의 작품인가",,,2025,20250521,107,개봉,장편,한국,다큐멘터리,,,루디아코프(배급사)|루디아코프(제공),2025-MF01177 (12세이상관람가),
20244961,그리드맨 유니버스,GRIDMAN UNIVERSE,グリッドマン ユニバース,2023,20250521,117,개봉,장편,일본,애니메이션,아메미야 아키라,미도리카와 히카루|히로세 유야|사이토 소마|미야모토 유메|에노키 준야|와카야마 시온,(주)미디어캐슬(배급사)|(주)미디어캐슬(수입사)|(주)팬엔터테인먼트(제공),2025-MF01047 (12세이상관람가),
20253956,나를 모르는 그녀의 세계에서,My Beloved Stranger,知らないカノジョ,2025,20250522,122,개봉,장편,일본,멜로/로맨스,미키 타카히로,나카지마 켄토|미레이,와이드 릴리즈(주)(배급사)|(주)키다리스튜디오(배급사)|주식회사 풍경소리(수입사)|(주)월드시네마(제공)|(주)키다리스튜디오(제공),2025-MF01026 (12세이상관람가),
20211791,하이파이브,HI-FIVE,,2025,20250530,119,개봉,장편,한국,코미디|액션,강형철,이재인|안재홍|유아인|라미란|김희원|김수혁|오정세|신구|박진영|진희경|장광|박형수|유승목|안승균|오하늬|김원해|이동휘|현봉식|정다원|윤지수|문도선|박병렬|이태영|강효준|김종태|임채선|이환진|노익현|류경환|장준현|박우준|이규영|최은경|임한나|배한용|이승철|김희상|임서영|최동구|김태순|송병훈|윤정로|최원|김기남|한주미|나진수|김우택|유진호|김영조|김봉희|박경현|박복만|박노아|김민규,(주)안나푸르나필름(제작사)|(주)넥스트엔터테인먼트월드(NEW)(배급사)|(주)넥스트엔터테인먼트월드(NEW)(제공),2025-MF01045 (15세이상관람가),이민희(투자)|조혜윰(투자)|양호정(투자)|김보영(투자)|박향(투자)|김성태(투자)|서가영(투자)|김경은(투자)|한태문(투자)|임재환(투자)|황아현(투자)|전솔아(투자)|민윤환(투자)|박영수(투자)|류상헌(투자)|배하나(투자)|송아름(투자)|김수연(투자)|김재민(투자)|유제천(투자)|서동욱(투자)|박진홍(투자)|김상욱(투자)|정홍규(투자)|최지현(투자)|백승재(투자)|유형권(투자)|한미미(투자)|김우택(투자)|이안나(제작)|안희진(프로듀서)|강대욱(라인프로듀서)|심규훈(제작팀)|허성우(제작팀)|박소혜(제작팀)|정인성(제작팀)|김형우(제작팀)|신종하(제작팀)|백수현(제작팀)|이옥선(제작팀)|서은경(제작회계)|이완희(로케이션매니저)|김강산(로케이션매니저)|류시진(제작관리)|김형은(데이타매니저)|진현우(데이타매니저)|유성권(스토리)|강형철(시나리오(각본))|강승연(조감독)|박은정(연출팀)|최승연(연출팀)|김준모(연출팀)|박상호(연출팀)|전해근(연출팀)|구본빈(연출팀)|하유빈(연출팀)|황재원(연출팀)|이승훈(스크립터)|이윤호(스토리보드)|이정민(현장편집)|조단비(현장편집)|최찬민(촬영)|김용민(카메라오퍼레이터)|백정민(촬영팀)|백승현(촬영팀)|하진수(촬영팀)|이성중(촬영팀)|변지원(촬영팀)|조성래(촬영팀)|방종건(촬영팀)|김지애(촬영팀)|이정현(촬영팀)|정성준(촬영팀)|김홍철(촬영팀)|김길태(촬영팀)|김가운(촬영팀)|최운진(그립)|이찬종(그립)|신준규(그립)|양형모(그립)|최운진(그립)|김영중(특수촬영)|이승규(특수촬영)|김동훈(조명)|유석문(조명)|신재혁(조명팀)|김시진(조명팀)|이병우(조명팀)|차호준(조명팀)|황건익(조명팀)|박진아(조명팀)|임수열(조명팀)|곽형섭(조명팀)|함승오(조명팀)|김기한(조명팀)|이병우(발전차)|김병한(미술/프로덕션 디자인)|이아름(아트디렉터)|이슬비(미술팀)|최햇님(미술팀)|박예령(미술팀)|남정현(미술팀)|이주현(미술팀)|김의현(미술팀)|전현선(미술팀)|이유정(미술팀)|안정숙(미술팀)|윤성혜(미술팀)|박옥경(세트)|이호형(세트팀)|김혜훈(세트팀)|이호준(세트팀)|이병진(세트미술팀)|박재완(소품)|최경일(소품팀)|김민지(소품팀)|김재희(소품팀)|장윤선(소품팀)|김은혜(소품팀)|박종근(동시녹음)|윤현종(붐오퍼레이터)|문광무(붐오퍼레이터)|금경배(붐오퍼레이터)|최의영(의상)|임지연(의상팀)|허혜원(의상팀)|박유경(의상팀)|이광우(의상차)|성소원(분장)|이보람(분장팀)|양고은(분장팀)|이영화(분장팀)|성소원(헤어)|윤희준(특수분장)|최지혜(특수분장)|박별이(특수분장)|배경서(특수분장)|강민수(특수분장)|정다운(특수분장)|강정윤(특수분장)|남윤서(특수분장)|김유선(특수분장)|허윤(특수분장)|박소연(특수분장)|박영무(특수분장)|박신영(특수분장)|이효응(특수분장)|이희은(특수분장)|황효균(특수분장)|양기한(분장차)|이건문(액션/스턴트)|김수영(액션/스턴트팀)|유시정(액션/스턴트팀)|김용훈(액션/스턴트팀)|송지민(액션/스턴트팀)|이병호(액션/스턴트팀)|백승엽(액션/스턴트팀)|한대룡(액션/스턴트팀)|조성구(액션/스턴트팀)|전시완(액션/스턴트팀)|권혁석(액션/스턴트팀)|김원진(액션/스턴트팀)|최준석(액션/스턴트팀)|박현선(액션/스턴트팀)|임동은(액션/스턴트팀)|오태승(액션/스턴트팀)|윤기현(액션/스턴트팀)|박용균(액션/스턴트팀)|김도연(액션/스턴트팀)|임효우(액션/스턴트팀)|심상민(액션/스턴트팀)|이학렬(액션/스턴트팀)|이상철(액션/스턴트팀)|이동민(액션/스턴트팀)|임태훈(액션/스턴트팀)|최광락(액션/스턴트팀)|김승필(액션/스턴트팀)|정택호(액션/스턴트팀)|황유현(액션/스턴트팀)|김도형(특수효과)|김만성(특수효과)|홍장표(특수효과)|한태민(특수효과팀)|박주연(특수효과팀)|이용준(특수효과팀)|박요한(특수효과팀)|전영훈(특수효과팀)|고창환(특수효과팀)|이진욱(특수효과팀)|추석훈(특수효과팀)|이지훈(특수효과팀)|정종배(특수효과팀)|남나영(편집)|윤우진(편집팀)|하미라(편집팀)|박지은(편집팀)|김준석(음악)|정혜빈(음악진행)|구본춘(음악진행)|정혜빈(작사/작곡/편곡)|신유진(작사/작곡/편곡)|김현도(작사/작곡/편곡)|주인로(작사/작곡/편곡)|이윤지(작사/작곡/편곡)|구본춘(작사/작곡/편곡)|김준석(작사/작곡/편곡)|이찬미(음악 믹싱/레코딩)|박승천(음악 믹싱/레코딩)|이성준(사운드)|이성준(사운드믹싱)|김영호(사운드믹싱)|이민섭(대사)|박지유(대사)|원지원(사운드효과)|김상열(사운드효과)|안다빈(사운드효과)|안기성(폴리)|한용희(사운드팀)|김현욱(사운드팀)|박윤선(예고편)|함현구(광고대행)|이연우(광고대행)|한진민(광고대행)|차승연(광고대행)|이유경(광고대행)|김정민(광고대행)|이승현(광고대행)|김찬열(인쇄)|서혜주(인쇄)|박용웅(인쇄)|김상현(인쇄)|박한기(인쇄)|김상우(배급진행)|이호은(배급진행)|황혁순(배급진행)|손영경(배급진행)|이윤기(배급진행)|최이원(배급진행)|김지훈(배급진행)|우지연(배급진행)|정지은(배급진행)|윤수비(배급진행)|이정하(배급진행)|김도은(배급진행)|문서영(배급진행)|신재승(배급진행)|김민선(배급진행)|박부성(캐스팅디렉터)|김용곤(캐스팅)|최우진(캐스팅)|류영훈(캐스팅)|이옥희(캐스팅)|김대성(식당차)|이지윤(VFX 매니지먼트)|한여진(VFX 매니지먼트)|엄태영(VFX 매니지먼트)|김선태(VFX 매니지먼트)|이주하(VFX 매니지먼트)|김태호(VFX 매니지먼트)|조예진(VFX 매니지먼트)|임상호(VFX 매니지먼트)|이상훈(VFX 매니지먼트)|박선유(VFX 매니지먼트)|전민경(타이틀)|안대호(타이틀)|정종길(DI팀)|최문희(DI팀)|김기문(DI팀)|손성주(DI팀)|정원석(DI팀)|이병희(DI팀)|유선우(DI팀)|김예원(DI팀)|이서익(DI팀)|오태연(DI팀)|박현진(DI팀)|강민주(DI팀)|윤석일(DI팀)|박진호(DI팀)|백승해(홍보/마케팅 진행)|이다겸(홍보/마케팅 진행)|김예령(홍보/마케팅 진행)|허문희(홍보/마케팅 진행)|이시연(홍보/마케팅 진행)|문수영(홍보/마케팅 진행)|최시은(홍보/마케팅 진행)|김우진(홍보/마케팅 진행)|이소정(홍보/마케팅 진행)|박민지(홍보/마케팅 진행)|전지현(홍보/마케팅 진행)|임성록(홍보/마케팅 진행)|김민지(홍보/마케팅 진행)|김혜지(온라인마케팅)|정민지(온라인마케팅)|한규정(온라인마케팅)|김서현(온라인마케팅)|임재민(온라인마케팅)|유하나(온라인마케팅)|김혜라(온라인마케팅)|박지인(광고디자인)|안연경(광고디자인)|전민경(광고디자인)|서기웅(광고디자인)|이창주(광고디자인)|안대호(광고디자인)|정경화(포스터사진)|안주영(포스터사진)|정경화(스틸)|이성민(메이킹필름)|정경용(메이킹필름)|조영윤(메이킹필름)|하승훈(예고편)|원지원(예고편)|최유(예고편)|이성준(예고편)|이우리(예고편)|오수정(예고편)|박다솜(VFX 아티스트)|김지명(VFX 아티스트)|조혜인(VFX 아티스트)|신성아(VFX 아티스트)|강병훈(VFX 아티스트)|박상구(VFX 아티스트)|이선경(VFX 아티스트)|윤나연(VFX 아티스트)|성기림(VFX 아티스트)|강동구(VFX 아티스트)|김경철(VFX 아티스트)|이수지(VFX 아티스트)|하영우(VFX 아티스트)|최찬미(VFX 아티스트)|김세현(VFX 아티스트)|박정환(VFX 아티스트)|나일환(VFX 아티스트)|은창준(VFX 아티스트)|전형태(VFX 아티스트)|정성학(VFX 아티스트)|고선준(VFX 아티스트)|이지은(VFX 아티스트)|김지안(VFX 아티스트)|정민주(VFX 아티스트)|이연정(VFX 아티스트)|강희권(VFX 아티스트)|유회영(VFX 아티스트)|김서연(VFX 아티스트)|김지윤(VFX 아티스트)|조민지(VFX 아티스트)|정창현(VFX 아티스트)|박유정(VFX 아티스트)|박혜수(VFX 아티스트)|김재영(VFX 아티스트)|이다솔(VFX 아티스트)|최연준(VFX 아티스트)|서우솔(VFX 아티스트)|최연정(VFX 아티스트)|박도원(VFX 아티스트)|김성록(VFX 아티스트)|남궁선아(VFX 아티스트)|이윤정(VFX 아티스트)|홍은진(VFX 아티스트)|이예니(VFX 아티스트)|이가은(VFX 매니지먼트)|배동기(VFX 매니지먼트)|윤승환(VFX 매니지먼트)|전상욱(VFX 매니지먼트)|임재호(VFX 매니지먼트)|송재원(VFX 매니지먼트)|강예은(VFX 매니지먼트)|권채은(VFX 매니지먼트)|임정이(VFX 매니지먼트)|강성현(VFX 매니지먼트)|최인영(VFX 매니지먼트)|홍근화(VFX 매니지먼트)|권은서(VFX 매니지먼트)|최범식(VFX 매니지먼트)|장슬혜(VFX 매니지먼트)|이석영(VFX 매니지먼트)|심채원(VFX 매니지먼트)|정윤희(VFX 매니지먼트)|이덕구(VFX 매니지먼트)|이승원(VFX 매니지먼트)|유성권(기획)|이안나(기획)|조수진(기획진행)|장철희(기획진행)|이광호(스턴트연기)|김태야(스턴트연기)|박세준(VFX 슈퍼바이저)|박준호(VFX 슈퍼바이저)|남탁균(VFX 슈퍼바이저)|배대근(VFX 슈퍼바이저)|유해미(VFX 슈퍼바이저)|서용한(VFX 슈퍼바이저)|나일환(VFX 슈퍼바이저)|이종무(VFX 슈퍼바이저)|정황수(VFX 슈퍼바이저)|이성규(VFX 슈퍼바이저)|이현동(VFX 슈퍼바이저)|오석근(VFX 슈퍼바이저)|권동설(VFX 슈퍼바이저)|강주환(VFX 슈퍼바이저)|서원대(VFX 슈퍼바이저)|남탁균(VFX 슈퍼바이저)|박효진(VFX 슈퍼바이저)|김승환(VFX 슈퍼바이저)|선솔(VFX 슈퍼바이저)|류광현(VFX 슈퍼바이저)|서원익(VFX 슈퍼바이저)|이영신(VFX 슈퍼바이저)|박준우(VFX 슈퍼바이저)|김상훈(VFX 슈퍼바이저)|황효정(VFX 슈퍼바이저)|이진영(VFX 슈퍼바이저)|전봉준(VFX 슈퍼바이저)|김상헌(VFX 슈퍼바이저)|신지수(VFX 슈퍼바이저)|박정현(VFX 슈퍼바이저)|윤혜서(VFX 아티스트)|이기웅(VFX 아티스트)|박현순(VFX 아티스트)|윤지영(VFX 아티스트)|권민경(VFX 아티스트)|이유미(VFX 아티스트)|문정식(VFX 아티스트)|지정은(VFX 아티스트)|정소희(VFX 아티스트)|천재성(VFX 아티스트)|박홍규(VFX 아티스트)|이인경(VFX 아티스트)|김규영(VFX 아티스트)|장경선(VFX 아티스트)|김용진(VFX 아티스트)|이하경(VFX 아티스트)|윤호근(VFX 아티스트)|손찬혁(VFX 아티스트)|김성미(VFX 아티스트)|송채윤(VFX 아티스트)|원명자(VFX 아티스트)|김태연(VFX 아티스트)|강신아(VFX 아티스트)|박영권(VFX 아티스트)|심서영(VFX 아티스트)|변상웅(VFX 아티스트)|배은실(VFX 아티스트)|하영우(VFX 아티스트)
20254602,씨너스: 죄인들,Sinners,,2025,20250528,137,개봉,장편,미국,액션,라이언 쿠글러,마이클 B. 조던|헤일리 스테인펠드,워너브러더스 코리아(주)(배급사)|워너브러더스 코리아(주)(수입사),2025-MF00994 (청소년관람불가),
20254607,페니키안 스킴,The Phoenician Scheme,,2025,20250528,101,개봉,장편,미국,드라마|코미디,웨스 앤더슨,베니시오 델 토로|미아 트리플턴|마이클 세라|리즈 아메드|톰 행크스|브라이언 크랜스톤|마티유 아말릭|리처드 아요아데|제프리 라이트|스칼렛 요한슨|베네딕트 컴버배치|루퍼트 프렌드|홉 데이비스,유니버설픽쳐스인터내셔널 코리아(유)(배급사)|유니버설픽쳐스인터내셔널 코리아(유)(수입사),2025-MF01090 (15세이상관람가),
20254485,미야자키 하야오: 자연의 영혼,Miyazaki: Spirit of Nature,Miyazaki: L’Esprit de la Nature,2024,20250528,85,개봉,장편,프랑스,다큐멘터리,레오 파비에,스즈키 토시오|미야자키 고로|요네바야시 히로마사|미야자키 하야오,(주)스튜디오디에이치엘(배급사)|(주)키노라이츠(배급사)|(주)스튜디오디에이치엘(수입사)|(주)키노라이츠(수입사),2025-MF01096 (전체관람가),
20254481,알사탕,Magic Candies,,2025,,20,기타,단편,일본,애니메이션,니시오 다이스케,,롯데컬처웍스(주)롯데시네마(배급사)|엠라인디스트리뷰션(주)(수입사),2025-MF01213 (전체관람가),
20231495,소주전쟁,Big Deal,,2025,20250530,103,개봉,장편,한국,드라마,,유해진|이제훈|손현주|최영준|김기해|한상조|이하정|윤지혜|이서환|박지일|김다흰|정형석|최교식|이창호|김문식|심우성|심우성|이선구|최희진|허진우|정용식,더램프스튜디오(주)(제작사)|(주)영화사꽃(공동제작사)|(주)쇼박스(배급사)|(주)쇼박스(제공)|오거스트벤처파트너스 유한회사(공동제공),2025-MF01192(15세이상관람가),최윤진(제작)|박은경(제작)|이성준(사운드)|김영호(사운드)|달파란(음악)|김우성(프로듀서)|이연화(프로듀서)|백수현(라인프로듀서)|권솔(제작팀)|박현우(원작)|최윤진(시나리오(각본))|박현우(시나리오(각본))|김병석(조감독)|이상준(조감독)|김창석(촬영)|김성안(촬영)|송경민(그립)|이승빈(조명)|이재진(조명팀)|이성균(발전차)|김보미(미술/프로덕션 디자인)|전재욱(소품)|박종근(동시녹음)|김희재(의상)|최세연(의상)|권민정(의상팀)|이진영(분장)|배환(액션/스턴트)|박대훈(특수효과)|김선민(편집)|김형석(DI팀)|서상화(시각효과)|김수민(온라인마케팅)|최윤진(기타)
20254525,기타맨,Guitar Man,,2025,20250530,106,개봉,장편,한국,드라마,김종면|이선정,이선정|김새론|박찬호|김지은|박인철|김광규|주민준,주식회사 씨엠닉스(배급사)|주식회사 씨엠닉스(해외세일즈사),2025-MF01139 (15세이상관람가),이선정(음악)|유현정(제작팀)|이선정(제작)|오필진(제작)|이선정(투자)|이진주(배급진행)|한현진(배급진행)|유현재(배급진행)|정동주(배급진행)|세라노 파즈 안소(배급진행)|김현승(홍보/마케팅 진행)|정인호(배급진행)|이예범(홍보/마케팅 진행)
20254722,신명,The Pact,,2025,20250602,117,개봉,장편,한국,드라마|미스터리,김남균,김규리|안내상|박찬우|최지현|신선희|이주미|안민영|박지서|동방우|김인우|김현아|조경현|곽나현|박선웅,(주)열공영화제작소(제작사)|(주)열공영화제작소(배급사)|(주)스마일이엔티(배급사)|주식회사 블루필름웍스(배급사),2025-MF01245 (15세이상관람가),정천수(제작)|김현아(제작팀)|김남균(촬영)|오유진(세트팀)|김세희(VFX 아티스트)|정하율(VFX 아티스트)|김보영(홍보/마케팅 진행)
20218604,극장판 짱구는 못말려: 격돌! 낙서왕국과 얼추 네 명의 용사들,Crayon Shin-chan: Crash! Scribble Kingdom and Almost Four Heroes,"映画クレヨンしんちゃん 激突!ラクガキングダムとほぼ四人の勇者, Kureyon Shinchan: Gekitotsu Rakugakingudamu to Hobo Shi-Ri no Yusha",2020,20210915,103,개봉,장편,일본,애니메이션,쿄고쿠 타카히코,박영남|김환진|강희선|여민정|정유미|강새봄|정혜옥|시영준,(주)씨제이이엔엠(배급사)|(주)씨제이이엔엠(수입사),2021-MF01751(전체관람가),
20253094,아마데우스 오리지널 리마스터링,1984 AMADEUS,,1984,20250604,160,개봉,장편,미국,드라마,밀러스 포먼,톰 헐스|F. 머레이 아브라함,와이드 릴리즈(주)(배급사)|주식회사 컨텐츠썬(수입사),2025-MF00426 (12세이상관람가),
20254805,단다단: 사안,DanDaDan: Evil Eye,,2025,,93,기타,장편,일본,애니메이션,,하나에 나츠키|와카야마 시온,(주)애니플러스(배급사)|(주)애니플러스(수입사),,
20247176,드래곤 길들이기,How to Train Your Dragon,,2025,20250606,125,개봉,장편,미국,액션|어드벤처|판타지,딘 데블로이스,메이슨 테임즈|제라드 버틀러|니코 파커|닉 프로스트|줄리안 데니슨|가브리엘 하웰|브론윈 제임스|해리 트레발드윈|이대휘|장예나|안장혁|최석필|남도형|박주광|이상호|김보나|김자연|김민주|김서현|장채연|이동윤|원종준|오건우,유니버설픽쳐스인터내셔널 코리아(유)(배급사)|유니버설픽쳐스인터내셔널 코리아(유)(수입사),2025-MF01138 (전체관람가),김숙영(사운드믹싱)|전예지(사운드믹싱)
20253922,브링 허 백,Bring Her Back,,2025,20250606,104,개봉,장편,미국,공포(호러),대니 필리푸|마이클 필리푸,샐리 호킨스,소니픽쳐스엔터테인먼트코리아주식회사극장배급지점(배급사)|소니픽쳐스엔터테인먼트코리아주식회사극장배급지점(수입사),2025-MF01178 (청소년관람불가),
20254931,인피니트 15주년 콘서트 리미티드 에디션 더 무비,,,2025,20250611,114,개봉,장편,한국,공연,손석,김성규|장동우|남우현|이성열|엘|이성종,씨지브이 아이스콘(배급사),2025-MF01244 (전체관람가),오정민(프로듀서)
20236522,태양의 노래,Midnight Sun,,2023,20250611,108,개봉,장편,한국,드라마,조영준,정지소|차학연|정웅인|진경|권한솔|강진경|김성균|지승현|김영재|김현철|박수현|남명렬|정인지|고영찬|송창규|진용욱|김주황|유영섭|이소윤|윤부진|박상후|고훈목|방상환|문종태|문지환|윤희락|양해준|이수연,(주)케이무비스튜디오(제작사)|(주)지오필름(공동제작사)|(주)바이포엠스튜디오(배급사)|(주)바이포엠스튜디오(제공)|오거스트벤처파트너스 유한회사(공동제공)|주식회사 케이무비엔터테인먼트(해외세일즈사),2025-MF01034 (12세이상관람가),조담희(투자)|원정민(투자)|김민혜(투자)|이승훈(투자)|김태우(투자)|김주형(투자)|권영환(투자)|이광수(투자)|권나현(투자)|박한희(투자)|황인지(투자)|정예린(투자)|고아라(투자)|이정석(투자)|박진홍(투자)|송승엽(투자)|조일형(투자)|정재훈(투자)|한상일(투자)|정윤중(투자)|유귀선(투자)|이범수(제작)|허성진(프로듀서)|문준혁(제작팀)|윤대근(제작팀)|문정민(제작팀)|이하은(제작팀)|오형주(제작팀)|방상환(제작팀)|김정환(제작회계)|윤민영(로케이션매니저)|김용운(로케이션매니저)|손진우(데이타매니저)|조영준(시나리오(각본))|선현철(조감독)|이기환(연출팀)|선예슬(연출팀)|김영식(연출팀)|이수현(스크립터)|황혜라(스토리보드)|정지수(현장편집)|박병규(촬영)|안동수(촬영팀)|고광명(촬영팀)|장윤수(촬영팀)|변지원(촬영팀)|강원모(그립)|정호걸(그립)|류시문(조명)|김기한(조명팀)|김채원(조명팀)|신지용(조명팀)|송상호(조명팀)|김우진(조명팀)|홍수완(조명팀)|정준혁(조명팀)|이태희(조명팀)|이동화(발전차)|김상봉(발전차)|박영일(조명장비)|손용훈(조명장비)|이동주(조명장비)|박재현(미술/프로덕션 디자인)|박가영(미술팀)|박경은(미술팀)|이봉우(세트)|강무성(세트)|서윤원(세트팀)|김재식(세트팀)|박창욱(세트팀)|최지현(세트미술팀)|박준영(세트미술팀)|박건도(스튜디오)|조민아(소품)|안성일(동시녹음)|신재현(붐오퍼레이터)|이채명(동시녹음팀)|박성호(동시녹음팀)|김하경(의상)|이승희(의상팀)|손선희(의상팀)|조태희(분장)|공은영(분장팀)|이세정(분장팀)|김나은(분장팀)|이보람(분장팀)|안선홍(분장팀)|김한미(분장팀)|양동엽(편집)|이찬혁(음악)|이수연(음악진행)|이찬혁(작사/작곡/편곡)|이찬혁(사운드)|이성준(사운드)|이성준(사운드믹싱)|안다빈(사운드믹싱)|박지유(대사)|김상열(사운드효과)|안다빈(사운드효과)|강은비(폴리)|남기연(폴리)|박민우(폴리)|박준오(폴리)|이지민(사운드팀)|원지원(사운드팀)|김영호(사운드팀)|박상은(기획진행)|정현석(배급진행)|김소희(기획진행)|김예진(기획진행)|김서연(기획진행)|임명주(시각효과)|이혁준(VFX 슈퍼바이저)|김강률(VFX 슈퍼바이저)|윤예린(VFX 아티스트)|김해준(VFX 아티스트)|김수근(VFX 아티스트)|정승지(VFX 아티스트)|김태한(VFX 아티스트)|이혜진(VFX 아티스트)|이예원(VFX 아티스트)|박지호(VFX 아티스트)|황수진(VFX 아티스트)|김형일(VFX 아티스트)|김수빈(VFX 매니지먼트)|위예진(VFX 매니지먼트)|정새싹(DI팀)|권경달(DI팀)|노병욱(DI팀)|장희연(홍보/마케팅 진행)|채민경(홍보/마케팅 진행)|이나리(홍보/마케팅 진행)|이채현(홍보/마케팅 진행)|이다희(홍보/마케팅 진행)|유지혜(홍보/마케팅 진행)|김지연(온라인마케팅)|임수지(온라인마케팅)|여진달래(온라인마케팅)|박예송(온라인마케팅)|조수정(온라인마케팅)|최지수(온라인마케팅)|정미경(온라인마케팅)|최지애(온라인마케팅)|김현지(온라인마케팅)|장승민(광고디자인)|박애란(스틸)|손성진(메이킹필름)|김상태(예고편)|이채훈(예고편)|박수야(인쇄)|유현아(인쇄)|유진아(인쇄)|우해정(인쇄)|박성윤(배급진행)|유상현(배급진행)|권현이(배급진행)|양정민(배급진행)|원석희(배급진행)|문형식(배급진행)|김찬빈(기획진행)
19990140,인생은 아름다워,Life Is Beautiful,La Vita E Bella,1997,19990306,116,개봉,장편,이탈리아,드라마|전쟁|코미디,로베르토 베니니,로베르토 베니니|니콜레타 브라시,체키고리그룹 타이거키네마토그라피카(제작사)|멜람포 시네마토그라피카(제작사)|(주)팝엔터테인먼트(배급사)|(주)키다리이엔티(배급사)|(주)팝엔터테인먼트(수입사)|(주)키다리이엔티(수입사)|월트디즈니코리아㈜(수입사),99-035(모든 관람객이 관람할 수 있는 등급)|2016-MF00180 (전체관람가),
20247591,엘리오,Elio,,2025,20250618,97,개봉,장편,미국,애니메이션,아드리안 몰리나|도미 시|매들린 샤라피안,조 샐다나|요나스 키브레브|레미 에저리|브래드 가렛|자밀라 자밀|셜리 헨더슨|류승룡,월트디즈니컴퍼니코리아 유한책임회사(배급사)|월트디즈니컴퍼니코리아 유한책임회사(수입사),2025-MF01343 (전체관람가),
20233220,노이즈,Noise,,2025,20250625,93,개봉,장편,한국,공포(호러)|스릴러,김수진,이선빈|김민석|한수아|류경수|전익령|백주희|안석현|이은미,(주)화인컷(제작사)|(주)바이포엠스튜디오(배급사)|케이씨벤처스 주식회사(제공)|(주)바이포엠스튜디오(제공)|쏠레어파트너스(유)(공동제공)|(주)화인컷(공동제공)|(주)화인컷(해외세일즈사),2025-MF00742 (15세이상관람가),황인지(투자)|서영주(제작)|홍은지(소품팀)|한지희(미술팀)|양다연(미술팀)|정수연(연출팀)|서유민(각색)|김용환(시나리오(각본))|임동철(프로듀서)|최호태(프로듀서)|최진(프로듀서)|문진경(제작팀)|이제희(시나리오(각본))|이주은(기획진행)|정영홍(기획진행)|서영주(기획)|박다명(배급진행)|김지담(배급진행)|신아라(배급진행)|곽세정(배급진행)|김윤정(배급진행)
19930153,클리프행어 리마스터드,Cliffhanger,,1993,19930612,112,개봉,장편,프랑스,스릴러|액션|드라마,레니 할린,실베스터 스탤론|존 리스고|마이클 루커,캐롤코 필름(제작사)|판씨네마(주)(배급사)|판씨네마(주)(수입사)|(주)동아수출공사(수입사),93-184(중학생이상관람가)|2025-MF01341 (15세이상관람가),
20253923,극장판 닌자보이 란타로: 도쿠타케 닌자대 최강의 군사,"NINTAMA RANTARO, The Fierce Strategist of the Dokutake Ninja",劇場版 忍たま乱太郎: ドクタケ忍者隊最強の軍師,2024,20250514,89,개봉,장편,일본,애니메이션,후지모리 마사야,타카야마 미나미|타나카 마유미,(주)디스테이션(배급사)|(주)시그널픽쳐스(수입사),2025-MF00869 (전체관람가),
20255201,탐정 키엔: 사라진 머리,Detective Kien: The Headless Horror,Thám Tử Kiên: Kỳ Án Không Đầu,2025,20250618,131,개봉,장편,베트남,공포(호러),빅터 부,,(주)디스테이션(배급사)|롯데컬처웍스(주)롯데시네마(수입사),2025-MF01395 (15세이상관람가),
20244993,기빗올: 우리들의 썸머,Give it All,がんばっていきまっしょい,2024,20250618,95,개봉,장편,일본,애니메이션,사쿠라기 유헤이,아마미야 소라|이토 미쿠|타카하시 리에|키토 아카리|하세가와 이쿠미,찬란(배급사)|찬란(수입사),2025-MF01198 (전체관람가),
20253114,28년 후,28 Years Later,,2025,20250619,114,개봉,장편,미국,공포(호러)|스릴러|드라마,대니 보일,조디 코머|랄프 파인즈|잭 오코넬,소니픽쳐스엔터테인먼트코리아주식회사극장배급지점(배급사)|소니픽쳐스엔터테인먼트코리아주식회사극장배급지점(수입사)|소니픽쳐스엔터테인먼트코리아주식회사극장배급지점(제공),2025-MF01392(청소년관람불가),알렉스 가랜드(시나리오(각본))
20255168,"극장판 뱅드림! 잇츠 마이고!!!!! 후편: 노래하자, 우리가 될 수 있는 노래 & 필름 라이브",BanG Dream! It's MyGO!!!!!,劇場版 BanG Dream! It's MyGO!!!!! 後編 : うたう、僕らになれるうた & FILM LIVE,2024,20250619,120,개봉,장편,일본,애니메이션,카키모토 코다이,,(주)애니플러스(배급사)|(주)애니플러스(수입사),2025-MF01292 (전체관람가),
20254122,퀴어,Queer,,2024,20250620,136,개봉,장편,이탈리아,드라마,루카 구아다니노,다니엘 크레이그|드류 스타키,(주)누리픽쳐스(배급사)|(주)누리픽쳐스(수입사),2025-MF01180 (청소년관람불가),
20240397,김준수 콘서트 무비 챕터 원 : 레크리에이션,XIA 2024 ENCORE CONCERT Chapter 1 : Recreation,,2024,20240605,109,개봉,장편,한국,공연,조윤수,김준수,(주)영화사 그램(제작사)|롯데컬처웍스(주)롯시플(배급사)|(주)영화사 그램(배급사),2024-MF01423 (전체관람가),이은지(촬영)|이은지(조감독)
20254237,무명 無名,Nameless,,2025,20250625,89,개봉,장편,한국,다큐멘터리,유진주,하정우|김중희|박재현,재단법인 온누리선교재단(CGNTV)(제작사)|커넥트픽쳐스(주)(배급사),2025-MF00998(12세이상관람가),
20254501,F1 더 무비,F1,,2025,20250625,155,개봉,장편,미국,드라마|액션,조셉 코신스키,브래드 피트|하비에르 바르뎀|케리 콘든,워너브러더스 코리아(주)(배급사)|워너브러더스 코리아(주)(수입사),2025-MF01344 (12세이상관람가),
20030401,바람계곡의 나우시카,Nausicaa Of The Valley Of The Winds,風の谷のナウシカ,1984,20001230,116,개봉,장편,일본,애니메이션|어드벤처|판타지|SF,미야자키 하야오,시마모토 스미,스튜디오 지브리(제작사)|(주)넥스트엔터테인먼트월드(NEW)(배급사)|대원미디어(주)(수입사)|한국영상투자개발(주)(수입사),2000-F349(전체관람가),
19980211,라이언 일병 구하기,Saving Private Ryan,,1998,19980912,169,개봉,장편,미국,드라마|액션|전쟁,스티븐 스필버그,맷 데이먼|톰 행크스|에드워드 번즈,엠블린엔터테인먼트(제작사)|와이드 릴리즈(주)(배급사)|주식회사 컨텐츠썬(수입사)|유아이피-씨아이씨영화및비디오배급(유)(수입사),K98-181(15세 미만인 자는 관람할 수 없는 등급 ),
20252527,쥬라기 월드: 새로운 시작,Jurassic World: Rebirth,,2025,20250702,133,개봉,장편,미국,어드벤처|액션|스릴러|공포(호러),가렛 에드워즈,스칼렛 요한슨|마허샬라 알리|조나단 베일리|루퍼트 프렌드|마누엘 가르시아 룰포,유니버설픽쳐스인터내셔널 코리아(유)(배급사)|유니버설픽쳐스인터내셔널 코리아(유)(수입사),2025-MF01393(12세이상관람가),데이빗 코엡(시나리오(각본))
19888010,시네마 천국,Cinema Paradiso,Nuovo Cinema Paradiso,1988,19900707,124,개봉,장편,프랑스|이탈리아,드라마|멜로/로맨스,쥬세페 토르나토레,자끄 페렝|필립 느와레|살바토레 카시오|마르코 레오나르디|브리지트 포세이,주식회사 왓챠(배급사)|(주)팝엔터테인먼트(배급사)|주식회사 왓챠(수입사)|그린나래미디어(주)(수입사),2013-MF00606 (전체관람가)|89-397(전체관람가),
20249729,슈퍼맨,Superman,,2025,20250709,129,개봉,장편,미국,액션|어드벤처,제임스 건,데이비드 코런스웻|레이첼 브로스나한|니콜라스 홀트,워너브러더스 코리아(주)(배급사)|워너브러더스 코리아(주)(수입사),2025-MF01527 (12세이상관람가),제임스 건(시나리오(각본))
20247638,괴기열차,Ghost Train,,2024,20250709,94,개봉,장편,한국,공포(호러),탁세웅,주현영|전배수|최보민|김상혁|김상혁|이아율|윤정로,(주)메이킹에이프린트(제작사)|(주)넥스트엔터테인먼트월드(NEW)(배급사)|주식회사 디믹스스튜디오(제공),2024-MF03392 (15세이상관람가),황인지(투자)|김민정(제작팀)|조바른(시나리오(각본))|김도영(조감독)|윤초아(연출팀)|조성진(음악)|황혁순(배급진행)
20254275,킹 오브 킹스,The King of Kings,,2025,20250716,100,개봉,장편,한국,애니메이션,장성호,이병헌|진선규|이하늬|양동근|차인표|권오중|장광|피어스 브로스넌|오스카 아이삭|케네스 브래너|우마 서먼|마크 해밀|포레스트 휘테커|벤 킹슬리|로만 그리핀 데이비스,(주)모팩스튜디오(제작사)|(주)디스테이션(배급사),2025-MF01513(전체관람가),김진무(프로듀서)|이진영(조감독)|김혜현(작사/작곡/편곡)|김동은(VFX 아티스트)
20255749,영화 코바야시네 메이드래곤 외로움쟁이 용,Miss Kobayashi's Dragon Maid: A Lonely Dragon Wants to Be Loved,映画 小林さんちのメイドラゴン さみしがりやの竜,2025,20250710,104,개봉,장편,일본,애니메이션,이시하라 타츠야,,(주)애니플러스(배급사)|(주)애니플러스(수입사),2025-MF01676(12세이상관람가),
19930253,델마와 루이스,Thelma and Louise,,1991,19931127,129,개봉,장편,미국,드라마,리들리 스콧,수잔 서랜든|지나 데이비스|브래드 피트,메트로-골드윈-마이어(제작사)|씨제이 씨지브이(CJ CGV)(주)(배급사)|(주)드림팩트엔터테인먼트(배급사)|씨제이 씨지브이(CJ CGV)(주)(수입사)|유아이피-씨아이씨영화및비디오배급(유)(수입사),93-407(연소자관람불가)|2017-MF00079(청소년관람불가),한스 짐머(음악)
20255397,극장판 도라에몽: 진구의 그림이야기,Doraemon the Movie: Nobita's Art World Tales,映画ドラえもん のび太の絵世界物語,2025,20250716,104,개봉,장편,일본,애니메이션,테라모토 유키요,,롯데컬처웍스(주)롯데시네마(배급사)|대원미디어(주)(수입사),2025-MF01127(전체관람가),후지코 F. 후지오(원작)
20254824,명탐정 코난: 척안의 잔상,Detective Conan the Movie: One-Eyed Flashback,名探偵コナン 隻眼の残像 (フラッシュバック),2025,20250716,109,개봉,장편,일본,애니메이션,시게하라 카츠야,김선혜|강수진|이정구|현경수|김율|김기흥|박성태|손수호|이현진|유해무|우정신|김도희|여민정|정선혜,(주)씨제이이엔엠(배급사)|(주)씨제이이엔엠(수입사),2025-MF01433 (12세이상관람가),
20255645,세븐틴 월드 투어 '비 더 선',SEVENTEEN WORLD TOUR [BE THE SUN],,2022,20250710,80,개봉,장편,한국,공연,,,(주)하이브(제작사)|씨제이 씨지브이(CJ CGV)(주)(배급사),2025-MF01462 (전체관람가),
20233227,전지적 독자 시점,Omniscient Reader,,2025,20250723,116,개봉,장편,한국,판타지|액션,김병우,안효섭|이민호|채수빈|신승호|나나|지수|권은성|박호산|최영준|이석|정성일|윤재윤|조성희|은수|이유진|문우진|정찬훈|노정현|김민채,리얼라이즈픽쳐스(주)(제작사)|롯데컬처웍스(주)롯데엔터테인먼트(배급사)|롯데컬처웍스(주)롯데엔터테인먼트(제공),2025-MF01269 (15세이상관람가),정성진(투자)|이태은(투자)|전우림(투자)|강성진(투자)|권윤영(투자)|최준태(투자)|김달성(투자)|노은택(투자)|신인정(투자)|이하나(투자)|유성호(투자)|이진범(투자)|권효진(투자)|김민성(투자)|진지(투자)|이주혜(투자)|임하영(투자)|이정훈(투자)|이재훈(투자)|장민호(투자)|이승현(투자)|엄미라(투자)|김찬수(투자)|맹지은(투자)|김혜인(투자)|남세현(투자)|서희원(투자)|김태영(투자)|이교민(투자)|박진호(투자)|박수빈(투자)|김세형(투자)|김진아(투자)|이경재(투자)|백민정(투자)|성준호(투자)|원동연(제작)|권혁빈(제작)|김종열(제작)|양윤식(프로듀서)|김지홍(프로듀서)|정문구(프로듀서)|조영상(제작팀)|장사무엘(제작팀)|양영주(제작팀)|정수윤(제작팀)|신일용(제작팀)|이지영(제작팀)|최현빈(제작팀)|이소민(제작회계)|기정은(제작회계)|신보현(제작회계)|원정심(제작관리)|김윤정(제작관리)|옥임식(데이타매니저)|김세희(데이타매니저)|김상현(데이타매니저)|김효인(데이타매니저)|김승원(데이타매니저)|최선민(데이타매니저)|박준영(데이타매니저)|이정민(시나리오(각본))|김병우(시나리오(각본))|김정우(조감독)|조혜린(연출팀)|한민영(연출팀)|박세영(스크립터)|장강희(스토리보드)|지유정(현장편집)|전혜진(촬영)|남종현(촬영팀)|최민혁(그립)|손민석(그립)|홍지수(그립)|이주현(그립)|김동한(그립)|배윤환(그립)|배찬영(그립)|함명철(그립)|조선호(그립)|김학수(촬영장비)|홍승철(조명)|김효림(조명)|김선재(조명팀)|김찬중(조명팀)|이목원(미술/프로덕션 디자인)|박준용(소품)|유청(소품)|한철희(동시녹음)|허민(붐오퍼레이터)|정지우(동시녹음팀)|양준모(동시녹음팀)|이민형(동시녹음팀)|배채윤(동시녹음팀)|김경미(의상)|김향란(의상팀)|장미숙(의상팀)|최혜림(분장)|최은정(분장팀)|노지혜(분장팀)|박수영(분장팀)|최혜림(헤어)|남기정(헤어팀)|박해주(헤어팀)|정윤헌(액션/스턴트)|오태승(액션/스턴트팀)|이서영(액션/스턴트팀)|이지훈(액션/스턴트팀)|임동은(액션/스턴트팀)|최재옥(액션/스턴트팀)|임현우(액션/스턴트팀)|이혜미(액션/스턴트팀)|박현선(액션/스턴트팀)|황인환(액션/스턴트팀)|이확광(액션/스턴트팀)|이광호(액션/스턴트팀)|윤기현(액션/스턴트팀)|권용욱(액션/스턴트팀)|임다빈(액션/스턴트팀)|백인설(액션/스턴트팀)|서은총(액션/스턴트팀)|이현수(액션/스턴트팀)|김동운(액션/스턴트팀)|조화인(액션/스턴트팀)|윤보미(액션/스턴트팀)|장수희(액션/스턴트팀)|박지혜(액션/스턴트팀)|송지민(액션/스턴트팀)|조제웅(액션/스턴트팀)|이준(액션/스턴트팀)|이대겸(액션/스턴트팀)|윤진율(액션/스턴트팀)|조윤성(액션/스턴트팀)|이태경(액션/스턴트팀)|문경린(액션/스턴트팀)|박성근(액션/스턴트팀)|조아라(액션/스턴트팀)|김서필(액션/스턴트팀)|김태야(액션/스턴트팀)|서진수(액션/스턴트팀)|박병화(액션/스턴트팀)|홍남희(액션/스턴트팀)|박건희(액션/스턴트팀)|고재원(액션/스턴트팀)|강현구(액션/스턴트팀)|임재민(액션/스턴트팀)|전희정(액션/스턴트팀)|김수영(액션/스턴트팀)|박상현(액션/스턴트팀)|김원중(액션/스턴트팀)|정승우(액션/스턴트팀)|최형민(액션/스턴트팀)|박성훈(액션/스턴트팀)|김영주(액션/스턴트팀)|김영훈(액션/스턴트팀)|박진철(액션/스턴트팀)|서민우(액션/스턴트팀)|윤민규(액션/스턴트팀)|최민혁(액션/스턴트팀)|신경식(액션/스턴트팀)|신유식(액션/스턴트팀)|장주완(액션/스턴트팀)|노경섭(액션/스턴트팀)|조민교(액션/스턴트팀)|김용훈(액션/스턴트팀)|김경록(액션/스턴트팀)|윤형태(특수효과)|정도안(특수효과)|전호진(특수효과팀)|이은석(특수효과팀)|김건국(특수효과팀)|정성운(특수효과팀)|김우진(특수효과팀)|황호균(특수소품)|곽태용(특수소품)|한미연(편집)|김태주(편집팀)|임혜진(편집팀)|모그(음악)|강혜영(사운드팀)|최자연(기타)|안병찬(기타)|이현주(기타)|이창민(온라인마케팅)|박지인(광고디자인)|안연경(광고디자인)|전민경(광고디자인)|서기웅(광고디자인)|이창주(광고디자인)|안대호(광고디자인)|장경선(스틸)|조원진(스틸)|현정혜(메이킹필름)|이상희(메이킹필름)|황병현(메이킹필름)|조용관(메이킹필름)|최혜린(예고편)|진영범(예고편)|박종민(예고편)|김하나(예고편)|강진경(예고편)|서병환(예고편)|황정현(예고편)|이소현(광고대행)|강찬우(광고대행)|김선주(광고대행)|한진민(광고대행)|윤나영(광고대행)|차승연(광고대행)|이슬기(광고대행)|김정민(광고대행)|이승현(광고대행)|박수야(인쇄)|유현아(인쇄)|유진아(인쇄)|우해정(인쇄)|유영애(배급진행)|이해원(배급진행)|최수연(배급진행)|최한아(배급진행)|송승록(배급진행)|김나령(배급진행)|김수경(배급진행)|김종화(배급진행)|김도이(배급진행)|양소영(배급진행)|임건(배급진행)|김현철(배급진행)|김지원(기타)|강윤희(기타)|신은채(기타)|김선효(기타)|김가람(기타)|윤영은(기타)|신아람(기타)|안길한(기타)|이찬(기타)|김영혁(기타)|조성철(기타)|이수민(기타)|남지윤(기타)|신유나(기타)|황보미애(기타)|안성현(기타)|박신영(기타)|김수연(기타)|최창혁(기타)|원동연(기획)|도경찬(기획진행)|문광식(스턴트연기)|장유희(스턴트연기)|김석진(스턴트연기)|김경애(스턴트연기)|박경도(스턴트연기)|김예은(스턴트연기)|김유준(스턴트연기)|이정훈(스턴트연기)|김우철(시각효과)|정성진(시각효과)|한태정(VFX 슈퍼바이저)|이다은(VFX 아티스트)|신재용(VFX 아티스트)|유현호(VFX 아티스트)|강소영(VFX 아티스트)|정택현(VFX 아티스트)|홍기훈(VFX 아티스트)|이소현(VFX 아티스트)|장성우(VFX 아티스트)|박미진(VFX 아티스트)|이향희(VFX 매니지먼트)|장미진(VFX 매니지먼트)|신정은(DI팀)|박진영(DI팀)|최지현(홍보/마케팅 진행)|한지열(홍보/마케팅 진행)|박지운(홍보/마케팅 진행)|공은빈(홍보/마케팅 진행)|정다운(홍보/마케팅 진행)|김소희(홍보/마케팅 진행)|양영희(홍보/마케팅 진행)|황승미(홍보/마케팅 진행)|유효정(홍보/마케팅 진행)|장보경(홍보/마케팅 진행)|임혜빈(홍보/마케팅 진행)|경성민(홍보/마케팅 진행)|곽언영(홍보/마케팅 진행)|문종규(홍보/마케팅 진행)|지용진(홍보/마케팅 진행)|이한별(홍보/마케팅 진행)|윤이진(홍보/마케팅 진행)|류혜진(홍보/마케팅 진행)|이수정(홍보/마케팅 진행)|이신영(홍보/마케팅 진행)|김수진(홍보/마케팅 진행)|나소라(홍보/마케팅 진행)|김유나(홍보/마케팅 진행)|윤수윤(홍보/마케팅 진행)|김기백(홍보/마케팅 진행)|김주연(홍보/마케팅 진행)|이한나(홍보/마케팅 진행)|최효원(온라인마케팅)|박선민(온라인마케팅)|서주희(온라인마케팅)|김경문(온라인마케팅)|최지연(온라인마케팅)|김재연(온라인마케팅)|김서정(온라인마케팅)|권나연(온라인마케팅)|이민지(온라인마케팅)|함지혜(온라인마케팅)|이윤실(온라인마케팅)
20252526,메간 2.0,M3GAN 2.0,,2025,20250716,119,개봉,장편,미국,공포(호러)|기타,제라드 존스톤,앨리슨 윌리암스|바이올렛 맥그로우|브라이언 조던 알바레즈|젠 밥 엡스|에이미 도날드|제나 데이비스|이바나 사크노|아리스토틀 아타리|팀 샤프|제메인 클레멘트,유니버설픽쳐스인터내셔널 코리아(유)(배급사)|유니버설픽쳐스인터내셔널 코리아(유)(수입사),2025-MF01526 (15세이상관람가),
20242717,커미션,Commission,,2023,20250716,112,개봉,장편,한국,미스터리|스릴러,신재민,김현수|김용지|김진우|정재오|남명렬|주석태|연이안|서동수|원호섭|정지철|한상조,(주)팬엔터테인먼트(제작사)|(주)팬엔터테인먼트(배급사)|(주)미디어캐슬(배급사)|(주)팬엔터테인먼트(제공)|주식회사 케이티스튜디오지니(해외세일즈사),2025-MF01246 (15세이상관람가),최훈태(투자)|박상현(투자)|김가람(투자)|최훈태(제작)|김가람(제작)|박상현(제작)|박영석(제작)|안병래(프로듀서)|안병래(프로듀서)|박영준(라인프로듀서)|최문주(제작팀)|김민선(제작팀)|최재원(제작팀)|윤범식(제작팀)|민병철(제작팀)|이아영(제작팀)|공윤경(제작팀)|박치현(제작팀)|김현지(제작회계)|조하나(제작관리)|최명기(제작관리)|엄진(데이타매니저)|정한비치(데이타매니저)|신재민(시나리오(각본))|한가람(각색)|김민진(조감독)|이채형(연출팀)|임현지(연출팀)|박서영(스크립터)|김소령(스토리보드)|엄진(현장편집)|정한비치(현장편집)|김지현(촬영)|차민선(촬영팀)|유상건(촬영팀)|김창석(촬영팀)|홍시원(그립)|홍철기(그립)|강동건(조명)|왕극민(조명팀)|이정우(조명팀)|정준혁(조명팀)|김진영(미술/프로덕션 디자인)|표원경(미술팀)|박소연(미술팀)|윤건웅(미술팀)|김한얼(동시녹음)|김성근(붐오퍼레이터)|장혜진(의상팀)|김선연(분장)|김성민(분장팀)|서동효(분장팀)|박애니(특수분장)|송원종(액션/스턴트)|오현정(액션/스턴트팀)|유주오(특수효과)|김광수(특수효과)|김설희(특수소품)|조경문(특수소품)|구용우(특수소품)|강대환(특수소품)|박정빈(특수소품)|이태욱(특수소품)|엄세용(특수소품)|한영규(편집)|한언재(편집)|김남이(편집팀)|이시온(작사/작곡/편곡)|고검재(음악 믹싱/레코딩)|성재현(사운드)|박성용(사운드디자이너)|박성용(사운드디자이너)|성재현(사운드믹싱)|성재현(대사)|김은경(폴리)|안은정(폴리)|안은정(사운드팀)|최훈태(기획)|임규연(캐스팅디렉터)|임민수(VFX 아티스트)|김문기(VFX 아티스트)|김세희(VFX 아티스트)|윤성민(VFX 매니지먼트)|김진희(VFX 매니지먼트)|김용희(애니메이션팀)|신영섭(DI팀)|김지연(DI팀)|강경원(DI팀)|노혜리(DI팀)|이승훈(DI팀)|조신영(DI팀)|조희대(DI팀)|김정선(배급진행)|안성일(배급진행)|이현서(배급진행)|권경민(배급진행)|임보경(배급진행)|유소미(배급진행)|김민지(배급진행)|마유진(배급진행)|천성호(배급진행)|정해민(배급진행)|정민화(배급진행)|권성한(배급진행)|조은진(배급진행)|김혜미(배급진행)|김민호(배급진행)|지준수(배급진행)|강상욱(배급진행)|이아영(배급진행)|박상익(배급진행)|이아영(기획진행)
20255884,이상한 집,The Floor Plan,,2024,20250717,110,개봉,장편,일본,스릴러|미스터리,이시카와 준이치,마미야 쇼타로|사토 지로|카와에이 리나,(주)바이포엠스튜디오(배급사)|(주)바이포엠스튜디오(수입사),2025-MF01673(15세이상관람가),
20241941,좀비딸,My Daughter is a Zombie,,2024,20250730,113,개봉,장편,한국,코미디|드라마,필감성,조정석|이정은|조여정|윤경호|최유리|전수지|김병춘|조한선|우미화|강명수|이주미,스튜디오엔(주)(제작사)|(주)넥스트엔터테인먼트월드(NEW)(배급사)|(주)넥스트엔터테인먼트월드(NEW)(제공),2025-MF01654(12세이상관람가),장영재(음악 믹싱/레코딩)|황병준(음악 믹싱/레코딩)|조민경(사운드)|김석원(사운드)|이용후(사운드효과)|유의정(사운드효과)|오준혁(사운드효과)|강민석(사운드효과)|이지연(폴리)|김현준(폴리)|최지원(동시녹음)|송우진(붐오퍼레이터)|김도헌(동시녹음팀)|최주연(동시녹음팀)|김지현(동시녹음팀)|채경화(의상)|윤도영(의상팀)|노경이(의상팀)|성스런(의상팀)|조태희(분장)|공은영(분장팀)|도채림(분장팀)|김나은(분장팀)|조강희(분장팀)|신지영(분장팀)|윤혜빈(분장팀)|안선홍(헤어팀)|김병록(특수분장)|황효균(특수분장)|조태희(특수분장)|신민서(특수분장)|김동운(액션/스턴트팀)|이건구(액션/스턴트팀)|이현우(액션/스턴트팀)|강구현(액션/스턴트팀)|서정수(액션/스턴트팀)|김경우(액션/스턴트팀)|최지명(액션/스턴트팀)|정성훈(액션/스턴트팀)|윤석진(액션/스턴트팀)|김진규(특수효과팀)|박철회(특수효과팀)|김요한(특수효과팀)|김형주(특수효과팀)|김창규(특수효과팀)|배찬열(특수소품)|이채은(특수소품)|신지혜(특수소품)|박상현(특수소품)|지석호(특수소품)|박별이(특수소품)|배경서(특수소품)|이의진(특수소품)|정다운(특수소품)|남윤서(특수소품)|박신영(특수소품)|김유선(특수소품)|강민수(특수소품)|박소연(특수소품)|이효응(특수소품)|이희은(특수소품)|곽태용(특수소품)|남나영(편집)|윤우진(편집팀)|박지은(편집팀)|김연정(음악)|김태성(음악)|권오현(음악진행)|조영은(음악진행)|이연준(음악진행)|안소영(음악진행)|김여진(음악진행)|임미현(음악진행)|신대용(음악 믹싱/레코딩)|배형준(연출팀)|이승원(연출팀)|박재석(연출팀)|김고은(연출팀)|유용상(연출팀)|김준영(연출팀)|이아린(스크립터)|김태수(촬영)|천영준(촬영팀)|이영주(촬영팀)|국동민(촬영팀)|이윤성(촬영팀)|김용현(촬영팀)|김한종(촬영팀)|박효준(그립)|지준근(그립)|윤종운(그립)|박주환(지미집)|문주천(지미집)|현일(특수촬영)|남기혁(특수촬영)|고성윤(조명팀)|최종환(조명팀)|이제림(조명팀)|구창민(조명팀)|김건우(조명팀)|이남기(조명팀)|백혜문(조명팀)|박창균(조명팀)|유승상(조명팀)|이정원(조명팀)|임수열(조명팀)|김기한(조명팀)|이성균(조명팀)|채경선(미술/프로덕션 디자인)|김민정(아트디렉터)|전송은(미술팀)|김뜻모아(미술팀)|전희경(미술팀)|김재윤(미술팀)|박은정(미술팀)|우여진(미술팀)|최지영(미술팀)|전보영(미술팀)|위민호(세트팀)|전진아(세트팀)|신재호(세트팀)|김승주(세트팀)|최윤경(세트팀)|김혜훈(세트팀)|이호형(세트팀)|방선보(세트팀)|정영환(세트팀)|김정현(세트팀)|김정훈(세트팀)|김종현(세트미술팀)|김미진(토목/조경)|진훈(소품)|최우성(소품팀)|최재원(소품팀)|하선영(소품팀)|류송희(소품팀)|장영은(소품팀)|신혜원(소품팀)|양호정(투자)|김보영(투자)|박향(투자)|김성태(투자)|송경진(투자)|김경은(투자)|한태문(투자)|임재환(투자)|황아현(투자)|전솔아(투자)|민윤환(투자)|박영수(투자)|배하나(투자)|송아름(투자)|김수연(투자)|김재민(투자)|유제천(투자)|서동욱(투자)|한미미(투자)|권미경(투자)|김우택(투자)|이상직(제작)|김남수(제작)|정윤재(제작)|권미경(제작)|이재덕(프로듀서)|이하림(프로듀서)|김병현(제작팀)|김소영(제작팀)|이수연(제작팀)|최현아(제작팀)|김진우(제작팀)|남하늘(제작팀)|김벼리(제작팀)|이관민(제작팀)|하령(제작팀)|서주리(제작팀)|신성용(제작팀)|정수호(제작팀)|정한석(제작팀)|김동위(제작팀)|고미영(제작팀)|박서연(제작팀)|김수민(제작팀)|박수빈(제작회계)|이서영(제작회계)|이혜빈(제작회계)|하명수(제작관리)|김재환(제작관리)|최지영(제작관리)|노상복(제작관리)|김지웅(제작관리)|류시진(제작관리)|옥임식(데이타매니저)|김세희(데이타매니저)|김상현(데이타매니저)|김승원(데이타매니저)|필감성(시나리오(각본))|김현(시나리오(각본))|이용출(조감독)|김용헌(연출팀)|권오민(연출팀)|김주몽(연출팀)|조수진(기획진행)|장철희(기획진행)|정지상(스턴트연기)|하슬기(스턴트연기)|서정우(스턴트연기)|정성훈(스턴트연기)|변자영(VFX 슈퍼바이저)|이무형(VFX 슈퍼바이저)|박지용(VFX 슈퍼바이저)|김현정(VFX 슈퍼바이저)|김해리(VFX 슈퍼바이저)|전소미(VFX 슈퍼바이저)|김광욱(VFX 슈퍼바이저)|이정문(VFX 슈퍼바이저)|이웅진(VFX 슈퍼바이저)|김신철(VFX 슈퍼바이저)|이용섭(VFX 슈퍼바이저)|허동혁(VFX 슈퍼바이저)|박준호(VFX 슈퍼바이저)|김지현(VFX 슈퍼바이저)|하효정(VFX 슈퍼바이저)|유해미(VFX 슈퍼바이저)|최선진(VFX 슈퍼바이저)|박송이(VFX 슈퍼바이저)|강성일(VFX 슈퍼바이저)|박연남(VFX 슈퍼바이저)|장명훈(VFX 슈퍼바이저)|정재훈(VFX 슈퍼바이저)|김승태(VFX 슈퍼바이저)|김한준(VFX 슈퍼바이저)|손승현(VFX 슈퍼바이저)|황진혜(VFX 슈퍼바이저)|김혜은(VFX 아티스트)|김소민(VFX 아티스트)|김현주(VFX 아티스트)|김은금(VFX 아티스트)|박성현(VFX 아티스트)|황인서(VFX 아티스트)|최희우(VFX 아티스트)|신세희(VFX 아티스트)|정현우(VFX 아티스트)|이상헌(VFX 아티스트)|유성식(VFX 아티스트)|김봉관(VFX 아티스트)|장은범(VFX 아티스트)|이충만(VFX 아티스트)|하경수(VFX 아티스트)|이수혁(VFX 아티스트)|이정현(VFX 아티스트)|염지훈(VFX 아티스트)|유태근(VFX 아티스트)|이승연(VFX 아티스트)|신소희(VFX 아티스트)|김주환(VFX 아티스트)|성수진(VFX 아티스트)|이상협(VFX 아티스트)|이유영(VFX 아티스트)|김연욱(VFX 아티스트)|이도한(VFX 아티스트)|전병선(VFX 아티스트)|이선준(VFX 아티스트)|이유은(VFX 아티스트)|한희정(VFX 아티스트)|노유하(VFX 아티스트)|한수진(VFX 아티스트)|이재석(VFX 아티스트)|임채영(VFX 아티스트)|조윤아(VFX 아티스트)|김송(VFX 아티스트)|신한솔(VFX 아티스트)|이선주(VFX 아티스트)|황영선(VFX 아티스트)|황한울(VFX 아티스트)|신서영(VFX 아티스트)|김수빈(VFX 아티스트)|임솔잎(VFX 아티스트)|황세영(VFX 아티스트)|김효진(VFX 아티스트)|전영빈(VFX 아티스트)|최준영(VFX 아티스트)|이현경(VFX 아티스트)|고원이(VFX 아티스트)|이대희(VFX 아티스트)|지현창(VFX 아티스트)|문정원(VFX 아티스트)|이소영(VFX 아티스트)|하나영(VFX 아티스트)|김대현(VFX 아티스트)|장다연(VFX 아티스트)|김우은(VFX 아티스트)|이유빈(VFX 아티스트)|문수빈(VFX 아티스트)|양아영(VFX 아티스트)|유여정(VFX 아티스트)|전태우(VFX 아티스트)|서지현(VFX 아티스트)|강인혜(VFX 아티스트)|김상큼(VFX 아티스트)|김건희(VFX 아티스트)|이솔(VFX 아티스트)|최지영(VFX 아티스트)|정한나(VFX 아티스트)|유미송(VFX 아티스트)|정유경(VFX 아티스트)|이예지(VFX 아티스트)|서보경(VFX 아티스트)|순별이(VFX 아티스트)|서원빈(VFX 아티스트)|박지은(VFX 아티스트)|정재윤(VFX 아티스트)|임현욱(VFX 아티스트)|이영주(VFX 아티스트)|유혜진(VFX 아티스트)|송조은(VFX 아티스트)|조지혜(VFX 아티스트)|정해성(VFX 아티스트)|김준수(VFX 아티스트)|이선영(VFX 아티스트)|조윤주(VFX 아티스트)|정다빈(VFX 아티스트)|이희수(VFX 아티스트)|최재영(VFX 아티스트)|김유진(VFX 아티스트)|임영인(VFX 아티스트)|박세연(VFX 아티스트)|김겨울(VFX 아티스트)|정세은(VFX 아티스트)|이인경(VFX 아티스트)|조우승(VFX 아티스트)|정정원(VFX 아티스트)|고소연(VFX 아티스트)|정가영(VFX 아티스트)|박주원(VFX 아티스트)|추지훈(VFX 아티스트)|이혜미(VFX 아티스트)|강강주(VFX 아티스트)|임은혜(VFX 아티스트)|홍수지(VFX 아티스트)|이승진(VFX 아티스트)|박재형(VFX 아티스트)|김지훈(VFX 아티스트)|이주미(VFX 아티스트)|장혜선(VFX 아티스트)|조우람(VFX 아티스트)|이혜선(VFX 아티스트)|김예영(VFX 아티스트)|최지혜(VFX 아티스트)|김병수(VFX 아티스트)|김은솔(VFX 매니지먼트)|신정호(VFX 매니지먼트)|박수종(VFX 매니지먼트)|김세훈(VFX 매니지먼트)|이찬희(VFX 매니지먼트)|홍소령(VFX 매니지먼트)|장호선(VFX 매니지먼트)|김혜원(VFX 매니지먼트)|김재형(VFX 매니지먼트)|장윤정(VFX 매니지먼트)|강승원(VFX 매니지먼트)|한수연(VFX 매니지먼트)|김경식(VFX 매니지먼트)|김상원(VFX 매니지먼트)|백민희(VFX 매니지먼트)|이하람(VFX 매니지먼트)|이옥희(VFX 매니지먼트)|박병모(VFX 매니지먼트)|한주영(VFX 매니지먼트)|박정현(VFX 매니지먼트)|유현기(VFX 매니지먼트)|김다은(VFX 매니지먼트)|유예람(VFX 매니지먼트)|장윤지(VFX 매니지먼트)|김유선(VFX 매니지먼트)|박진우(VFX 매니지먼트)|김다인(VFX 매니지먼트)|최아름(VFX 매니지먼트)|이유라(VFX 매니지먼트)|오유림(VFX 매니지먼트)|서은송(VFX 매니지먼트)|이경은(VFX 매니지먼트)|서덕재(VFX 매니지먼트)|장슬혜(VFX 매니지먼트)|신예섭(VFX 매니지먼트)|박근영(VFX 매니지먼트)|이원혁(VFX 매니지먼트)|정재명(VFX 매니지먼트)|손현일(VFX 매니지먼트)|서채연(VFX 매니지먼트)|박정인(VFX 매니지먼트)|정태민(VFX 매니지먼트)|강유미(VFX 매니지먼트)|허나윤(VFX 매니지먼트)|황성민(VFX 매니지먼트)|국경진(VFX 매니지먼트)|박지만(VFX 매니지먼트)|윤태훈(VFX 매니지먼트)|장용한(VFX 매니지먼트)|박선준(VFX 매니지먼트)|임주영(VFX 매니지먼트)|임예은(VFX 매니지먼트)|안소형(VFX 매니지먼트)|박철완(VFX 매니지먼트)|임수민(VFX 매니지먼트)|최시원(VFX 매니지먼트)|홍혜련(VFX 매니지먼트)|박정현(VFX 매니지먼트)|황현철(VFX 매니지먼트)|김경원(VFX 매니지먼트)|서하늘(VFX 매니지먼트)|김규남(VFX 매니지먼트)|민선혜(VFX 매니지먼트)|한수연(DI팀)|이찬희(DI팀)|장호선(DI팀)|장윤정(DI팀)|김재형(DI팀)|강승원(DI팀)|김경식(DI팀)|이성현(DI팀)|이윤아(DI팀)|이호우(DI팀)|주영견(DI팀)|이지은(DI팀)|김제현(DI팀)|최겸(DI팀)|우석인(DI팀)|박용운(DI팀)|장동원(DI팀)|김원학(DI팀)|최은석(DI팀)|이혜민(DI팀)|김형석(DI팀)|손승현(DI팀)|양소현(홍보/마케팅 진행)|김소진(홍보/마케팅 진행)|김예령(홍보/마케팅 진행)|이다겸(홍보/마케팅 진행)|허문희(홍보/마케팅 진행)|이시연(홍보/마케팅 진행)|문수영(홍보/마케팅 진행)|최시은(홍보/마케팅 진행)|김우진(홍보/마케팅 진행)|이소정(홍보/마케팅 진행)|박민지(홍보/마케팅 진행)|전지현(홍보/마케팅 진행)|임성록(홍보/마케팅 진행)|김민지(홍보/마케팅 진행)|김현지(온라인마케팅)|박예송(온라인마케팅)|이경지(온라인마케팅)|이유진(온라인마케팅)|최지애(온라인마케팅)|최지수(온라인마케팅)|조수정(온라인마케팅)|김지연(온라인마케팅)|정미경(온라인마케팅)|윤나리(광고디자인)|장지영(광고디자인)|김영준(포스터사진)|민성애(스틸)|전혜선(스틸)|김내은(메이킹필름)|손성진(메이킹필름)|석근혜(예고편)|조승일(예고편)|이유진(예고편)|이택수(예고편)|김서현(예고편)|이재윤(예고편)|이창준(예고편)|이동근(예고편)|이연우(광고대행)|김은지(광고대행)|함현구(광고대행)|김선주(광고대행)|한진민(광고대행)|차승연(광고대행)|이유경(광고대행)|김정민(광고대행)|이재상(광고대행)|이승현(광고대행)|박수야(인쇄)|유현아(인쇄)|유진아(인쇄)|우해정(인쇄)|황혁순(배급진행)|이윤기(배급진행)|최이원(배급진행)|우지연(배급진행)|정지은(배급진행)|김상우(배급진행)|윤수비(배급진행)|이정하(배급진행)|김도은(배급진행)|문서영(배급진행)|신재승(배급진행)|김민선(배급진행)|류상헌(배급진행)
20256032,대탈출 : 더 스토리 특별판,The Great Escape : The Story,,2025,20250723,121,개봉,장편,한국,어드벤처|미스터리|스릴러,,,주식회사 티빙(제작사)|씨제이 씨지브이(CJ CGV)(주)(배급사),2025-MF01706 (15세이상관람가),
20252552,판타스틱 4: 새로운 출발,The Fantastic Four: First Steps,,2025,20250724,114,개봉,장편,미국,액션|판타지|SF,맷 샤크먼,페드로 파스칼|바네사 커비|조셉 퀸|에본 모스-바크라크|랄프 이네슨|줄리아 가너,월트디즈니컴퍼니코리아 유한책임회사(배급사)|월트디즈니컴퍼니코리아 유한책임회사(수입사),2025-MF01760 (12세이상관람가),
20254603,베베핀 극장판: 사라진 베베핀과 핑크퐁 대모험,Bebefinn Sing-Along Movie: Into the Pinkfong World,,2025,20250724,64,개봉,장편,한국,애니메이션,변희선,조경이|엠머슨브룩김|이현경|김해나|강은애,더핑크퐁컴퍼니(주)(제작사)|(주)넥스트엔터테인먼트월드(NEW)(배급사),2025-MF01530 (전체관람가),
20247460,배드 가이즈 2,The Bad Guys 2,,2025,20250730,103,개봉,장편,미국,애니메이션|액션,피에르 페리펠,샘 록웰|크레이그 로빈슨|안소니 라모스|아콰피나|재지 비츠,유니버설픽쳐스인터내셔널 코리아(유)(배급사)|유니버설픽쳐스인터내셔널 코리아(유)(수입사),2025-MF01503 (전체관람가),김정령(대사)
20256033,고고다이노 극장판: 게코도마뱀의 꿈,GoGo Dino the Movie: Gecko's Dream,,2025,20250730,74,개봉,장편,한국,애니메이션,이원재,임승미|원옥화|진양욱|조영철|우정민,(주)모꼬지(제작사)|(주)모꼬지(배급사)|롯데컬처웍스(주)롯데시네마(제공),2025-MF01594 (전체관람가),김은정(투자)|염철규(사운드)|동민호(작사/작곡/편곡)|이선명(편집)|오중건(미술/프로덕션 디자인)|정지욱(스토리보드)|유재현(제작)|조정희(시나리오(각본))|유채린(라인프로듀서)|변권철(프로듀서)|강재규(프로듀서)|최성진(프로듀서)|강영일(프로듀서)|방민호(온라인마케팅)|박드보라(온라인마케팅)|오상은(온라인마케팅)|노홍아(온라인마케팅)|이현지(온라인마케팅)|남유경(온라인마케팅)|서유진(온라인마케팅)|배종우(광고디자인)|김영숙(광고디자인)|김태은(예고편)|김현준(예고편)|주하정(예고편)|최용진(예고편)|정상화(예고편)|박주빈(배급진행)|강재규(홍보/마케팅 진행)|최원영(홍보/마케팅 진행)|김도희(홍보/마케팅 진행)|김도희(홍보/마케팅 진행)|장문경(홍보/마케팅 진행)|이솜결(홍보/마케팅 진행)|강재규(배급진행)|윤해범(애니메이션팀)|오예승(애니메이션팀)|안다은(애니메이션팀)|김태원(애니메이션팀)|김구용(애니메이션팀)|남궁찬양(애니메이션팀)|이석관(애니메이션팀)|황지현(홍보/마케팅 진행)
20248711,발레리나,BALLERINA,,2025,20250806,124,개봉,장편,미국,액션|스릴러,렌 와이즈먼,아나 디 아르마스|키아누 리브스|안젤리카 휴스턴|가브리엘 번|노먼 리더스|이안 맥쉐인|랜스 레드딕|정두홍|최수영,판씨네마(주)(배급사)|판씨네마(주)(수입사),2025-MF01858(청소년관람불가),채드 스타헬스키(제작)
20252680,스머프,Smurfs,,2025,20250806,91,개봉,장편,미국,애니메이션,크리스 밀러,리한나|제임스 코든|닉 오퍼맨|에이미 세다리스|나타샤 리온|산드라 오|옥타비아 스펜서|알렉스 윈터|커트 러셀|존 굿맨,롯데컬처웍스(주)롯데엔터테인먼트(배급사)|롯데컬처웍스(주)롯데엔터테인먼트(수입사)|파라마운트 픽쳐스(제공),2025-MF01573 (전체관람가),
20244537,강령: 귀신놀이,The Ghost Game,,2024,20250806,94,개봉,장편,한국,공포(호러)|미스터리|스릴러,손동완,김예림|이찬형|서동현|오소현|김은비|박서연|이다은|윤별하|유승아|정상훈|이진주|윤혜진|조수경|윤대성|노상현|김용선|구민혁|이경현|손평형|김지예|조예명|박승렬|김민호|손호은|김도훈|김진주|임세령|정유진|백가은|유영현,(주)이오콘텐츠그룹(제작사)|(주)스튜디오디에이치엘(배급사)|주식회사 케이티스튜디오지니(해외세일즈사),2025-MF01721 (15세이상관람가),오은영(제작)|김영환(프로듀서)|백가은(프로듀서)|배수홍(프로듀서)|전지운(제작팀)|양상민(제작팀)|백종민(제작회계)|고경연(제작관리)|장현정(데이타매니저)|원희진(원작)|손동완(시나리오(각본))|강혁수(조감독)|김윤정(조감독)|김재형(연출팀)|양승관(연출팀)|김혜린(스크립터)|한동희(현장편집)|이재환(촬영)|지상구(촬영팀)|신동훈(촬영팀)|박진아(촬영팀)|김지훈(촬영장비)|류리한(촬영장비)|민준희(조명)|강운혁(조명팀)|왕극민(조명팀)|김완기(조명팀)|송형근(발전차)|허서형(미술/프로덕션 디자인)|정선우(미술팀)|김민희(미술팀)|허주형(세트)|서동훈(세트팀)|정진모(동시녹음)|추준혁(붐오퍼레이터)|김은숙(의상)|김슬기(의상팀)|김희연(분장)|이현주(분장팀)|김민정(특수분장)|최지혜(특수분장)|전건익(특수효과)|이현준(특수효과팀)|최준혁(특수효과팀)|최명선(특수효과팀)|김지원(편집)|정지은(편집팀)|이가민(음악)|서지원(사운드)|서지원(사운드디자이너)|공태원(사운드믹싱)|한승희(대사)|김진주(대사)|전애린(대사)|한승희(사운드효과)|서지원(사운드효과)|노효진(폴리)|문재홍(폴리)|김경호(사운드팀)|오은영(기획)|서민지(배급진행)|김형일(VFX 아티스트)|송승환(VFX 아티스트)|유성민(DI팀)|김요셉(DI팀)|김민재(DI팀)|남희진(홍보/마케팅 진행)|구경성(홍보/마케팅 진행)|승문보(홍보/마케팅 진행)|박한진(온라인마케팅)|최진희(온라인마케팅)|정수연(온라인마케팅)|김지은(온라인마케팅)|조아현(온라인마케팅)|권나경(온라인마케팅)|임성윤(온라인마케팅)|김규민(온라인마케팅)|조윤서(온라인마케팅)|김호진(온라인마케팅)|배종우(광고디자인)|김영숙(광고디자인)|강동우(스틸)|차민정(스틸)|박건우(메이킹필름)|강경우(메이킹필름)|강동우(메이킹필름)|조승일(예고편)|이유진(예고편)|이택수(예고편)|김수빈(예고편)|김서현(예고편)|이재윤(예고편)|이창준(예고편)|이동근(예고편)|성주현(배급진행)|정해민(배급진행)|이수련(배급진행)|박여주2(배급진행)|조은진(배급진행)|김혜미(배급진행)|정민화(배급진행)|김민호(배급진행)|김선애(배급진행)|이주현(배급진행)|이성우(배급진행)|송승환(시각효과)
20256381,야당: 익스텐디드 컷,YADANG: Extended Cut,,2025,20250806,136,개봉,장편,한국,범죄|액션,황병국,강하늘|유해진|박해준|류경수|채원빈,(주)하이브미디어코프(제작사)|메가박스중앙(주) 플러스엠 엔터테인먼트(배급사)|메가박스중앙(주) 플러스엠 엔터테인먼트(제공),2025-MF01922 (청소년관람불가),이용수(프로듀서)|양은정(라인프로듀서)
20256149,머티리얼리스트,Materialists,,2025,20250808,116,개봉,장편,미국,멜로/로맨스|코미디,셀린 송,다코타 존슨|크리스 에반스|페드로 파스칼,소니픽쳐스엔터테인먼트코리아주식회사극장배급지점(배급사)|소니픽쳐스엔터테인먼트코리아주식회사극장배급지점(수입사),2025-MF01684(12세이상관람가),
20210546,악마가 이사왔다,PRETTY CRAZY,,2022,20250813,112,개봉,장편,한국,미스터리|코미디,이상근,임윤아|안보현|성동일|주현영,(주)외유내강(제작사)|(주)씨제이이엔엠(배급사)|(주)씨제이이엔엠(제공)|오거스트벤처파트너스 유한회사(공동제공),2025-MF01763(12세이상관람가),김희지(제작팀)|이상근(시나리오(각본))|류의진(홍보/마케팅 진행)|임승수(홍보/마케팅 진행)|장희연(홍보/마케팅 진행)|채민경(홍보/마케팅 진행)|이나리(홍보/마케팅 진행)|이채현(홍보/마케팅 진행)|최윤정(온라인마케팅)|지유나(온라인마케팅)|조형원(매니지먼트)|김재윤(온라인마케팅)|호윤정(온라인마케팅)|박지애(온라인마케팅)|김민정(온라인마케팅)|이지영(온라인마케팅)|김진희(온라인마케팅)|전혜숙(온라인마케팅)|조수빈(광고디자인)|전영욱(스틸)|박건우(메이킹필름)|강경우(메이킹필름)|강동우(메이킹필름)|이한결(배급진행)|한지열(홍보/마케팅 진행)|최지현(홍보/마케팅 진행)|문아진(홍보/마케팅 진행)|오병욱(온라인마케팅)
20255655,식스데이즈,6DAYS,,2025,20250813,80,개봉,장편,한국,드라마|다큐멘터리,황재석,,(주)MBC(제작사)|씨제이포디플렉스 주식회사(공동제작사)|스크린엑스 스튜디오(공동제작사)|씨지브이 아이스콘(배급사)|씨제이포디플렉스 주식회사(배급사),2025-MF01920 (전체관람가),김건우(프로듀서)|이승현(제작팀)|박건홍(편집팀)|김준서(DI팀)
20256701,긴키 지방의 어느 장소에 대하여,KINKI,近畿地方のある場所について,2025,20250813,103,개봉,장편,일본,미스터리|공포(호러),시라이시 코지,칸노 미호|아카소 에이지,(주)바이포엠스튜디오(배급사)|(주)바이포엠스튜디오(수입사),2025-MF01947 (15세이상관람가),
20253289,극장판 귀멸의 칼날: 무한성편,Demon Slayer: Kimetsu No Yaiba Infinity Castle Arc,,2025,20250822,155,개봉,장편,일본,애니메이션,소토자키 하루오,하나에 나츠키|키토 아카리|시모노 히로|마츠오카 요시츠구|오카모토 노부히코|사쿠라이 타카히로|코니시 카츠유키|카와니시 켄고|하야미 사오리|하나자와 카나|스즈무라 켄이치|세키 토모카즈|스기타 토모카즈,(주)씨제이이엔엠(배급사)|주식회사 애니맥스브로드캐스팅코리아(수입사),2025-MF01880 (15세이상관람가),임재인(배급진행)|김유안(배급진행)|김유안(홍보/마케팅 진행)|임재인(홍보/마케팅 진행)
20251543,독립군: 끝나지 않은 전쟁,La Resistance,,2025,20250813,95,개봉,장편,한국,다큐멘터리,문승욱,조진웅,주식회사 블루필름웍스(제작사)|제니필름 (제작사)|주식회사 블루필름웍스(배급사),2025-MF02034 (전체관람가),유예진(프로듀서)|조인주(홍보/마케팅 진행)|한욱(홍보/마케팅 진행)|김보영(홍보/마케팅 진행)
20256522,백! 스테이지,Back! Stage,,2025,,21,기타,단편,한국,드라마,방성준,윤호|이찬우|배재영|최문기|이상희|이채,(주)씨제이이엔엠(제작사)|주식회사 스튜디오제로백(공동제작사)|씨제이 씨지브이(CJ CGV)(주)(배급사),2025-MF01961 (12세이상관람가),김진우(제작)|이다임(제작)|문경법(프로듀서)|이용수(프로듀서)|문진경(라인프로듀서)|김정호(제작팀)|양은정(제작회계)|김민우(데이타매니저)|방성준(시나리오(각본))|박민우(조감독)|지상구(연출팀)|김다예(스크립터)|배연우(현장편집)|김영국(촬영)|최준녕(카메라오퍼레이터)|오승환(촬영팀)|박한별(촬영팀)|류명환(촬영팀)|이학송(촬영장비)|이동환(촬영장비)|이석용(촬영장비)|박성찬(조명)|이홍기(조명팀)|정인조(조명팀)|김인호(조명팀)|정재호(조명팀)|이도욱(조명팀)|박상훈(조명팀)|엄용흠(발전차)|이도욱(조명장비)|이혜인(미술/프로덕션 디자인)|이자운(미술팀)|이혜인(소품)|송승현(동시녹음)|이제연(붐오퍼레이터)|제민철(붐오퍼레이터)|이은경(의상)|곽정애(의상)|허유정(의상팀)|정지윤(의상팀)|김서희(분장)|방은옥(분장팀)|이주송(분장팀)|이진주(분장팀)|김서희(헤어)|황진모(액션/스턴트)|현수정(편집)|김우일(편집)|이다임(기획)|노주한(스틸)|김남식(시각효과)|유인식(VFX 슈퍼바이저)|류건희(VFX 슈퍼바이저)|김한웅(VFX 아티스트)|김채리(VFX 아티스트)|이슬비(VFX 아티스트)|이송연(VFX 아티스트)|박기쁨(VFX 아티스트)|현경민(VFX 아티스트)|김지수(VFX 아티스트)|정현민(VFX 아티스트)|정지연(VFX 아티스트)|김창훈(VFX 매니지먼트)|안희수(VFX 매니지먼트)|정수지(VFX 매니지먼트)|김은경(VFX 매니지먼트)|김지연(VFX 매니지먼트)|김소리(VFX 매니지먼트)|배은미(VFX 매니지먼트)|안재곤(VFX 매니지먼트)|신영섭(DI팀)|김지연(DI팀)|노혜리(DI팀)|강경원(DI팀)|조희대(DI팀)|조신영(DI팀)|김민지(광고디자인)|노주한(포스터사진)|한동원(스틸)|김민지(시각효과)
20255937,어글리 시스터,The Ugly Stepsister,,2025,20250820,109,개봉,장편,노르웨이|덴마크,공포(호러),에밀리 블리치펠트,레아 미렌|테아 소피 로흐 내스,(주)엠디에스스피어(배급사)|해피송(배급사)|해피송(수입사)|(주)엠디에스스피어(제공),2025-MF01596 (청소년관람불가),
20110026,로마의 휴일,Roman Holiday,,1953,20250820,118,개봉,장편,미국|이탈리아,멜로/로맨스|드라마|코미디,윌리엄 와일러,그레고리 펙|오드리 헵번,롯데컬처웍스(주)롯데시네마(배급사)|롯데컬처웍스(주)롯데시네마(수입사),2025-MF02100 (12세이상관람가),
20245055,백산 - 의령에서 발해까지,,,2024,20250205,83,개봉,장편,한국,다큐멘터리,진재운,,(주)KNN(제작사)|(주)드림팩트엔터테인먼트(배급사),2024-MF02538(전체관람가),한상헌(DI팀)|김창호(DI팀)
20231024,온리 갓 노우즈 에브리띵,Only God Knows Everything,,2025,20250822,115,개봉,장편,한국,미스터리|스릴러,백승환,신승호|한지은|박명훈|전소민|이중옥|이지현|유성주|신서우|정은경|이재환|유지혁|김일현|유병훈|이병수|송동환|백주환|이창주|남중규|유재명|강유라|양권석|이윤화|주상현|배성민|황원규|강해빈,(주)백그림(제작사)|(주)트리플픽쳐스(배급사)|주식회사 케이티스튜디오지니(해외세일즈사),2025-MF01394 (15세이상관람가),백승환(제작)|이유정(프로듀서)|김주형(제작팀)|김한솔(제작팀)|박소정(제작팀)|이재운(제작팀)|배은혜(제작회계)|박정환(데이타매니저)|백승환(각색)|김성진(각색)|이재창(조감독)|김철휘(연출팀)|권하나(스크립터)|정윤희(스토리보드)|박정환(현장편집)|신현규(촬영)|한상욱(촬영팀)|김지영(촬영팀)|김광일(그립)|김태훈(조명)|김종훈(조명팀)|김윤정(조명팀)|박병진(발전차)|김지오(미술/프로덕션 디자인)|오승현(아트디렉터)|이한솔(미술팀)|김기남(동시녹음)|이숙영(붐오퍼레이터)|김미미(붐오퍼레이터)|박유경(의상)|이동영(의상팀)|정유경(의상팀)|전영민(분장)|권문경(분장팀)|전영민(헤어)|이태영(액션/스턴트)|김차이(액션/스턴트팀)|오태승(액션/스턴트팀)|홍장표(특수효과)|장남국(특수효과팀)|배재현(특수효과팀)|송태훈(특수효과팀)|전영훈(특수효과팀)|이지훈(특수효과팀)|이희은(특수소품)|황효균(특수소품)|한상미(특수차량)|김용기(특수차량)|방광헌(특수차량)|김성민(특수차량)|백영희(특수차량)|오병연(특수차량)|김성훈(편집)|안민경(편집팀)|이상훈(음악)|이상훈(작사/작곡/편곡)|홍성준(사운드)|박초롱(사운드디자이너)|박효경(대사)|김용국(폴리)|정진영(사운드팀)|박성혜(기획진행)|문종규(기타)|최문희(DI팀)|김기문(DI팀)|강소연(DI팀)|손성주(DI팀)|정원석(DI팀)|이병희(DI팀)|백정훈(DI팀)|유선우(DI팀)|김예원(DI팀)|강민주(DI팀)|오태연(DI팀)|박현진(DI팀)|윤석일(DI팀)|박진호(DI팀)|김영아(홍보/마케팅 진행)|박지오(홍보/마케팅 진행)|지은혜(온라인마케팅)|정현지(온라인마케팅)|윤소정(온라인마케팅)|홍지율(온라인마케팅)|노현서(온라인마케팅)|박선희(온라인마케팅)|김찬별(광고디자인)|김민정(광고디자인)|현정혜(메이킹필름)|이상희(메이킹필름)|황병현(메이킹필름)|조용관(메이킹필름)|배예원(예고편)|김수진(예고편)|박진석(예고편)|박여원(예고편)|김석원(예고편)|장정진(예고편)|김익진(예고편)|김유경(배급진행)|기상윤(배급진행)|강기명(배급진행)|김용(매니지먼트)|윤석민(식당차)|송진화(기타)|원자영(기타)|곽언영(기타)|경성민(기타)|임혜빈(기타)|정종길(DI팀)
20256202,노바디2,Nobody2,,2025,20250827,89,개봉,장편,미국,액션|코미디,티모 타잔토,봅 오덴커크|샤론 스톤|코니 닐슨|콜린 행크스|크리스토퍼 로이드,유니버설픽쳐스인터내셔널 코리아(유)(배급사)|유니버설픽쳐스인터내셔널 코리아(유)(수입사),2025-MF01732(청소년관람불가),
20256281,첫사랑 엔딩,Just For Meeting You,念念相忘,2023,20250827,102,개봉,장편,중국,멜로/로맨스,리우 유린,송위룡|류호존,(주)바이포엠스튜디오(배급사)|(주)바이포엠스튜디오(수입사),2025-MF01771 (전체관람가),
20256185,프리키 프라이데이 2,FREAKIER FRIDAY,,2025,20250827,110,개봉,장편,미국,코미디|가족|판타지,니샤 가나트라,제이미 리 커티스|린제이 로한|줄리아 버터스|채드 마이클 머레이,월트디즈니컴퍼니코리아 유한책임회사(배급사)|월트디즈니컴퍼니코리아 유한책임회사(수입사),2025-MF01962 (12세이상관람가),
20256301,그랑 메종 파리,Grand Maison Paris,,2024,20250827,117,개봉,장편,일본,드라마,츠카하라 아유코,기무라 타쿠야|옥택연|스즈키 쿄카,(주)미디어캐슬(배급사)|롯데컬처웍스(주)롯데시네마(배급사)|(주)미디어캐슬(수입사)|(주)팬엔터테인먼트(제공),2025-MF01881 (12세이상관람가),
20257209,임영웅 [아임 히어로 2] 청음회,,,2025,20250828,45,개봉,장편,한국,기타,,임영웅,(주)씨제이이엔엠(제작사)|씨지브이 아이스콘(배급사),2025-MF02115(전체관람가),
20160942,슈퍼소닉,Supersonic,,2016,20161124,121,개봉,장편,영국,다큐멘터리,매트 화이트크로스,노엘 갤러거|리암 갤러거,(주)레드아이스 엔터테인먼트(배급사)|주식회사 씨네룩스(배급사)|찬란(수입사)|주식회사 씨네룩스(수입사),2016-MF01692(15세이상관람가),
20030047,모노노케 히메,Princess Mononoke,もののけ姬,1997,20030425,133,개봉,장편,일본,애니메이션|드라마|액션|어드벤처,미야자키 하야오,다나카 유코|마츠다 요지,(주)넥스트엔터테인먼트월드(NEW)(배급사)|월트디즈니코리아㈜(배급사)|대원미디어(주)(수입사),2003-F012(전체관람가),
20256702,컨저링: 마지막 의식,The Conjuring: Last Rites,,2025,20250903,135,개봉,장편,미국,공포(호러),마이클 차베즈,베라 파미가|패트릭 윌슨,워너브러더스 코리아(주)(배급사)|워너브러더스 코리아(주)(수입사),2025-MF02153 (15세이상관람가),
20256071,투게더,TOGETHER,,2025,20250903,102,개봉,장편,미국,공포(호러)|멜로/로맨스,마이클 쉥크스,데이브 프랭코|알리슨 브리,그린나래미디어(주)(배급사)|(주)엠디에스스피어(배급사)|그린나래미디어(주)(수입사)|(주)엠디에스스피어(제공),2025-MF01918 (15세이상관람가),마이클 쉥크스(시나리오(각본))
20020328,이티,E.T. The Extra-Terrestrial,,1982,19840623,114,개봉,장편,미국,SF|가족|어드벤처|판타지,스티븐 스필버그,헨리 토마스|드류 베리모어,유니버설픽쳐스인터내셔널 코리아(유)(배급사)|UIP코리아(배급사)|유니버설픽쳐스인터내셔널 코리아(유)(수입사)|현진필름(수입사)|UIP코리아(수입사),84-5(연소자관람가)|2003-FDVD3(전체관람가)|2025-MF01600 (전체관람가),
20233039,살인자 리포트,MURDER REPORT,,2023,20250905,107,개봉,장편,한국,드라마|스릴러,조영준,조여정|정성일|황지아|이주원|변창열|유현주|이정민,주식회사 위드에이스튜디오(제작사)|(주)엠아이케이스튜디오(제작사)|소니픽쳐스엔터테인먼트코리아주식회사극장배급지점(배급사)|주식회사 에이투지엔터테인먼트(배급사)|주식회사 에이투지엔터테인먼트(제공)|소니 픽쳐스 인터내셔널 프로덕션(제공)|쏠레어파트너스(유)(공동제공),2025-MF01502 (청소년관람불가),임선미(투자)|이성진(제작)|김의석(제작)|김용선(프로듀서)|조영준(시나리오(각본))|고은별(특수분장)|박병규(촬영)|송혜민(스크립터)|윤효진(온라인마케팅)|이동훈(광고대행)|김유진(기획)
20240206,전력질주,Run To You,,2025,20250910,97,개봉,장편,한국,드라마,이승훈,하석진|이신영|다현|이순원|윤서빈,주식회사 헤이데이프로덕션(제작사)|(주)신기한 영화사(공동제작사)|(주)레드아이스 엔터테인먼트(배급사)|(주)삼백상회(배급사)|주식회사 헤이데이프로덕션(제공)|(주)억만장자픽처스(제공)|(주)레드아이스 엔터테인먼트(제공),2025-MF02135 (12세이상관람가),유성권(프로듀서)|정재홍(제작팀)|이승훈(시나리오(각본))|구본춘(음악)|송윤규(연출팀)|김가영(연출팀)|이성중(촬영)|하미라(편집)|위진(조감독)
20256741,아기돼지 3형제: 도넛별 대모험,The Three Little Pigs 3,,2025,20250904,71,개봉,장편,중국,애니메이션|어드벤처,유위,장미|김채하|석승훈,와이드 릴리즈(주)(배급사)|(주)히스토리필름(수입사)|와이드 릴리즈(주)(제공),2025-MF01722 (전체관람가),
20246333,3670,3670,,2025,20250903,123,개봉,장편,한국,드라마|멜로/로맨스,박준호,조유현|김현목|조대희|배한솔|임지형|전두식|하승우|윤설|김진이|차미경|유태규|유시훈,오롯필름(제작사)|(주)엣나인필름(배급사),2025-MF01953(15세이상관람가),박준호(제작)|이혜인(프로듀서)|이준혁(제작팀)|박준호(시나리오(각본))|김보경(연출팀)|한상길(촬영)|송강석(조명)|최준식(미술/프로덕션 디자인)|곽선재(동시녹음)|박승원(의상)|김한나(의상)|명윤희(분장)|명윤희(헤어)|박준호(편집)|이수빈(음악)|김원(사운드)|이소흔(홍보/마케팅 진행)
20249072,3학년 2학기,The Final Semester,,2024,20250903,104,개봉,장편,한국,드라마,이란희,유이하|김성국|양지운|김소완|강진아,작업장 봄(제작사)|작업장 봄(배급사)|㈜인디스토리(해외세일즈사),2025-MF00328 (12세이상관람가),신운섭(프로듀서)|이란희(시나리오(각본))|이주환(촬영)|이연정(편집)|이수미(홍보/마케팅 진행)
20245485,귀시,THE CURSED,,2025,20250917,96,개봉,장편,한국,공포(호러),홍원기,유재명|문채원|서영희|원현준|솔라|차선우|배수민|서지수|손주연|박충선|황연희|송유현|석현준|권희송|안민영|조서영|유이화|조복래|김판겸|이형근|이수진|주선홍,(주)제리굿컴퍼니(제작사)|쟈니브로스(주)(제작사)|(주)바이포엠스튜디오(배급사)|(주)제리굿컴퍼니(배급사)|미시간벤처캐피탈(주)(제공)|(주)제리굿컴퍼니(제공),2025-MF02015 (15세이상관람가),오병호(조명장비)|황선명(조명장비)|서대식(조명장비)|서유미(미술/프로덕션 디자인)|송호석(미술팀)|이선호(미술팀)|남민지(미술팀)|강성전(세트팀)|황정호(동시녹음)|임정우(붐오퍼레이터)|김다정(붐오퍼레이터)|김다정(의상)|권혜원(의상팀)|강윤희(분장)|명주아(분장팀)|노효진(헤어)|강윤희(헤어)|이경민(특수분장)|최호정(특수분장)|황상필(특수분장)|최성근(특수분장)|이주환(특수분장)|김정민(액션/스턴트)|이상철(액션/스턴트팀)|윤기현(액션/스턴트팀)|송지민(액션/스턴트팀)|이혜미(액션/스턴트팀)|박찬영(액션/스턴트팀)|김용진(액션/스턴트팀)|김철구(액션/스턴트팀)|이준(액션/스턴트팀)|조혜경(액션/스턴트팀)|조아라(액션/스턴트팀)|서진수(액션/스턴트팀)|차상도(액션/스턴트팀)|김가을(액션/스턴트팀)|김상훈(액션/스턴트팀)|이주원(액션/스턴트팀)|도광일(특수효과)|도광섭(특수효과)|이승섭(특수효과팀)|도만춘(특수효과팀)|최문혁(특수효과팀)|김창주(특수효과팀)|박건우(특수효과팀)|도은주(특수효과팀)|김희수(특수효과팀)|정의현(특수효과팀)|김진민(특수효과팀)|김상철(특수효과팀)|이경민(특수효과팀)|변세윤(특수효과팀)|정지윤(특수효과팀)|권영근(특수효과팀)|한언재(편집)|구자완(음악)|송인혜(사운드)|이기준(사운드)|송인혜(사운드믹싱)|송인혜(대사)|이기준(대사)|허유라(사운드팀)|조일형(투자)|마지현(투자)|이안나(투자)|임상직(투자)|권나현(투자)|박한희(투자)|황인지(투자)|이희정(투자)|이순금(투자)|이정세(제작)|강재홍(제작)|한성수(제작)|조세훈(프로듀서)|이선빈(프로듀서)|최윤호(프로듀서)|이하영(프로듀서)|신동호(제작팀)|황상우(제작팀)|조서영(제작팀)|정다운(제작팀)|윤민영(제작팀)|김상은(제작회계)|홍원기(시나리오(각본))|유영선(각색)|홍원기(각색)|허진현(조감독)|김성년(조감독)|박예인(스크립터)|박지운(스토리보드)|최경희(현장편집)|박종철(촬영)|장은지(촬영팀)|김민태(촬영팀)|조예진(촬영팀)|최종인(촬영팀)|전종환(촬영팀)|장진영(촬영팀)|조소은(촬영팀)|한종민(촬영팀)|방준석(촬영팀)|정현우(촬영팀)|정민호(특수촬영)|김정욱(특수촬영)|하윤경(특수촬영)|신용수(특수촬영)|노정훈(특수촬영)|박윤철(특수촬영)|남기혁(특수촬영)|옥성준(조명)|김영근(조명팀)|박재우(조명팀)|손창환(조명팀)|설한빈(조명팀)|성준희(조명팀)|나상조(조명팀)|백승민(조명팀)|김재민(조명팀)|김준영(조명팀)|이호정(조명팀)|설승호(조명팀)|황진욱(조명팀)|김동환(발전차)|허진찬(발전차)|이정세(기획)|김소희(기획진행)|김예진(기획진행)|김서연(기획진행)|손승현(시각효과)|김현주(VFX 슈퍼바이저)|임봉규(VFX 슈퍼바이저)|최민호(VFX 슈퍼바이저)|박준철(VFX 슈퍼바이저)|유정완(VFX 슈퍼바이저)|김성환(VFX 슈퍼바이저)|박지용(VFX 슈퍼바이저)|김현정(VFX 슈퍼바이저)|김해리(VFX 슈퍼바이저)|전소미(VFX 슈퍼바이저)|김광욱(VFX 슈퍼바이저)|이정문(VFX 슈퍼바이저)|황진혜(VFX 슈퍼바이저)|이웅진(VFX 슈퍼바이저)|이용섭(VFX 슈퍼바이저)|허동혁(VFX 슈퍼바이저)|박준호(VFX 슈퍼바이저)|김지현(VFX 슈퍼바이저)|하효정(VFX 슈퍼바이저)|유해미(VFX 슈퍼바이저)|최선진(VFX 슈퍼바이저)|박송이(VFX 슈퍼바이저)|강성일(VFX 슈퍼바이저)|박연남(VFX 슈퍼바이저)|장명훈(VFX 슈퍼바이저)|정재훈(VFX 슈퍼바이저)|김승태(VFX 슈퍼바이저)|조성현(VFX 슈퍼바이저)|김신철(VFX 슈퍼바이저)|김한준(VFX 슈퍼바이저)|신유진(VFX 아티스트)|김민지(VFX 아티스트)|김혜은(VFX 아티스트)|김소민(VFX 아티스트)|고혁(VFX 아티스트)|임동완(VFX 아티스트)|오승진(VFX 아티스트)|김희준(VFX 아티스트)|임아경(VFX 아티스트)|유영균(VFX 아티스트)|안나현(VFX 아티스트)|장주연(VFX 아티스트)|박성근(VFX 아티스트)|박정빈(VFX 아티스트)|정유진(VFX 아티스트)|장효석(VFX 아티스트)|한원준(VFX 아티스트)|이미소(VFX 아티스트)|김주환(VFX 아티스트)|서은송(VFX 아티스트)|성수진(VFX 아티스트)|이상협(VFX 아티스트)|이유영(VFX 아티스트)|김연욱(VFX 아티스트)|이도한(VFX 아티스트)|전병선(VFX 아티스트)|이선준(VFX 아티스트)|이유은(VFX 아티스트)|한희정(VFX 아티스트)|노유하(VFX 아티스트)|한수진(VFX 아티스트)|이재석(VFX 아티스트)|임채영(VFX 아티스트)|조윤아(VFX 아티스트)|김송(VFX 아티스트)|신한솔(VFX 아티스트)|이선주(VFX 아티스트)|황영선(VFX 아티스트)|황한울(VFX 아티스트)|신서영(VFX 아티스트)|김수빈(VFX 아티스트)|황세영(VFX 아티스트)|김효진(VFX 아티스트)|전영빈(VFX 아티스트)|최준영(VFX 아티스트)|이현경(VFX 아티스트)|고원이(VFX 아티스트)|이대희(VFX 아티스트)|지현창(VFX 아티스트)|문정원(VFX 아티스트)|이소영(VFX 아티스트)|하나영(VFX 아티스트)|김대현(VFX 아티스트)|장다연(VFX 아티스트)|김우은(VFX 아티스트)|이유빈(VFX 아티스트)|문수빈(VFX 아티스트)|양아영(VFX 아티스트)|유여정(VFX 아티스트)|전태우(VFX 아티스트)|서지현(VFX 아티스트)|강인혜(VFX 아티스트)|김상큼(VFX 아티스트)|김건희(VFX 아티스트)|이솔(VFX 아티스트)|최지영(VFX 아티스트)|정한나(VFX 아티스트)|유미송(VFX 아티스트)|정유경(VFX 아티스트)|이예지(VFX 아티스트)|서보경(VFX 아티스트)|순별이(VFX 아티스트)|서원빈(VFX 아티스트)|박지은(VFX 아티스트)|정재윤(VFX 아티스트)|임현욱(VFX 아티스트)|이영주(VFX 아티스트)|유혜진(VFX 아티스트)|정해성(VFX 아티스트)|김준수(VFX 아티스트)|조윤주(VFX 아티스트)|정다빈(VFX 아티스트)|이희수(VFX 아티스트)|최재영(VFX 아티스트)|임영인(VFX 아티스트)|박세연(VFX 아티스트)|정세은(VFX 아티스트)|이인경(VFX 아티스트)|조우승(VFX 아티스트)|고소연(VFX 아티스트)|정가영(VFX 아티스트)|추지훈(VFX 아티스트)|강강주(VFX 아티스트)|임은혜(VFX 아티스트)|홍수지(VFX 아티스트)|이승진(VFX 아티스트)|박재형(VFX 아티스트)|김지훈(VFX 아티스트)|이주미(VFX 아티스트)|장혜선(VFX 아티스트)|조우람(VFX 아티스트)|이혜선(VFX 아티스트)|김예영(VFX 아티스트)|김병수(VFX 아티스트)|김용빈(VFX 매니지먼트)|최설희(VFX 매니지먼트)|김양경(VFX 매니지먼트)|박선정(VFX 매니지먼트)|김정민(VFX 매니지먼트)|박수종(VFX 매니지먼트)|김세훈(VFX 매니지먼트)|이찬희(VFX 매니지먼트)|홍소령(VFX 매니지먼트)|장호선(VFX 매니지먼트)|김혜원(VFX 매니지먼트)|김재형(VFX 매니지먼트)|장윤정(VFX 매니지먼트)|강승원(VFX 매니지먼트)|한수연(VFX 매니지먼트)|김경식(VFX 매니지먼트)|김상원(VFX 매니지먼트)|이하람(VFX 매니지먼트)|이옥희(VFX 매니지먼트)|서하늘(VFX 매니지먼트)|박병모(VFX 매니지먼트)|한주영(VFX 매니지먼트)|박정현(VFX 매니지먼트)|유현기(VFX 매니지먼트)|김다은(VFX 매니지먼트)|유예람(VFX 매니지먼트)|장윤지(VFX 매니지먼트)|김유선(VFX 매니지먼트)|박진우(VFX 매니지먼트)|김다인(VFX 매니지먼트)|최아름(VFX 매니지먼트)|이유라(VFX 매니지먼트)|오유림(VFX 매니지먼트)|이경은(VFX 매니지먼트)|서덕재(VFX 매니지먼트)|장슬혜(VFX 매니지먼트)|신예섭(VFX 매니지먼트)|박근영(VFX 매니지먼트)|이원혁(VFX 매니지먼트)|정재명(VFX 매니지먼트)|손현일(VFX 매니지먼트)|박선준(VFX 매니지먼트)|정태민(VFX 매니지먼트)|강유미(VFX 매니지먼트)|허나윤(VFX 매니지먼트)|황성민(VFX 매니지먼트)|국경진(VFX 매니지먼트)|박지만(VFX 매니지먼트)|윤태훈(VFX 매니지먼트)|장용한(VFX 매니지먼트)|서채연(VFX 매니지먼트)|박정인(VFX 매니지먼트)|임주영(VFX 매니지먼트)|임예은(VFX 매니지먼트)|안소형(VFX 매니지먼트)|임수민(VFX 매니지먼트)|최시원(VFX 매니지먼트)|홍혜련(VFX 매니지먼트)|박정현(VFX 매니지먼트)|박철완(VFX 매니지먼트)|백민희(VFX 매니지먼트)|김규남(VFX 매니지먼트)|민선혜(VFX 매니지먼트)|김주영(DI팀)|이현아(DI팀)|신슬정(홍보/마케팅 진행)|김현지(홍보/마케팅 진행)|김종욱(홍보/마케팅 진행)|최경미(홍보/마케팅 진행)|이다희(홍보/마케팅 진행)|김광현(홍보/마케팅 진행)|유지혜(홍보/마케팅 진행)|유단비(온라인마케팅)|김보경(온라인마케팅)|이혜정(온라인마케팅)|강은경(온라인마케팅)|이다은(온라인마케팅)|황정현(온라인마케팅)|최종범(온라인마케팅)|장익호(광고디자인)|안태희(광고디자인)|노주한(스틸)|안현지(메이킹필름)|이경원(메이킹필름)|김보은(예고편)|성진아(예고편)|장재영(예고편)|노재영(예고편)|유태인(예고편)|김동현(예고편)|박수야(인쇄)|유현아(인쇄)|유진아(인쇄)|우해정(인쇄)|성윤지(배급진행)|서유림(배급진행)|장슬기(배급진행)|주아람(배급진행)|손민경(배급진행)|박은경(배급진행)|안수진(배급진행)|주연주(배급진행)|이정민(배급진행)|이미영(배급진행)|정예린(배급진행)|고아라(배급진행)
20247245,홈캠,HOMECAM,,2025,20250910,93,개봉,장편,한국,공포(호러),오세호,윤세아|윤별하|권혁|리마 탄 비_항|김소민|오지혜|정지수|윤관우|민경옥|김종태|주영호|윤설|허동원|김윤진|배지수|전재성|지수한|김한솔|백승철|권혁성|송지호|한기웅|이승진|허지나|정한비치|한찬희|조은래|배지수|황혜린|우연서,(주)엠픽처스(제작사)|주식회사 로아앤코홀딩스(배급사)|주식회사 로아앤코홀딩스(제공),2025-MF01833 (15세이상관람가),이승연(사운드효과)|한지영(폴리)|김동환(폴리)|정성권(폴리)|송윤재(사운드팀)|강성찬(사운드팀)|고정연(사운드팀)|배재연(촬영장비)|장권(조명)|유승상(조명팀)|백혜문(조명팀)|권지은(조명팀)|진수호(조명팀)|이태구(조명팀)|이정훈(조명팀)|황진욱(조명팀)|최종호(발전차)|남기준(발전차)|서대식(조명장비)|오석필(조명장비)|정혜원(미술/프로덕션 디자인)|원유라(미술팀)|김용주(미술팀)|김경수(세트)|오선미(세트팀)|박준규(세트팀)|박흥용(세트팀)|정병길(세트팀)|이한현(세트팀)|우용길(세트팀)|박민우(세트팀)|유한종(세트팀)|박찬용(세트팀)|김윤수(세트팀)|최호민(세트팀)|박준식(세트미술팀)|정치영(세트미술팀)|김종석(세트미술팀)|임호상(소품)|김병학(소품팀)|권지원(소품팀)|이정현(소품팀)|권석훈(소품팀)|김형수(소품팀)|김승진(동시녹음)|안효재(붐오퍼레이터)|구가은(의상)|김지수(의상팀)|최민선(분장)|남민주(분장팀)|임지인(분장팀)|설하운(특수분장)|전건익(특수효과)|이현준(특수효과팀)|최준혁(특수효과팀)|최명선(특수효과팀)|김동희(특수소품)|박주영(편집)|정태빈(편집팀)|이태현(음악)|최선영(음악진행)|최재원(작사/작곡/편곡)|김가연(작사/작곡/편곡)|최재원(작사/작곡/편곡)|최선영(작사/작곡/편곡)|이태현(작사/작곡/편곡)|정지영(사운드)|한명환(사운드)|김유훈(사운드디자이너)|한명환(사운드믹싱)|김용수(대사)|마지현(투자)|이안나(투자)|임상직(투자)|권나현(투자)|박한희(투자)|황인지(투자)|김채윤(투자)|조성호(투자)|김태우(투자)|김주형(투자)|이현구(투자)|이아민(투자)|장영길(투자)|정선이(투자)|김숙이(투자)|최혜숙(투자)|홍현재(투자)|신설희(투자)|이덕원(투자)|이덕원(투자)|이강일(투자)|윤혜진(투자)|조일형(투자)|백승재(투자)|박진홍(투자)|배준오(투자)|백승환(제작)|김봉서(제작)|김필제(프로듀서)|안희철(프로듀서)|정한비치(라인프로듀서)|이명훈(라인프로듀서)|정서영(제작팀)|김덕수(제작팀)|이동훈(제작팀)|김지윤(제작관리)|박동희(제작관리)|박대민(제작관리)|석동준(제작관리)|이정인(데이타매니저)|송세진(데이타매니저)|김목현(데이타매니저)|김연주(시나리오(각본))|박동희(각색)|박대민(각색)|오세호(각색)|윤재묵(조감독)|조은래(연출팀)|변여빈(연출팀)|한찬희(연출팀)|조하나(스크립터)|김윤혜(스토리보드)|정태빈(현장편집)|박경균(촬영)|엄지수(촬영팀)|설진석(촬영팀)|김정욱(촬영팀)|조민수(촬영팀)|이현호(촬영팀)|김상우(촬영팀)|이도윤(그립)|김효성(그립)|성열한(촬영장비)|박동희(기획)|박대민(기획)|김봉서(기획)|김규원(시각효과)|정철황(시각효과)|임지율(VFX 슈퍼바이저)|백경수(VFX 슈퍼바이저)|박민수(VFX 슈퍼바이저)|김준형(VFX 슈퍼바이저)|임동현(VFX 슈퍼바이저)|송승준(VFX 슈퍼바이저)|유혜정(VFX 슈퍼바이저)|이지혜(VFX 슈퍼바이저)|고영승(VFX 슈퍼바이저)|김종겸(VFX 슈퍼바이저)|김우철(VFX 슈퍼바이저)|조성구(VFX 슈퍼바이저)|배서진(VFX 슈퍼바이저)|이동우(VFX 슈퍼바이저)|정소희(VFX 슈퍼바이저)|김은진(VFX 슈퍼바이저)|박기도(VFX 슈퍼바이저)|장동진(VFX 슈퍼바이저)|이유진(VFX 슈퍼바이저)|김상현(VFX 아티스트)|최원재(VFX 아티스트)|강희권(VFX 아티스트)|이주영(VFX 아티스트)|천현아(VFX 아티스트)|박주민(VFX 아티스트)|민다솔(VFX 아티스트)|김태환(VFX 아티스트)|김지수(VFX 아티스트)|채호진(VFX 아티스트)|유정민(VFX 아티스트)|김현아(VFX 아티스트)|조수민(VFX 아티스트)|김은진(VFX 아티스트)|김채향(VFX 아티스트)|안승준(VFX 아티스트)|이도검(VFX 아티스트)|김연진(VFX 아티스트)|최유라(VFX 아티스트)|이은희(VFX 아티스트)|박양해(VFX 아티스트)|정민주(VFX 아티스트)|이동진(VFX 아티스트)|김준형(VFX 아티스트)|이근묘(VFX 아티스트)|박경원(VFX 아티스트)|최지수(VFX 아티스트)|이유미(VFX 아티스트)|노승수(VFX 아티스트)|장윤호(VFX 아티스트)|박광현(VFX 아티스트)|이지원(VFX 아티스트)|황채연(VFX 아티스트)|서동균(VFX 아티스트)|김수민(VFX 아티스트)|박민환(VFX 아티스트)|주한결(VFX 아티스트)|강혜주(VFX 아티스트)|김태경(VFX 아티스트)|송제현(VFX 아티스트)|권아인(VFX 아티스트)|정세윤(VFX 아티스트)|하예주(VFX 아티스트)|이하연(VFX 아티스트)|지정은(VFX 아티스트)|양서희(VFX 아티스트)|김우헌(VFX 아티스트)|이유경(VFX 아티스트)|신재용(VFX 아티스트)|김세은(VFX 아티스트)|공보람(VFX 아티스트)|차현진(VFX 아티스트)|문태곤(VFX 아티스트)|박민선(VFX 아티스트)|조석현(VFX 아티스트)|류운선(VFX 아티스트)|최승환(VFX 아티스트)|정형진(VFX 아티스트)|송상욱(VFX 아티스트)|박혜린(VFX 아티스트)|오태환(VFX 아티스트)|장경선(VFX 아티스트)|김규영(VFX 아티스트)|이영채(VFX 아티스트)|김채현(VFX 아티스트)|서보규(VFX 아티스트)|황시은(VFX 아티스트)|정현수(VFX 아티스트)|박성현(VFX 아티스트)|신지은(VFX 아티스트)|정슬기(VFX 아티스트)|이지웅(VFX 아티스트)|이호준(VFX 매니지먼트)|강주언(VFX 매니지먼트)|임수현(VFX 매니지먼트)|심상종(VFX 매니지먼트)|이소원(VFX 매니지먼트)|윤라울(VFX 매니지먼트)|이진주(VFX 매니지먼트)|이한준(VFX 매니지먼트)|이부용(VFX 매니지먼트)|이지민(VFX 매니지먼트)|강경민(VFX 매니지먼트)|신승호(VFX 매니지먼트)|김국호(VFX 매니지먼트)|정성진(VFX 매니지먼트)|김하늘(VFX 매니지먼트)|박세민(VFX 매니지먼트)|이혜주(VFX 매니지먼트)|강지윤(VFX 매니지먼트)|김규한(VFX 매니지먼트)|문가영(VFX 매니지먼트)|서민지(VFX 매니지먼트)|황선진(VFX 매니지먼트)|김양경(VFX 매니지먼트)|김선혜(VFX 매니지먼트)|고재윤(VFX 매니지먼트)|장화정(VFX 매니지먼트)|심채원(VFX 매니지먼트)|홍은솔(VFX 매니지먼트)|이향희(VFX 매니지먼트)|권승환(VFX 매니지먼트)|양지호(VFX 매니지먼트)|김성현(VFX 매니지먼트)|위재은(VFX 매니지먼트)|박창현(VFX 매니지먼트)|정철호(VFX 매니지먼트)|장미진(VFX 매니지먼트)|김정호(DI팀)|임혜빈(홍보/마케팅 진행)|경성민(홍보/마케팅 진행)|곽언영(홍보/마케팅 진행)|문종규(홍보/마케팅 진행)|이다은(홍보/마케팅 진행)|허유림(홍보/마케팅 진행)|안경희(홍보/마케팅 진행)|전현영(홍보/마케팅 진행)|유단비(온라인마케팅)|김보경(온라인마케팅)|이혜정(온라인마케팅)|강은경(온라인마케팅)|황정현(온라인마케팅)|최종범(온라인마케팅)|우민혁(광고디자인)|김내은(광고디자인)|조원진(스틸)|박찬수(메이킹필름)|이진우(예고편)|조영수(예고편)|박이랑(배급진행)|강문경(배급진행)|한상욱(배급진행)|임성지(배급진행)|박선영(배급진행)|유현일(배급진행)|신정현(캐스팅)|김백겸(캐스팅)|곽용(캐스팅)|장석정(캐스팅)|이승불(캐스팅)|오재동(캐스팅)|우성진(캐스팅)|박제용(운송)|강혜미(기타)|정원용(기타)|유종섭(기타)|유환(기타)|정재윤(기타)|송은태(기타)|이호진(기타)|김대길(기타)|이지영(기타)|윤주식(기타)|염철민(기타)|김현모(기타)|손종현(기타)|우연서(기타)|박민희(기타)|장동찬(기타)|조은래(기타)
20257083,건국전쟁2,The Birth of Korea 2,,2025,20250910,107,개봉,장편,한국,다큐멘터리,김덕영,,다큐스토리프로덕션(제작사)|다큐스토리프로덕션(배급사),2025-MF01960 (12세이상관람가),
19950366,토이 스토리,Toy Story,,1994,19951230,80,개봉,장편,미국,애니메이션|코미디|판타지,존 라세터,톰 행크스|팀 알렌|짐 바니,픽사 애니메이션 스튜디오(제작사)|월트디즈니컴퍼니코리아 유한책임회사(배급사)|월트디즈니컴퍼니코리아 유한책임회사(수입사)|월트디즈니컴퍼니코리아(주)(수입사),95-377(연소자관람가)|2025-MF02188 (전체관람가),랜디 뉴먼(음악)
20242964,얼굴,The Ugly,,2025,20250911,102,개봉,장편,한국,미스터리,연상호,박정민|권해효|신현빈|한지현|임성재|김재록|차미경|주해은|원미원|박명신|이현균|고서희|고동업|홍석빈|김혜정|이한솔|서석규|하시연|한상철|오창경|전운종|백성철|최환이|안현빈|강전영|진용욱|조승구|임정선|한동원|오치운|함은우|김환영|서문호|김지원,주식회사 와우포인트(제작사)|메가박스중앙(주) 플러스엠 엔터테인먼트(배급사)|주식회사 와우포인트(제공)|메가박스중앙(주) 플러스엠 엔터테인먼트(공동제공)|메가박스중앙(주) 플러스엠 엔터테인먼트(해외세일즈사),2025-MF01973 (15세이상관람가),조유정(투자)|윤수민(투자)|우상혁(투자)|김아연(투자)|최동석(투자)|정성엽(투자)|김지수(투자)|김수경(투자)|전영상(투자)|고유리(투자)|안종진(투자)|김한아(투자)|임나은(투자)|엄혜정(투자)|유은성(투자)|신이슬(투자)|장영준(투자)|함연주(투자)|임현진(투자)|안효림(투자)|김유진(투자)|안소희(투자)|홍정인(투자)|양유민(투자)|양유민(제작)|안소희(프로듀서)|조은혜(프로듀서)|정길용(제작팀)|백성욱(제작팀)|홍성일(제작팀)|이다연(제작팀)|노홍태(제작팀)|박원준(제작팀)|정민수(데이타매니저)|연상호(시나리오(각본))|김훈영(조감독)|이형주(연출팀)|정대웅(스크립터)|장강희(스토리보드)|표상우(촬영)|김지애(촬영팀)|장용진(촬영팀)|이선홍(촬영팀)|양주호(촬영팀)|손수정(촬영팀)|백승민(촬영팀)|이수용(촬영팀)|박진수(촬영팀)|송정우(촬영팀)|현승훈(촬영팀)|변봉선(촬영팀)|강윤순(촬영팀)|한정희(촬영팀)|문용군(촬영팀)|황다훈(촬영팀)|최연수(촬영팀)|김필립(그립)|최민혁(그립)|강용빈(그립)|이승원(특수촬영)|이도규(특수촬영)|김승호(특수촬영)|김학수(촬영장비)|송현석(조명)|김우진(조명팀)|이정우(조명팀)|정준혁(조명팀)|이범희(조명팀)|이태희(조명팀)|민준희(조명팀)|최정현(조명팀)|이우점(조명장비)|이목원(미술/프로덕션 디자인)|노유진(아트디렉터)|유선영(미술팀)|박선경(미술팀)|박태식(세트)|김정훈(세트)|위민호(세트팀)|이승현(세트팀)|전진아(세트팀)|방선보(세트팀)|신재호(세트팀)|김승주(세트팀)|정영환(세트팀)|김정현(세트팀)|최윤경(세트팀)|김봉환(세트미술팀)|이병진(세트미술팀)|전동진(세트미술팀)|유청(소품)|박준용(소품)|김민수(소품팀)|김동희(소품팀)|한충기(소품팀)|정회훈(소품팀)|강정훈(소품팀)|이소영(소품팀)|강봉성(동시녹음)|김경미(의상)|장미숙(의상팀)|조태희(분장)|한연주(분장팀)|허혜운(분장팀)|김지현(분장팀)|정유민(분장팀)|조태희(헤어)|백남준(액션/스턴트)|김찬란(액션/스턴트팀)|김진우(액션/스턴트팀)|황효균(특수소품)|이광원(특수소품)|한상미(특수차량)|방광헌(특수차량)|김용기(특수차량)|김성민(특수차량)|오병연(특수차량)|박주애(편집)|채민주(음악)|방지현(음악진행)|박지예(작사/작곡/편곡)|방지현(작사/작곡/편곡)|채민주(작사/작곡/편곡)|김태용(음악 믹싱/레코딩)|박재현(음악 믹싱/레코딩)|최우재(음악 믹싱/레코딩)|김석원(사운드)|김현준(사운드믹싱)|조민경(대사)|이용후(사운드효과)|유의정(사운드효과)|오준혁(사운드효과)|강민석(사운드효과)|김현준(폴리)|김정민(사운드팀)|오연우(사운드팀)|홍윤성(사운드팀)|김다빈(홍보/마케팅 진행)|류해은(홍보/마케팅 진행)|이민혜(홍보/마케팅 진행)|손효정(홍보/마케팅 진행)|박혜경(홍보/마케팅 진행)|최희준(홍보/마케팅 진행)|심승희(홍보/마케팅 진행)|변다혜(홍보/마케팅 진행)|신승연(홍보/마케팅 진행)|김예진(홍보/마케팅 진행)|최윤정(온라인마케팅)|지유나(온라인마케팅)|오병욱(온라인마케팅)|김재윤(온라인마케팅)|조인혜(온라인마케팅)|조현진(온라인마케팅)|최주영(온라인마케팅)|이지영(온라인마케팅)|김진희(온라인마케팅)|전혜숙(온라인마케팅)|장승민(광고디자인)|박시영(광고디자인)|조원진(포스터사진)|조원진(스틸)|이선주(메이킹필름)|김태은(메이킹필름)|전지은(메이킹필름)|이미림(메이킹필름)|장현지(메이킹필름)|주하정(메이킹필름)|최용진(메이킹필름)|정상화(메이킹필름)|이승원(메이킹필름)|편성민(예고편)|김하나(예고편)|강진경(예고편)|서병환(예고편)|황정현(예고편)|박수야(인쇄)|유현아(인쇄)|유진아(인쇄)|우혜정(인쇄)|한원섭(캐스팅)|이명근(캐스팅)|김정현(캐스팅)|백상현(캐스팅)|이옥희(캐스팅)|이성락(운송)|달시 파켓(기타)|조태희(기타)|김유진(기타)|박정호(기타)|최현(기타)|최영환(기타)|이서영(스턴트연기)|이원행(스턴트연기)|이지연(시각효과)|홍정호(시각효과)|손원락(VFX 슈퍼바이저)|허수정(VFX 슈퍼바이저)|차동호(VFX 슈퍼바이저)|손원락(VFX 슈퍼바이저)|방진영(VFX 슈퍼바이저)|이지연(VFX 슈퍼바이저)|홍정호(VFX 슈퍼바이저)|진종현(VFX 슈퍼바이저)|제갈승(VFX 슈퍼바이저)|김욱(VFX 슈퍼바이저)|강종익(VFX 슈퍼바이저)|나정은(VFX 아티스트)|김고은(VFX 아티스트)|백지연(VFX 아티스트)|박수홍(VFX 아티스트)|이창민(VFX 아티스트)|최유진(VFX 매니지먼트)|조용대(VFX 매니지먼트)|정다희(VFX 매니지먼트)|이나래(VFX 매니지먼트)|조원만(VFX 매니지먼트)|정주호(VFX 매니지먼트)|김성재(VFX 매니지먼트)|고명원(VFX 매니지먼트)|김신혜(VFX 매니지먼트)|최철호(VFX 매니지먼트)|김유나(VFX 매니지먼트)|김혜진(VFX 매니지먼트)|윤석주(VFX 매니지먼트)|유영진(VFX 매니지먼트)|김정민(VFX 매니지먼트)|공채운(VFX 매니지먼트)|김주호(VFX 매니지먼트)|최진호(VFX 매니지먼트)|최민석(VFX 매니지먼트)|이정훈(VFX 매니지먼트)|서정욱(VFX 매니지먼트)|김윤희(VFX 매니지먼트)|조정윤(VFX 매니지먼트)|남궁윤환(VFX 매니지먼트)|하승우(VFX 매니지먼트)|이현준(VFX 매니지먼트)|안상희(DI팀)|김범수(DI팀)|심상원(DI팀)|임재형(DI팀)|서강혁(DI팀)|채가희(DI팀)|김자남(DI팀)|송승현(DI팀)|김지욱(DI팀)|류연(DI팀)|박진영(DI팀)|이경종(DI팀)|주화(홍보/마케팅 진행)|임혜빈(홍보/마케팅 진행)|경성민(홍보/마케팅 진행)|곽언영(홍보/마케팅 진행)|문종규(홍보/마케팅 진행)|이효진(홍보/마케팅 진행)
20040590,퍼펙트 블루,Perfect Blue,パーフェクトブルー,1997,20040526,81,개봉,장편,일본,애니메이션|미스터리,곤 사토시,마츠모토 리카|츠지 신파치|이와오 준코,(주)디스테이션(배급사)|(주)튜브엔터테인먼트(배급사)|(주)나이너스엔터테인먼트(수입사)|티미디어(수입사)|렉스엔터테인먼트(수입사),2001-F183(18세관람가),
20243864,연의 편지,Your Letter,,2025,20251001,96,개봉,장편,한국,애니메이션,김용환,이수현|김민주|민승우|남도형|김연우|이미나|김채린|김예림|김아롱|이세레나|박기욱|김순미|김현욱|원종준|최현식,스튜디오리코 주식회사(제작사)|스튜디오엔(주)(제작사)|(주)씨엠씨미디어(공동제작사)|롯데컬처웍스(주)롯데엔터테인먼트(배급사)|롯데컬처웍스(주)롯데엔터테인먼트(제공),2025-MF01685 (12세이상관람가),김태성(음악)|박병대(음악)|윤주영(음악)|도성일(음악)|김석원(사운드)|김석원(사운드믹싱)|김현준(사운드믹싱)|조민경(대사)|이용후(사운드효과)|유의정(사운드효과)|오준혁(사운드효과)|강민석(사운드효과)|이지연(폴리)|김현준(폴리)|김정민(사운드팀)|홍윤성(사운드팀)|오연우(사운드팀)|이경언(사운드팀)|김진수(사운드팀)|조성은(사운드팀)|김필수(사운드팀)|임진효(사운드팀)|이지혜(사운드팀)|정민주(사운드팀)|김정령(사운드팀)|김예진(사운드팀)|이재훈(투자)|장민호(투자)|이승현(투자)|엄미라(투자)|맹지은(투자)|김혜인(투자)|김찬수(투자)|남세현(투자)|박진호(투자)|박수빈(투자)|김세형(투자)|이경재(투자)|황세준(투자)|유귀선(투자)|김종열(투자)|최윤정(제작)|조혜승(제작)|이주영(제작)|홍준표(제작)|윤종윤(제작)|권미경(제작)|최준(제작)|강경민(프로듀서)|김애리(프로듀서)|김채린(프로듀서)|이민애(프로듀서)|이하림(프로듀서)|이세종(프로듀서)|이매림(라인프로듀서)|윤은지(제작팀)|이수호(제작팀)|김예린(로케이션매니저)|조현아(원작)|정은경(시나리오(각본))|박누리(각색)|조아라(각색)|김용환(각색)|이기녕(윤색)|김한나(윤색)|오민교(조감독)|천새미(스토리보드)|오민교(스토리보드)|장시준(스토리보드)|손영은(스토리보드)|조아라(스토리보드)|김학철(미술/프로덕션 디자인)|윤종태(미술/프로덕션 디자인)|김예린(미술/프로덕션 디자인)|황연주(미술팀)|윤승희(미술팀)|김현구(미술팀)|김지연(미술팀)|고경진(미술팀)|전영미(미술팀)|이지혜(미술팀)|김종우(미술팀)|오현수(미술팀)|오주연(미술팀)|남정숙(미술팀)|박슬기(미술팀)|남나영(편집)|오민교(편집)|김연정(음악)|권미경(기획)|장현근(작화감독)|신민섭(작화감독)|이정훈(작화감독)|정연순(작화감독)|김경환(작화감독)|김은영(작화감독)|박상욱(작화감독)|김기풍(작화감독)|권윤희(작화감독)|이정권(작화감독)|권은경(작화감독)|한나래(작화감독)|박누리(작화감독)|윤혜린(애니메이션팀)|홍세림(애니메이션팀)|최유미(애니메이션팀)|양은지(애니메이션팀)|최지현(애니메이션팀)|봉지현(애니메이션팀)|김지율(애니메이션팀)|우지연(애니메이션팀)|최재희(애니메이션팀)|양홍지(애니메이션팀)|박혜민(애니메이션팀)|정윤현(애니메이션팀)|손유진(애니메이션팀)|이하린(애니메이션팀)|이유빈(애니메이션팀)|이호민(애니메이션팀)|김남원(애니메이션팀)|박용상(애니메이션팀)|이남경(애니메이션팀)|이연숙(애니메이션팀)|이민아(애니메이션팀)|김경은(애니메이션팀)|김효진(애니메이션팀)|강정아(애니메이션팀)|안은혜(애니메이션팀)|최진주(애니메이션팀)|송지원(애니메이션팀)|이은진(애니메이션팀)|이정권(애니메이션팀)|김주석(애니메이션팀)|김은영(애니메이션팀)|유세형(애니메이션팀)|장범철(애니메이션팀)|양선연(애니메이션팀)|장현근(애니메이션팀)|김석영(애니메이션팀)|신민섭(애니메이션팀)|서경록(애니메이션팀)|권윤희(애니메이션팀)|정연순(애니메이션팀)|이정훈(애니메이션팀)|신강이(애니메이션팀)|김병갑(애니메이션팀)|박도석(애니메이션팀)|조준현(애니메이션팀)|엄태공(애니메이션팀)|김종훈(애니메이션팀)|권관용(애니메이션팀)|손성용(애니메이션팀)|김예린(애니메이션팀)|김정연(애니메이션팀)|최희승(애니메이션팀)|윤종하(애니메이션팀)|이솔(애니메이션팀)|한나래(애니메이션팀)|김시은(애니메이션팀)|박누리(애니메이션팀)|조아라(애니메이션팀)|정세희(애니메이션촬영팀)|홍석찬(애니메이션촬영팀)|신나라(애니메이션촬영팀)|오민교(애니메이션촬영팀)|오주연(애니메이션촬영팀)|고찬호(DI팀)|허정(DI팀)|오설혜(홍보/마케팅 진행)|조성경(홍보/마케팅 진행)|최유리(홍보/마케팅 진행)|이한별(홍보/마케팅 진행)|윤이진(홍보/마케팅 진행)|류혜진(홍보/마케팅 진행)|이수정(홍보/마케팅 진행)|이신영(홍보/마케팅 진행)|김주연(홍보/마케팅 진행)|나소라(홍보/마케팅 진행)|김기백(홍보/마케팅 진행)|윤수윤(홍보/마케팅 진행)|김유나(홍보/마케팅 진행)|이한나(홍보/마케팅 진행)|신민호(온라인마케팅)|정나라(온라인마케팅)|차유화(온라인마케팅)|박다은(온라인마케팅)|여진달래(온라인마케팅)|정지현(온라인마케팅)|정경진(온라인마케팅)|김혜림(온라인마케팅)|구태희(광고디자인)|박인혜(광고디자인)|이유희(광고디자인)|박재호(광고디자인)|오주연(포스터사진)|김정연(포스터사진)|박누리(포스터사진)|전석현(스틸)|석근혜(예고편)|조승일(예고편)|이유진(예고편)|이택수(예고편)|김서현(예고편)|이재윤(예고편)|이창준(예고편)|이동근(예고편)|신유빈(광고대행)|김선주(광고대행)|김재원(광고대행)|이슬기(광고대행)|김정민(광고대행)|이승현(광고대행)|최해리(광고동영상)|이서안(광고동영상)|고도은(광고동영상)|김가현(광고동영상)|노진현(광고동영상)|김예진(광고동영상)|김서연(광고동영상)|박수야(인쇄)|유현아(인쇄)|유진아(인쇄)|우해정(인쇄)|이해원(배급진행)|최수연(배급진행)|최한아(배급진행)|송승록(배급진행)|김나령(배급진행)|김수경(배급진행)|김종화(배급진행)|김도이(배급진행)|양소영(배급진행)|임건(배급진행)|김현철(배급진행)|성에스더(기타)|이찬(기타)|조성철(기타)|이수민(기타)|김영혁(기타)|김병문(기타)|남지윤(기타)|신유나(기타)|황보미애(기타)|임그리사(기타)|안성현(기타)|박신영(기타)|김수연(기타)|김예린(기타)|오주연(기타)|남정숙(기타)|조현아(기타)|장시준(기타)|표주희(기타)|박누리(기타)
20244606,바로 지금 여기,All that saves us,,2024,20250917,94,개봉,장편,한국,다큐멘터리,김진열|남태제|문정현,,영화사 공생공락(제작사)|미디어나무(주)(배급사),2025-MF00289 (12세이상관람가),
20161872,너의 이름은.,your name.,君の名は。,2016,20170104,106,개봉,장편,일본,애니메이션|드라마|멜로/로맨스,신카이 마코토,카미키 류노스케|카미시라이시 모네|나가사와 마사미|이치하라 에수코|유키 아오이|시마자키 노부나가|이시카와 카이토|타니 카논,메가박스중앙(주) 플러스엠 엔터테인먼트(배급사)|(주)미디어캐슬(수입사)|(사)한국농아인협회(가치봄 제작처)|한국시각장애인연합회(가치봄 제작처),2016-MF01960(12세이상관람가),
20256864,프랑켄슈타인 : 더 뮤지컬 라이브,FRANKENSTEIN: THE MUSICAL LIVE,,2025,20250918,179,개봉,장편,한국,공연,박재석,규현|박은태|이지혜|장은아|문성혁|신재희,(주)위즈온센(제작사)|(주)위즈온센(배급사)|메가박스중앙(주)(배급사),2025-MF02014 (15세이상관람가),김민지(카메라오퍼레이터)
20257095,명탐정 코난: 17년 전의 진상,Detective Conan,名探偵コナン 『17 年前の真相』,2025,20250919,79,개봉,장편,일본,애니메이션,야마모토 야스이치로,타카야마 미나미|키시노 유키마사|치바 시게루|야스모토 히로키,(주)씨제이이엔엠(배급사)|(주)씨제이이엔엠(수입사),2025-MF02262 (12세이상관람가),
20243561,어쩔수가없다,NO OTHER CHOICE,,2025,20250924,138,개봉,장편,한국,스릴러|코미디,박찬욱,이병헌|손예진|박희순|이성민|염혜란|차승원|유연석|안도현|이진결|황규찬,모호필름(제작사)|씨제이이엔엠 스튜디오스 주식회사(제작사)|(주)씨제이이엔엠(배급사)|(주)씨제이이엔엠(제공),2025-MF02155(15세이상관람가),권예진(제작팀)|이예진(제작회계)|강예진(소품팀)|권세웅(연출팀)|박찬욱(시나리오(각본))|김효인(데이타매니저)|이자혜(시나리오(각본))|돈 맥켈러(시나리오(각본))|이경미(시나리오(각본))|김수민(온라인마케팅)|이송현(온라인마케팅)|전상욱(VFX 매니지먼트)|오문석(VFX 매니지먼트)|이한결(배급진행)
20256757,극장판 체인소 맨: 레제편,Chainsaw Man The Movie: Reze Arc,チェンソーマン レゼ篇,2025,20250924,99,개봉,장편,일본,애니메이션|액션|어드벤처,,,소니픽쳐스엔터테인먼트코리아주식회사극장배급지점(배급사)|소니픽쳐스엔터테인먼트코리아주식회사극장배급지점(수입사),2025-MF02331 (15세이상관람가),
20257229,파르테노페,Parthenope,,2024,20250924,136,개봉,장편,이탈리아,드라마|멜로/로맨스,파올로 소렌티노,셀레스트 달라 포르타|게리 올드만,주식회사 오디언스(배급사)|주식회사 오디언스(수입사),2025-MF02152(청소년관람불가),
20257586,2016 방탄소년단 라이브 화양연화 온 스테이지 : 에필로그 리마스터링,,,2025,20250923,101,개봉,장편,한국,공연,,김남준|김석진|민윤기|정호석|박지민|김태형|전정국,메가박스중앙(주)(배급사)|(주)하이브(제공),2025-MF02294(12세이상관람가),
20228988,보스,BOSS,,2025,20251003,97,개봉,장편,한국,코미디|액션,라희찬,조우진|정경호|박지환|이규형|오달수|황우슬혜|정유진|고창석|길해연|정규수|주진모|이한위|정상훈|조시연|임병석|이성민|황보정일|박태산|김형명|강신철|조용준|이재용|이상훈|신수오|손윤한|장지훈|김민준|강영준|김우현|이봉균|한국인|김미지|송동환|정예훈|배성일|오정민|류경환|박찬별|이중현|박종희|박예린|오정환|남경민|양해준|이재성|허정은,(주)하이브미디어코프(제작사)|(주)하이브미디어코프(배급사)|(주)마인드마크(배급사)|(주)하이브미디어코프(제공)|(주)마인드마크(제공),2025-MF02386 (15세이상관람가),양상영(투자)|이희연(투자)|조항수(투자)|정재욱(투자)|이덕환(투자)|이영석(투자)|김새날(투자)|강관호(투자)|강문환(투자)|정경재(투자)|임명균(투자)|고지학(투자)|김원국(투자)|김지민(투자)|박지윤(투자)|강관호(제작)|김원국(제작)|이찬규(프로듀서)|이준구(제작팀)|송진화(제작팀)|최도병(제작팀)|한대훈(제작팀)|오진호(제작팀)|이나영(제작팀)|이재혁(제작팀)|이희규(제작팀)|서민석(제작팀)|박성호(제작팀)|김미지(제작팀)|권주호(제작팀)|김보성(제작팀)|김동현(제작팀)|김벼리(제작팀)|박한얼(제작팀)|이지현(제작팀)|김연우(제작팀)|정재욱(제작팀)|최홍석(제작팀)|김종혁(제작팀)|이창배(제작팀)|권소희(제작팀)|정지원(제작회계)|김소연(제작회계)|김강영(제작회계)|나다연(제작회계)|윤준희(제작회계)|정치우(제작관리)|김영천(제작관리)|신정호(제작관리)|신바드(데이타매니저)|한승완(데이타매니저)|마대윤(시나리오(각본))|이규복(시나리오(각본))|라희찬(시나리오(각본))|윤서현(시나리오(각본))|전호용(조감독)|한호열(연출팀)|홍완석(연출팀)|손동완(연출팀)|김정미(연출팀)|한동희(연출팀)|이홍매(연출팀)|서정암(연출팀)|성민아(스크립터)|김태형(스토리보드)|이정민(현장편집)|양동엽(현장편집)|조단비(현장편집)|박주애(현장편집)|양현석(촬영)|최명성(촬영팀)|박상우(촬영팀)|박정민(촬영팀)|윤미례(촬영팀)|오세준(촬영팀)|김유리(촬영팀)|최웅진(촬영팀)|이근희(촬영팀)|김태우(촬영팀)|윤태영(촬영팀)|이현(촬영팀)|이언기(그립)|전승환(그립)|백민석(그립)|박세호(그립)|강대현(그립)|강두원(그립)|강상협(그립)|장한빛(스테디캠)|김동주(스테디캠)|임삼수(촬영장비)|홍순창(촬영장비)|정희철(촬영장비)|장영재(촬영장비)|김석영(조명)|정민우(조명팀)|민해홍(조명팀)|구창민(조명팀)|배대길(조명팀)|김종엽(조명팀)|김남조(조명팀)|김명관(조명팀)|신정길(조명팀)|정한별아(조명팀)|윤재국(조명팀)|송창호(조명팀)|은정현(조명팀)|최민석(조명팀)|연재화(조명팀)|이민석(조명팀)|김영건(조명팀)|이경제(조명팀)|김효신(조명팀)|박나현(조명팀)|김영제(조명팀)|성민규(조명팀)|김동현(조명팀)|우승민(조명팀)|백종현(발전차)|신광대(조명장비)|정은영(미술/프로덕션 디자인)|윤성혜(아트디렉터)|강인애(미술팀)|김예희(미술팀)|박은초(미술팀)|손하은(미술팀)|김한가람(미술팀)|최소현(미술팀)|손나령(미술팀)|류가희(미술팀)|백정은(미술팀)|임은송(미술팀)|김남호(세트)|정종권(세트팀)|최수정(세트팀)|김형우(세트팀)|장경배(세트팀)|임한빈(세트팀)|권대원(세트미술팀)|정상진(세트미술팀)|김봉환(세트미술팀)|이병진(세트미술팀)|전동진(세트미술팀)|홍창기(스튜디오)|김윤재(스튜디오)|김순근(소품)|정혜윤(소품팀)|임다진(소품팀)|이채윤(소품팀)|류혜빈(소품팀)|김혜진(소품팀)|최장수(소품팀)|송승현(동시녹음)|김다빈(붐오퍼레이터)|이제연(붐오퍼레이터)|제민철(붐오퍼레이터)|김경미(의상)|박채원(의상팀)|윤남영(의상팀)|강한솔(의상팀)|차은서(의상팀)|김소희(의상팀)|김진주(의상팀)|김현정(분장)|김새롬(분장팀)|백다미(분장팀)|오영서(분장팀)|김인주(분장팀)|김현정(헤어)|박왕수(특수분장)|임태우(특수분장)|노남석(액션/스턴트)|황진모(액션/스턴트팀)|주창욱(액션/스턴트팀)|전솔휘(액션/스턴트팀)|임현우(액션/스턴트팀)|이수봉(액션/스턴트팀)|이섭건(액션/스턴트팀)|윤재민(액션/스턴트팀)|안현준(액션/스턴트팀)|서영민(액션/스턴트팀)|백기헌(액션/스턴트팀)|박현선(액션/스턴트팀)|박태기(액션/스턴트팀)|박원진(액션/스턴트팀)|김우강(액션/스턴트팀)|김용진(액션/스턴트팀)|김민호(액션/스턴트팀)|강현구(액션/스턴트팀)|홍주만(액션/스턴트팀)|한동헌(액션/스턴트팀)|최충열(액션/스턴트팀)|최준영(액션/스턴트팀)|채성원(액션/스턴트팀)|차상도(액션/스턴트팀)|진대웅(액션/스턴트팀)|조건기(액션/스턴트팀)|정진근(액션/스턴트팀)|정동혁(액션/스턴트팀)|이형민(액션/스턴트팀)|이창준(액션/스턴트팀)|이유진(액션/스턴트팀)|이승창(액션/스턴트팀)|이상민(액션/스턴트팀)|윤준식(액션/스턴트팀)|안지윤(액션/스턴트팀)|심철민(액션/스턴트팀)|신재웅(액션/스턴트팀)|신요엘(액션/스턴트팀)|송민석(액션/스턴트팀)|선호삼(액션/스턴트팀)|백승엽(액션/스턴트팀)|배환(액션/스턴트팀)|박동진(액션/스턴트팀)|박갑진(액션/스턴트팀)|문영준(액션/스턴트팀)|김하람(액션/스턴트팀)|김태원(액션/스턴트팀)|김찬민(액션/스턴트팀)|김영민(액션/스턴트팀)|김승찬(액션/스턴트팀)|강영묵(액션/스턴트팀)|강경수(액션/스턴트팀)|김성종(액션/스턴트팀)|최영웅(특수효과)|박경수(특수효과)|김창석(특수효과)|김건우(특수효과팀)|조가예(특수효과팀)|김창희(특수효과팀)|이찬민(특수효과팀)|김희태(특수효과팀)|최민준(특수효과팀)|이동호(특수효과팀)|김설희(특수소품)|조경문(특수소품)|구용우(특수소품)|강대환(특수소품)|이태욱(특수소품)|신지혜(특수소품)|이의진(특수소품)|박상현(특수소품)|지석호(특수소품)|박별이(특수소품)|배경서(특수소품)|강민수(특수소품)|이고운(특수소품)|남윤서(특수소품)|김유선(특수소품)|박소연(특수소품)|박신영(특수소품)|이효응(특수소품)|박영무(특수소품)|정다운(특수소품)|이희은(특수소품)|엄세용(특수소품)|곽태용(특수소품)|황효균(특수소품)|박정빈(특수소품)|정미라(특수차량)|나수일(특수차량)|김우현(편집)|김하나(편집)|정지은(편집)|윤혜영(편집팀)|김보경(편집팀)|최차미(편집팀)|김지원(편집팀)|모그(음악)|이정윤(작사/작곡/편곡)|임형진(작사/작곡/편곡)|이은주(작사/작곡/편곡)|장혁진(작사/작곡/편곡)|임형진(음악 믹싱/레코딩)|모그(음악 믹싱/레코딩)|박진홍(사운드)|박용기(사운드)|박진홍(사운드디자이너)|장철호(사운드디자이너)|노윤주(대사)|박용기(대사)|박진홍(사운드효과)|박민우(폴리)|박준오(폴리)|강은비(폴리)|김동현(사운드팀)|최현(기타)|최영환(기타)|황인기(기타)|김경식(DI팀)|이성현(DI팀)|이윤아(DI팀)|이호우(DI팀)|주영견(DI팀)|이지은(DI팀)|김제현(DI팀)|최겸(DI팀)|우석인(DI팀)|박용운(DI팀)|장동원(DI팀)|김원학(DI팀)|최은석(DI팀)|김형석(DI팀)|손승현(DI팀)|이혜민(DI팀)|정민선(홍보/마케팅 진행)|김경미(홍보/마케팅 진행)|서유나(홍보/마케팅 진행)|이명진(홍보/마케팅 진행)|최은영(홍보/마케팅 진행)|이수아(홍보/마케팅 진행)|이다원(홍보/마케팅 진행)|안정민(홍보/마케팅 진행)|이희연(배급진행)|조항수(배급진행)|정재욱(배급진행)|이정화(배급진행)|홍신기(배급진행)|최승현(배급진행)|김유지(배급진행)|김소영(배급진행)|윤현지(배급진행)|이주화(배급진행)|신아라(배급진행)|김지담(배급진행)|박다명(배급진행)|김윤정(배급진행)|김도훈(배급진행)|서영주(배급진행)|박준성(캐스팅)|한원섭(캐스팅)|이명근(캐스팅)|김정현(캐스팅)|백상현(캐스팅)|박명재(캐스팅)|이진보(캐스팅)|김경태(캐스팅)|추병현(캐스팅)|이옥희(캐스팅)|차신환(식당차)|박동석(운송)|정석원(운송)|심지유(기타)|정예선(기타)|오승우(기타)|김영일(기타)|손선옥(기타)|이아사(기타)|김영일(기타)|김문선(기타)|안병걸(기타)|김후식(기타)|박정호(기타)|강선주(기획)|김원국(기획)|이수진(기획진행)|임윤미(기획진행)|최창우(기획진행)|손승현(시각효과)|한문성(시각효과)|엄준호(VFX 슈퍼바이저)|김보성(VFX 슈퍼바이저)|박동준(VFX 슈퍼바이저)|주우람(VFX 슈퍼바이저)|김지수(VFX 슈퍼바이저)|전영무(VFX 슈퍼바이저)|최혜주(VFX 슈퍼바이저)|정재훈(VFX 슈퍼바이저)|홍인표(VFX 슈퍼바이저)|김예리(VFX 아티스트)|안진용(VFX 아티스트)|민청식(VFX 아티스트)|김다희(VFX 아티스트)|김선아(VFX 아티스트)|안주희(VFX 아티스트)|임지연(VFX 아티스트)|윤예희(VFX 아티스트)|김지수(VFX 아티스트)|권완호(VFX 아티스트)|김지연(VFX 아티스트)|최승용(VFX 아티스트)|도재진(VFX 아티스트)|김기연(VFX 아티스트)|김수경(VFX 아티스트)|박시영(VFX 아티스트)|서광현(VFX 아티스트)|박지은(VFX 아티스트)|양윤정(VFX 아티스트)|조민서(VFX 아티스트)|이성경(VFX 아티스트)|정예린(VFX 아티스트)|이예원(VFX 아티스트)|문지원(VFX 아티스트)|양정모(VFX 아티스트)|이정미(VFX 아티스트)|정유내(VFX 아티스트)|이재복(VFX 아티스트)|정주호(VFX 아티스트)|이재희(VFX 매니지먼트)|김혜송(VFX 매니지먼트)|김다예(VFX 매니지먼트)|홍학기(VFX 매니지먼트)|임원범(VFX 매니지먼트)|심재훈(VFX 매니지먼트)|박세준(VFX 매니지먼트)|용나영(VFX 매니지먼트)|장재희(VFX 매니지먼트)|이미소(VFX 매니지먼트)|안진희(VFX 매니지먼트)|김혜림(VFX 매니지먼트)|이현창(VFX 매니지먼트)|한수연(DI팀)|이찬희(DI팀)|장호선(DI팀)|장윤정(DI팀)|김재형(DI팀)|강승원(DI팀)
20256034,킹 오브 프리즘 -유어 엔드리스 콜- 모두 빛나라! 프리즘 투어즈,KING OF PRISM-Your Endless Call-Everyone Sparkle! Prism Tours,KING OF PRISM-Your Endless Call-み～んなきらめけ！プリズム ツアーズ,2025,20250718,64,개봉,장편,일본,애니메이션,히시다 마사카즈,,동우에이앤이(주)(배급사),2025-MF01572(전체관람가),
20256526,브레드이발소: 베이커리타운의 악당들,Bread Barbershop : The Bakerytown Baddies,,2025,20250927,70,개봉,장편,한국,애니메이션,정지환,엄상현|박윤희|강시현|손선영|홍범기|윤아영|김연우|정주원|김채하|김현욱,주식회사 브레드이발소(제작사)|씨제이 씨지브이(CJ CGV)(주)(배급사),2025-MF02036(전체관람가),유호진(프로듀서)|안재린(사운드팀)|이휘상(프로듀서)|장세인(제작관리)|최현주(제작관리)|강현수(제작관리)|윤서연(시나리오(각본))|이소영(시나리오(각본))|이동준(시나리오(각본))|정지환(시나리오(각본))|민현희(조감독)|강유림(조감독)|민현희(스토리보드)|강유림(스토리보드)|윤서연(스토리보드)|김재원(스토리보드)|고태욱(스토리보드)|이영기(스토리보드)|정지환(미술/프로덕션 디자인)|김정아(음악)|유지애(음악)|김태호(음악)|서준영(음악진행)|정구한(음악진행)|윤주현(작사/작곡/편곡)|김정아(작사/작곡/편곡)|윤주현(작사/작곡/편곡)|정지환(작사/작곡/편곡)|고영인(작사/작곡/편곡)|서준영(작사/작곡/편곡)|권소영(작사/작곡/편곡)|김시은(작사/작곡/편곡)|서주원(작사/작곡/편곡)|서정민(작사/작곡/편곡)|강사도(작사/작곡/편곡)|정지은(작사/작곡/편곡)|김태호(작사/작곡/편곡)|권남우(음악 믹싱/레코딩)|서주원(음악 믹싱/레코딩)|이평욱(음악 믹싱/레코딩)|강은구(음악 믹싱/레코딩)|박정영(사운드)|김태호(사운드)|박진희(사운드디자이너)|김태호(사운드디자이너)|김태호(사운드믹싱)|이재연(프로듀서)|정지환(기획)|이승은(애니메이션팀)|정솔라(애니메이션팀)|홍시연(애니메이션팀)|김연주(애니메이션팀)|정진희(애니메이션팀)|허진철(애니메이션팀)|김병선(애니메이션팀)|정지환(애니메이션팀)|신정민(애니메이션팀)|고건우(애니메이션팀)|박재민(애니메이션팀)|윤혜진(애니메이션팀)|김예윤(애니메이션팀)|김후연(애니메이션팀)|김하은(애니메이션팀)|이하늘(애니메이션팀)|김예슬(애니메이션팀)|이명훈(DI팀)|이인성(홍보/마케팅 진행)|김송미(홍보/마케팅 진행)|박세영(홍보/마케팅 진행)|정혜인(홍보/마케팅 진행)|오소휘(홍보/마케팅 진행)|장정(홍보/마케팅 진행)|오혜수(홍보/마케팅 진행)|윤유리(홍보/마케팅 진행)|우주리(홍보/마케팅 진행)|정세인(홍보/마케팅 진행)|홍승연(홍보/마케팅 진행)|고현아(홍보/마케팅 진행)|양희성(홍보/마케팅 진행)|방민호(온라인마케팅)|박드보라(온라인마케팅)|오상은(온라인마케팅)|노홍아(온라인마케팅)|이현지(온라인마케팅)|남유경(온라인마케팅)|서유진(온라인마케팅)|마혜원(광고디자인)|전희은(광고디자인)|박해인(광고디자인)|이지누(광고디자인)|한태희(배급진행)|송희운(배급진행)|박순우(배급진행)|박정민(배급진행)|변지원(배급진행)|장지연(배급진행)|전정현(배급진행)|김재인(배급진행)|박서혜(기타)|원석현(기타)|이현진(기타)|최미나(기타)
20256962,바다 탐험대 옥토넛 어보브 앤 비욘드 : 콰지의 깜짝 어드벤처,Octonauts: Above and Beyond – Season 2,,2025,20250927,58,개봉,장편,영국,애니메이션|액션|어드벤처,,하성용|정재헌|엄상현|윤승희|김율|유동균|한경화|김정은|박성영,와이드 릴리즈(주)(배급사)|(주)얼리버드픽쳐스(수입사)|와이드 릴리즈(주)(수입사),2025-MF02243 (전체관람가),
20256397,원 배틀 애프터 어나더,One Battle After Another,,2025,20251001,161,개봉,장편,미국,범죄|액션,폴 토마스 앤더슨,레오나르도 디카프리오|숀 펜|베니시오 델 토로|레지나 홀|테야나 테일러|체이스 인피니티,워너브러더스 코리아(주)(배급사)|워너브러더스 코리아(주)(수입사),2025-MF02463 (15세이상관람가),
20257670,워킹맨,A Working Man,A Working Man,2025,20251001,116,개봉,장편,미국|영국,액션|스릴러|범죄,데이비드 에이어,제이슨 스타뎀|제이슨 플레밍|마이클 페나|데이빗 하버,메가박스중앙(주)(배급사)|(주)스튜디오디에이치엘(배급사)|(주)스튜디오디에이치엘(수입사)|(주)키노라이츠(수입사),2025-MF02387 (청소년관람불가),실베스터 스탤론(프로듀서)|데이비드 에이어(프로듀서)|데이비드 에이어(각색)|실베스터 스탤론(각색)
20225061,아바타: 물의 길,Avatar: The Way of Water,,2022,20221214,192,개봉,장편,미국,액션|어드벤처|SF|스릴러,제임스 카메론,조 샐다나|샘 워싱턴|시고니 위버|스티븐 랭|케이트 윈슬렛,월트디즈니컴퍼니코리아 유한책임회사(배급사)|월트디즈니컴퍼니코리아 유한책임회사(수입사),2022-MF03139(12세이상관람가)|2022-MF03137(12세이상관람가),장정민(VFX 아티스트)
20257321,그저 사고였을 뿐,It Was Just an Accident,,2025,20251001,103,개봉,장편,이란,액션|범죄|드라마,자파르 파나히,,그린나래미디어(주)(배급사)|(주)레드아이스 엔터테인먼트(배급사)|그린나래미디어(주)(수입사)|(주)레드아이스 엔터테인먼트(제공),2025-MF02408 (15세이상관람가),자파르 파나히(시나리오(각본))
20257208,개비의 매직하우스 극장판,Gabby's Dollhouse: The Movie,,2025,20251003,97,개봉,장편,미국,어드벤처|가족,라이언 크레고,크리스틴 위그|이나경|손정아|김도은|남라엘|김세아|황창영|장미|강은애|김도영|정의한|장예나|서반석|송하림|이다은|이도하,유니버설픽쳐스인터내셔널 코리아(유)(배급사)|유니버설픽쳐스인터내셔널 코리아(유)(수입사),2025-MF02116 (전체관람가),임단우(음악진행)|쥬피(음악진행)|최창국(음악진행)|김정아(음악진행)|김진수(사운드믹싱)|이지혜(사운드팀)|김정령(대사)|김규만(사운드팀)|정민주(사운드팀)|박상규(사운드팀)|조성은(사운드팀)|조성은(사운드믹싱)
20257729,배달의 영웅 : 캐리와 슈퍼콜라2,City Of Delivery,,2025,20251003,86,개봉,장편,한국,애니메이션|SF,권원숙,최정윤|안소이|이다은|원옥화,주식회사 캐리티비(제작사)|롯데컬처웍스(주)롯데엔터테인먼트(배급사)|미시간벤처캐피탈(주)(제공),2025-MF02319 (전체관람가),황인지(투자)|김본부(시나리오(각본))|김병훈(시각효과)|김병훈(기타)
20249641,나쁜계집애: 달려라 하니,Badass Girl,,2025,20251007,91,개봉,장편,한국,애니메이션,허정수,강시현|홍범기|정혜원|이상호|이새벽|김현욱|곽규미,(주)플레이칸(제작사)|(주)스튜디오고인돌(제작사)|(주)레드독컬처하우스 (제작사)|(주)빅파인애니메이션스튜디오(공동제작사)|(주)더블유에이지(공동제작사)|(주)스튜디오 애니멀(공동제작사)|(주)넥스트엔터테인먼트월드(NEW)(배급사),2025-MF02254 (전체관람가),박정희(투자)|박진희(사운드)|배기용(제작)|허정수(제작)|송원형(제작)|김근정(프로듀서)|강재규(프로듀서)|송원형(프로듀서)|임예린(제작관리)|주재욱(제작관리)|송원형(스토리)|김창원(시나리오(각본))|허정수(각색)|정진원(스토리보드)|허정수(스토리보드)|오수지(스토리보드)|장준용(스토리보드)|김현아(스토리보드)|부유진(스토리보드)|이승민(스토리보드)|박재환(스토리보드)|정광훈(스토리보드)|유용렬(스토리보드)|정진원(스토리보드)|석우진(미술/프로덕션 디자인)|석우진(아트디렉터)|석우진(아트디렉터)|송원형(편집)|허정수(편집)|황현성(음악)|황현성(음악진행)|송원형(음악진행)|박진희(사운드)|박정영(사운드)|박정희(제작)|박상욱(작화감독)|이경순(작화감독)|유경숙(작화감독)|김정희(작화감독)|김미진(작화감독)|김태진(작화감독)|홍말숙(작화감독)|류현진(작화감독)|조수빈(애니메이션팀)|백승준(애니메이션팀)|민경아(애니메이션팀)|김효정(애니메이션팀)|김화영(애니메이션팀)|김나경(애니메이션팀)|곽진아(애니메이션팀)|조수빈(애니메이션팀)|정인영(애니메이션팀)|백승준(애니메이션팀)|박은숙(애니메이션팀)|민경아(애니메이션팀)|김효정(애니메이션팀)|김화영(애니메이션팀)|김나경(애니메이션팀)|곽진아(애니메이션팀)|박치연(애니메이션팀)|김인선(애니메이션팀)|이수연(애니메이션팀)|오건(애니메이션팀)|이수연(애니메이션팀)|오건(애니메이션팀)|서지우(애니메이션팀)|정은희(애니메이션팀)|이엄지(애니메이션팀)|이승석(애니메이션팀)|이창일(애니메이션팀)|서지우(애니메이션팀)|정은희(애니메이션팀)|이윤희(애니메이션팀)|박은숙(애니메이션팀)|김종용(애니메이션팀)|김부영(애니메이션팀)|김지현(애니메이션팀)|김민창(애니메이션팀)|이민지(애니메이션팀)|김종우(애니메이션팀)|박주현(애니메이션팀)|박새듬(애니메이션팀)|김지현(애니메이션팀)|이민지(애니메이션팀)|정다이(애니메이션팀)|김지현(애니메이션팀)|이민지(애니메이션팀)|박새듬(애니메이션팀)|이민지(애니메이션팀)|정다이(애니메이션팀)|김근정(애니메이션팀)|허정수(애니메이션팀)|송원형(애니메이션팀)|윤채현(홍보/마케팅 진행)|이솜결(홍보/마케팅 진행)|김혜린(홍보/마케팅 진행)|김도희(홍보/마케팅 진행)|김도희(홍보/마케팅 진행)|최원영(홍보/마케팅 진행)|정정은(홍보/마케팅 진행)|김아영(온라인마케팅)|김세형(온라인마케팅)|이나라(온라인마케팅)|정민재(온라인마케팅)|김유리(온라인마케팅)|윤효진(온라인마케팅)|전승기(온라인마케팅)|배종우(광고디자인)|김영숙(광고디자인)|주하정(예고편)|임선진(예고편)|최용진(예고편)|정상화(예고편)|양기정(광고대행)|양현철(광고대행)|김종규(배급진행)|김도은(배급진행)|문서영(배급진행)|신재승(배급진행)|김민선(배급진행)|류상헌(배급진행)|정정은(캐스팅)|허정수(캐스팅)|송원형(캐스팅)|장성일(운송)
20254021,트론: 아레스,Tron: Ares,,2025,20251008,118,개봉,장편,미국,SF|액션,요아킴 뢰닝,자레드 레토|그레타 리|에반 피터스|질리언 앤더슨|제프 브리지스,월트디즈니컴퍼니코리아 유한책임회사(배급사)|월트디즈니컴퍼니코리아 유한책임회사(수입사),2025-MF02476 (12세이상관람가),
20257728,중간계,Run to the West,,2025,20251015,60,개봉,장편,한국,액션,강윤성,변요한|김강우|방효린|임형준|양세종|이무생|강명환,(주)포엔터테인먼트(제작사)|씨제이 씨지브이(CJ CGV)(주)(배급사),2025-MF02548 (15세이상관람가),홍현재(투자)|이강일(투자)|한명환(사운드)|윤일상(음악)|허선미(편집)|박경수(특수효과)|조태희(헤어)|조태희(분장)|김경미(의상)|온세웅(동시녹음)|박용규(소품)|박일현(미술/프로덕션 디자인)|김태훈(조명)|이성제(촬영)|강윤성(제작)|심문보(프로듀서)|이재민(라인프로듀서)|박준기(라인프로듀서)|조희은(데이타매니저)|강윤성(시나리오(각본))|전용덕(조감독)|김민지(기타)|윤혜진(배급진행)|유현일(배급진행)|임성지(배급진행)|박선영(배급진행)|오유빈(기획진행)|권한슬(기타)|신설희(배급진행)|정혜린(온라인마케팅)|김한웅(VFX 아티스트)|조영조(시각효과)|김남식(시각효과)|송은주(기획)
20244267,사람과 고기,People and Meat,,2025,20251007,106,개봉,장편,한국,드라마,양종현,박근형|장용|예수정|정찬영|김성오|류성현|오태경|우미화|윤정|이승준|이은정|홍지석|남경민|김홍국|하나리|정준구|임투철|최필상|윤동하|한서이|이윤수|주하린|최한별,영화사 도로시(주)(제작사)|(주)트리플픽쳐스(배급사)|주식회사 케이티스튜디오지니(해외세일즈사),2025-MF02290(12세이상관람가),황찬주(투자)|진오식(투자)|이명현(투자)|현나영(투자)|이영재(투자)|강기명(투자)|최원목(투자)|이지윤(투자)|최평호(투자)|장소정(제작)|양아영(프로듀서)|홍예나(제작팀)|차승한(제작팀)|김지영(제작팀)|김원호(제작팀)|천재훈(제작팀)|박정국(제작팀)|이세라(데이타매니저)|임나무(시나리오(각본))|김준형(조감독)|박광석(연출팀)|김윤지(연출팀)|홍석의(연출팀)|박성은(스크립터)|박성은(스토리보드)|배수윤(현장편집)|이성은(촬영)|최승환(촬영팀)|김인엽(촬영팀)|손현목(촬영팀)|김성경(촬영팀)|김재국(그립)|정명훈(그립)|정익중(조명)|임석규(조명팀)|이재흥(조명팀)|김준영(조명팀)|이종휘(조명팀)|임명건(조명팀)|최나라(조명팀)|박현민(조명팀)|윤상하(발전차)|이종원(발전차)|김영탁(미술/프로덕션 디자인)|송민정(미술팀)|이지선(미술팀)|최지원(동시녹음)|윤찬헌(붐오퍼레이터)|최주연(동시녹음팀)|고은숙(의상)|박보람(의상팀)|김인아(의상팀)|김현정(분장)|차하늘(분장팀)|김승찬(액션/스턴트팀)|권귀덕(액션/스턴트팀)|박요섭(특수효과)|손진우(편집)|최혜리(음악)|김원(사운드)|김영록(사운드)|김현욱(폴리)|이민섭(폴리)|안기성(폴리)|박수혁(시각효과)|강기명(배급진행)|이명훈(DI팀)|함종민(DI팀)|함종민(DI팀)|김제연(DI팀)|서중권(DI팀)|김린하(DI팀)|손민경(DI팀)|추창우(DI팀)|강솔이(DI팀)|엄태식(DI팀)|김영아(홍보/마케팅 진행)|박지오(홍보/마케팅 진행)|지은혜(온라인마케팅)|정현지(온라인마케팅)|윤소정(온라인마케팅)|홍지율(온라인마케팅)|노현서(온라인마케팅)|박선희(온라인마케팅)|장익호(광고디자인)|안태희(광고디자인)|유은미(포스터사진)|나유진(스틸)|유은미(스틸)|이성민(메이킹필름)|박일권(메이킹필름)|조영윤(메이킹필름)|권태영(예고편)|한재혁(예고편)|최민식(예고편)|성주현(배급진행)|정해민(배급진행)|정민화(배급진행)|이수련(배급진행)|조은진(배급진행)|박여주2(배급진행)|김혜미(배급진행)|김민호(배급진행)|지준수(배급진행)|오기제(배급진행)|정근욱(배급진행)|김서영(배급진행)|김유경(배급진행)|기상윤(배급진행)|서고은(VFX 매니지먼트)
20256684,웨폰,Weapons,,2025,20251015,128,개봉,장편,미국,공포(호러)|미스터리,잭 크레거,조슈 브롤린|줄리아 가너|올든 에런라이크|오스틴 에이브람스|크리스토퍼 캐리|베네딕트 웡|에이미 메디건,워너브러더스 코리아(주)(배급사)|워너브러더스 코리아(주)(수입사),2025-MF01963 (청소년관람불가),
20257658,극장판 주술회전: 회옥·옥절,JUJUTSU KAISEN: Hidden Inventory ／ Premature Death – The Movie,,2025,20251016,110,개봉,장편,일본,애니메이션,고쇼조노 쇼타,,메가박스중앙(주)(배급사)|대원미디어(주)(수입사),2025-MF02263 (15세이상관람가),
20258628,이찬원 정규 2집 ‘찬란’ 청음회,,,2025,,38,기타,단편,한국,기타,나상인,이찬원,(주)영화사 그램(제작사)|롯데컬처웍스(주)롯시플(배급사)|(주)영화사 그램(배급사),2025-MF02669 (전체관람가),
20258183,원 인 어 밀리언,ONE IN A MILL10N,,2025,20251020,120,개봉,장편,한국,다큐멘터리|공연,,,(주)미스틱엔터테인먼트(제작사)|씨제이 씨지브이(CJ CGV)(주)(배급사)|씨제이포디플렉스 주식회사(배급사),2025-MF02552 (전체관람가),
20253852,퍼스트 라이드,The First Ride,,2025,20251029,116,개봉,장편,한국,코미디|드라마,남대중,강하늘|김영광|차은우|강영석|한선화|김희성|배우진|김광현|김도경|이대겸|김수영|이도윤,주식회사 브레인샤워(제작사)|주식회사 티에이치스토리(TH STORY)(제작사)|(주)쇼박스(배급사)|(주)쇼박스(제공)|오거스트벤처파트너스 유한회사(공동제공),2025-MF02586 (12세이상관람가),조헌태(프로듀서)|조희은(데이타매니저)|권민경(데이타매니저)|박동현(연출팀)|남서정(스토리보드)|남동근(촬영)|박주영(편집)|전영환(동시녹음팀)|강민철(그립)|bangeee(미술팀)|조성주(배급진행)|김수민(온라인마케팅)|이현(캐스팅디렉터)
20236434,만남의 집,Home Behind Bars,,2024,20251015,122,개봉,장편,한국,드라마,차정윤,송지효|도영서|옥지영|김미숙|윤혜리|박현영|박승태|윤혜진|민소연|이진|지성은|정효정|박지원|고태경|박주은|이윤희|이유주|심소연|오민정|최원|김하연|김다빈|문경희|이지혜|고유준|안명주|이하랑|박선주|안복자|박재휘|박순찬,(주)고집스튜디오(제작사)|(주)마노엔터테인먼트(배급사)|(주)고집스튜디오(제공)|(주)영화사벌집(해외세일즈사),2025-MF02332 (12세이상관람가),안병래(프로듀서)|이예든(제작팀)|백성욱(제작팀)|한혜지(제작팀)|김민선(제작팀)|민병철(제작팀)|최재원(제작팀)|윤수환(제작팀)|윤범식(제작팀)|양하연(제작회계)|공윤경(제작관리)|윤민영(제작관리)|김용빈(데이타매니저)|차정윤(시나리오(각본))|정다희(조감독)|황경식(조감독)|김성주(연출팀)|최성경(연출팀)|정효정(스크립터)|박경균(촬영)|김우현(촬영팀)|이현호(촬영팀)|김상우(촬영팀)|이해원(조명)|설승호(조명팀)|임채명(조명팀)|손창환(조명팀)|설한빈(조명팀)|김윤기(조명팀)|허진찬(발전차)|김진영(미술/프로덕션 디자인)|박소연(미술팀)|김찬양(미술팀)|최정한(동시녹음)|양유정(의상)|김선연(분장)|조예빈(분장팀)|고윤서(분장팀)|서동효(분장팀)|한지윤(편집)|이장혁(음악)|유재인(음악)|김원(사운드)|김승범(VFX 슈퍼바이저)|오미선(배급진행)|이현진(VFX 아티스트)|김진희(VFX 매니지먼트)|김은지(VFX 매니지먼트)|윤성민(VFX 매니지먼트)|김정호(DI팀)|안지현(홍보/마케팅 진행)|윤정주(홍보/마케팅 진행)|손효정(홍보/마케팅 진행)|이주연(홍보/마케팅 진행)|강진권(홍보/마케팅 진행)|김태주(홍보/마케팅 진행)|장승민(광고디자인)|권태영(예고편)|김재연(배급진행)|신혜정(배급진행)|박서영(배급진행)|상효정(배급진행)|김휘중(배급진행)|이하은(배급진행)|정석재(VFX 슈퍼바이저)
20257570,8번 출구,The Exit 8,8番出口,2025,20251022,95,개봉,장편,일본,스릴러|공포(호러),카와무라 겐키,니노미야 카즈나리|고마츠 나나,(주)넥스트엔터테인먼트월드(NEW)(배급사)|(주)미디어캐슬(수입사),2025-MF02430 (12세이상관람가),
20090284,코렐라인,Coraline,,2009,20090521,100,개봉,장편,미국,애니메이션|가족|판타지|어드벤처|드라마,헨리 셀릭,다코타 패닝|테리 해처|키스 데이빗,(주)로커스(배급사)|(주)로커스(수입사)|유니버설픽쳐스인터내셔널 코리아(유)(수입사),2009-F106(전체관람가)|2025-MF02314 (12세이상관람가),헨리 셀릭(시나리오(각본))
20247429,세계의 주인,The World of Love,,2025,20251022,119,개봉,장편,한국,드라마,윤가은,서수빈|장혜진|김정식|강채윤|이재희|박지윤|김예창|고민시|백현주|변중희|문혜인|김민지|오정원|김윤정|이상희|이대연|김석훈|최강현|최가인|손승범|이서이|김지민|정은경|김준범|김그림|김도형|이승은,(주)세모시(제작사)|볼미디어(주) (제작사)|(주)바른손이앤에이(배급사)|(주)바른손이앤에이(제공)|(주)바른손이앤에이(해외세일즈사),2025-MF02264(12세이상관람가),황찬주(투자)|오정근(투자)|손민영(투자)|진오식(투자)|이명현(투자)|현나영(투자)|이영재(투자)|진재훈(투자)|이다롱(투자)|김기택(투자)|강형민(투자)|전홍식(투자)|박지선(투자)|문소영(투자)|최아람(투자)|장연실(투자)|최아람(투자)|이재우(투자)|김택균(투자)|최평호(투자)|유옥근(투자)|최윤희(투자)|김세훈(제작)|구정아(제작)|백경원(프로듀서)|김세훈(프로듀서)|김성주(제작팀)|김지영(제작팀)|이의종(제작팀)|백승오(제작팀)|황세연(제작팀)|남효진(제작팀)|황슬기(제작회계)|이윤주(제작회계)|정여진(데이타매니저)|윤가은(시나리오(각본))|최원석(조감독)|주현성(연출팀)|김정미(연출팀)|방혜미(연출팀)|김희수(스크립터)|김지현(촬영)|차민선(촬영팀)|성시용(촬영팀)|손리창(촬영팀)|김창석(촬영팀)|이주현(그립)|강동건(조명)|이호진(조명팀)|한동균(조명팀)|이정우(조명팀)|이범희(조명팀)|박민경(조명팀)|이태환(조명팀)|이원규(조명팀)|정준혁(조명팀)|문경훈(발전차)|안지혜(미술/프로덕션 디자인)|김진선(미술팀)|조수미(미술팀)|김건희(미술팀)|장재이(미술팀)|김채람(미술팀)|이상훈(소품)|박상현(소품팀)|배수찬(동시녹음)|문병훈(붐오퍼레이터)|이금열(붐오퍼레이터)|이충연(의상)|최은지(의상팀)|구지은(의상팀)|김주영(분장)|정성호(액션/스턴트)|박세영(편집)|이민휘(음악)|이승엽(사운드)|고은하(사운드)|고은하(사운드믹싱)|이채영(대사)|이정욱(대사)|김한솔(사운드효과)|김현욱(폴리)|이민섭(폴리)|안기성(폴리)|임수현(사운드팀)|김지은(사운드팀)|윤여정(기획진행)|달시 파켓(기타)|이재화(VFX 아티스트)|양예진(VFX 아티스트)|왕희지(VFX 아티스트)|손연경(VFX 아티스트)|오두경(DI팀)|김열회(DI팀)|오설혜(홍보/마케팅 진행)|조성경(홍보/마케팅 진행)|최유리(홍보/마케팅 진행)|김종애(홍보/마케팅 진행)|김여울(홍보/마케팅 진행)|최지애(온라인마케팅)|김현지(온라인마케팅)|김지연(온라인마케팅)|최지수(온라인마케팅)|정미경(온라인마케팅)|이유진(온라인마케팅)|이경지(온라인마케팅)|조수정(온라인마케팅)|박예송(온라인마케팅)|장승민(광고디자인)|박시영(광고디자인)|김진영(포스터사진)|박종희(스틸)|김진영(스틸)|배예원(메이킹필름)|김수진(메이킹필름)|박진석(메이킹필름)|박여원(메이킹필름)|김석원(메이킹필름)|장정진(메이킹필름)|배예원(예고편)|김수진(예고편)|박진석(예고편)|박여원(예고편)|김석원(예고편)|장정진(예고편)|김태열(광고대행)|홍슬기(광고대행)|남경희(광고대행)|조승현(광고대행)|박유진(광고대행)|서혜주(인쇄)|박용웅(인쇄)|김상현(인쇄)|박한기(인쇄)|최지수(배급진행)|전수진(배급진행)|이숙현(배급진행)|황승민(배급진행)|김은영(배급진행)|정소윤(배급진행)|김무연(배급진행)|최지수(배급진행)|엄현숙(캐스팅디렉터)|오슬기(시각효과)
20259028,에이티즈 에이 투 지 온 스크린,ATEEZ A TO Z on screen,,2025,20251023,59,개봉,장편,한국,공연,,,씨지브이 아이스콘(배급사),2025-MF02725(전체관람가),
20258681,후지모토 타츠키 17-26 파트 1,Tatsuki Fujimoto 17-26 Part-1,藤本タツキ17-26,2025,20251024,67,개봉,장편,일본,애니메이션,,,메가박스중앙(주)(배급사)|메가박스중앙(주)(수입사),2025-MF02706 (15세이상관람가),
20257795,베이비걸,Babygirl,,2024,20251029,114,개봉,장편,미국,스릴러|멜로/로맨스|드라마,할리나 레인,니콜 키드먼|해리스 디킨슨|안토니오 반데라스,메가박스중앙(주)(배급사)|주식회사 올랄라스토리(배급사)|(주)더쿱디스트리뷰션(수입사)|(주)아우라씨엔씨(공동제공),2025-MF02440 (청소년관람불가),
20258001,지드래곤 인 시네마 [위버맨쉬],G-DRAGON IN CINEMA [Übermensch],,2025,20251029,105,개봉,장편,한국,공연,변진호,권지용,(주)씨제이이엔엠(제작사)|씨제이포디플렉스 주식회사(제작사)|스크린엑스 스튜디오(제작사)|(주)씨제이이엔엠(배급사)|씨제이포디플렉스 주식회사(배급사),2025-MF02584 (12세이상관람가),김건우(프로듀서)|이승현(제작팀)|박건홍(편집팀)|김준서(DI팀)
20257456,말할 수 없는 비밀: 마지막 챕터,Secret A Hidden Score,言えない秘密,2024,20251030,114,개봉,장편,일본,멜로/로맨스,카와이 하야토,쿄모토 타이가|후루카와 코토네|미나가와 사루토키|니시다 나오미,(주)호라이즌웍스(배급사)|주식회사 블루필름웍스(수입사)|주식회사 킨스튜디오(제공),2025-MF02195 (전체관람가),
20259058,신세기 에반게리온 극장판 사도신생,EVANGELION: DEATH (TRUE)2 & REBIRTH,,2025,20251031,99,개봉,장편,일본,애니메이션,안노 히데아키,오가타 메구미|하야시바라 메구미,(주)삼백상회(배급사)|미라지엔터테인먼트(수입사),2025-MF02760 (15세이상관람가),
20259147,케이팝 데몬 헌터스,KPOP DEMON HUNTERS: A SING-ALONG EVENT,,2025,20251031,95,개봉,장편,캐나다,애니메이션,매기 강,,씨제이 씨지브이(CJ CGV)(주)(배급사)|넷플릭스(제공),2025-MF02786(12세이상관람가),
20225855,하얀 차를 탄 여자,The Woman in the White Car,,2025,20251029,107,개봉,장편,한국,스릴러,고혜진,정려원|이정은,에스엘엘(제작사)|(주)비에이엔터테인먼트(제작사)|(주)바이포엠스튜디오(배급사)|에스엘엘(제공)|(주)바이포엠스튜디오(공동제공)|(주)비에이엔터테인먼트(공동제공)|주식회사 케이무비엔터테인먼트(해외세일즈사),2025-MF02549(15세이상관람가),이유리(분장팀)|강효정(의상팀)
20254375,프레데터: 죽음의 땅,Predator: Badlands,,2025,20251105,107,개봉,장편,미국,SF|액션,댄 트라첸버그,엘 패닝,월트디즈니컴퍼니코리아 유한책임회사(배급사)|월트디즈니컴퍼니코리아 유한책임회사(수입사),2025-MF02758 (15세이상관람가),
20256320,부고니아,Bugonia,,2025,20251105,118,개봉,장편,미국,스릴러|코미디,요르고스 란티모스,엠마 스톤|제시 플레먼스|알리시아 실버스톤,(주)씨제이이엔엠(배급사),2025-MF02538 (청소년관람불가),
20253340,구원자,THE FAVOR,,2025,20251105,103,개봉,장편,한국,미스터리,신준,김병철|송지효|김히어라,주식회사 메이데이홀딩컴퍼니(제작사)|주식회사 스튜디오플럼(제작사)|(주)아이필름코퍼레이션(공동제작사)|(주)마인드마크(배급사)|주식회사 스튜디오플럼(제공)|오거스트벤처파트너스 유한회사(공동제공),2025-MF02710 (15세이상관람가),이종섭(제작)|김정복(제작)|주재훈(연출팀)|강다희(시나리오(각본))|정슬기(제작회계)|정현(제작)|유가연(프로듀서)|소주영(프로듀서)|유상현(제작팀)|배연희(제작팀)|김벼리(제작팀)|박건(제작팀)|김준석(제작팀)|최재원(제작팀)|강다인(제작팀)|민병철(제작팀)|임준하(제작팀)|최지수(배급진행)|정현(기획)|유가연(기획)|오혜빈(온라인마케팅)|김용(매니지먼트)
20257361,난징사진관,Dead to Rights,南京照相馆,2025,20251105,136,개봉,장편,중국,드라마,신오,류호연,주식회사 콘텐츠존(배급사)|(주)다자인소프트(배급사)|주식회사 콘텐츠존(수입사),2025-MF02610(15세이상관람가),
20010083,반지의 제왕 : 반지원정대,The Lord Of The Rings : The Fellowship Of The Rings,,2001,20011231,227,개봉,장편,미국,드라마,피터 잭슨,일라이저 우드|이안 맥켈런|비고 모텐슨|숀 애스틴|리브 타일러|올랜도 블룸|숀 빈|빌리 보이드|케이트 블란쳇|휴고 위빙,워너브러더스 코리아(주)(배급사)|(주)시네마서비스(배급사)|워너브러더스 코리아(주)(수입사)|(주)태원엔터테인먼트(수입사)|㈜에스앤엠코리아(수입사),2001-F366(12세관람가),
20258311,엄마를 버리러 갑니다,Leaving Mom,MANG MẸ Di BỎ,2025,20251105,117,개봉,장편,한국|베트남,드라마,모홍진,배연우|강동하|현영균,모티브픽쳐스(주)(제작사)|(주)싸이더스(배급사),2025-MF02740 (12세이상관람가),이동현(제작팀)|방오현(조명팀)
20258570,극장판 똘똘이: 아기공룡의 비밀,Toritori and the Secret of the Baby Dino,,2025,20251107,77,개봉,장편,한국,애니메이션,최영진,방연지|사문영|이명희|전숙경|김정훈|김가령|안경진,(주)크레이지버드스튜디오(제작사)|(주)크레이지버드스튜디오(배급사)|주식회사 케이티스튜디오지니(제공),2025-MF02787 (전체관람가),윤지원(라인프로듀서)|강재규(프로듀서)|허선(제작)|강재규(홍보/마케팅 진행)|이우정(온라인마케팅)|방민호(온라인마케팅)|장성일(운송)|신명지(온라인마케팅)|서정윤(온라인마케팅)|길하은(온라인마케팅)|이현지(온라인마케팅)|남유경(온라인마케팅)|서유진(온라인마케팅)|양기정(광고대행)|양현철(광고대행)|양기정(인쇄)|양현철(인쇄)|강재규(배급진행)|최원영(홍보/마케팅 진행)|김도희(홍보/마케팅 진행)|이솜결(홍보/마케팅 진행)|허선(기획)|박드보라(온라인마케팅)
20258383,나우 유 씨 미 3,Now You See Me: Now You Don’t,,2025,20251112,112,개봉,장편,미국,범죄|액션,루벤 플레셔,제시 아이젠버그|우디 해럴슨|데이브 프랭코|아일라 피셔|저스티스 스미스|도미닉 세사|아리아나 그랜블랫|로자먼드 파이크|모건 프리먼,롯데컬처웍스(주)롯데엔터테인먼트(배급사)|(주)바이포엠스튜디오(배급사)|롯데컬처웍스(주)롯데엔터테인먼트(수입사),2025-MF02821 (12세이상관람가),
20258385,꼬마돼지 베이브와 타피티,Tafiti - Across the Desert,,2025,20251113,81,개봉,장편,독일,애니메이션,니나 웰스,,(주)박수엔터테인먼트(배급사)|(주)박수엔터테인먼트(수입사),2025-MF02551 (전체관람가),
20255381,위키드: 포 굿,Wicked: For Good,,2025,20251119,137,개봉,장편,미국,판타지|뮤지컬|어드벤처,존 추,신시아 에리보|아리아나 그란데|조나단 베일리|에단 슬레이터|보웬 양|마리사 보데|양자경|제프 골드블럼,유니버설픽쳐스인터내셔널 코리아(유)(배급사)|유니버설픽쳐스인터내셔널 코리아(유)(수입사),2025-MF02708 (전체관람가),
20257161,국보,KOKUHO,国宝,2025,20251119,174,개봉,장편,일본,드라마,이상일,요시자와 료|요코하마 류세이|타카하타 미츠키|테라지마 시노부|모리 나나|쿠로카와 소야|와타나베 켄,(주)넥스트엔터테인먼트월드(NEW)(배급사)|(주)미디어캐슬(수입사),2025-MF02612 (15세이상관람가),
20243405,나혼자 프린스,Love Barista,Tay Anh Giữ Một Vì Sao,2025,20251119,116,개봉,장편,한국,코미디|멜로/로맨스,김성훈,이광수|황하|음문석|듀이 칸|꾸 티 짜|조우진|유재명|강하늘|유선|김종수|김준한|배진완,(주)제리굿컴퍼니(제작사)|(주)영화사 이창(제작사)|(주)웨스트월드(제작사)|(주)에이치비엔터테인먼트(공동제작사)|씨제이 씨지브이(CJ CGV)(주)(배급사)|(주)제리굿컴퍼니(배급사)|(주)제리굿컴퍼니(제공),2025-MF02846 (12세이상관람가),이순금(투자)|이재우(투자)|장재욱(액션/스턴트)|이정민(조감독)|김택균(투자)|백승재(투자)|이정석(투자)|이정세(투자)|손승현(제작)|김성훈(제작)|이정세(제작)|한성수(제작)|이선빈(프로듀서)|최윤호(프로듀서)|안호경(시나리오(각본))|이정세(기획)|김성훈(기획)|김광현(홍보/마케팅 진행)
20259225,포레스텔라 : 더 웨이브 인 시네마,FORESTELLA THE WAVE IN CINEMA,,2025,20251119,115,개봉,장편,한국,공연,김한솔,,(주)엘지유플러스(배급사)|(주)씨네필운(배급사),2025-MF02848 (전체관람가),
19980126,가타카,Gattaca,,1997,19980502,108,개봉,장편,미국,SF|드라마|미스터리|스릴러,앤드류 니콜,에단 호크|주드 로|우마 서먼,콜럼비아 픽쳐스 코포레이션(제작사)|콜럼비아 픽쳐스 코포레이션(수입사),K98-23(15세 미만인 자는 관람할 수 없는 등급 ),
20124315,엔드 오브 에반게리온,The End Of Evangelion,新世紀エヴァンゲリオン劇場版Air/まごころを、君に,1997,20240117,86,개봉,장편,일본,애니메이션,안노 히데아키|츠루마키 카즈야,,(주)삼백상회(배급사)|(주)라이크콘텐츠(배급사)|미라지엔터테인먼트(수입사),2023-MF03346 (청소년관람불가),
20249326,윗집 사람들,The People Upstairs,,2025,20251203,107,개봉,장편,한국,드라마|코미디,하정우,하정우|공효진|김동욱|이하늬,(주)싸이더스(제작사)|워크하우스컴퍼니(주)(제작사)|(주)영화사두중(공동제작사)|(주)바이포엠스튜디오(배급사)|(주)바이포엠스튜디오(제공),2025-MF02850(청소년관람불가),강명찬(제작)|선승연(시나리오(각본))|김민지(미술팀)|윤지인(광고디자인)|김호연(광고디자인)|김민지(기타)
20259536,힘,HIM,,2025,20251126,96,개봉,장편,미국,공포(호러),저스틴 팁핑,마론 웨이언스|타이릭 위더스,유니버설픽쳐스인터내셔널 코리아(유)(배급사)|유니버설픽쳐스인터내셔널 코리아(유)(수입사), 2025-MF02863(청소년관람불가),
20252432,주토피아 2,Zootopia 2,,2025,20251126,108,개봉,장편,미국,애니메이션,재러드 부시|바이론 하워드,지니퍼 굿윈|제이슨 베이트먼|키 호이 콴,월트디즈니컴퍼니코리아 유한책임회사(배급사)|월트디즈니컴퍼니코리아 유한책임회사(수입사),2025-MF03006(전체관람가),
20242374,한란,Hallan,,2025,20251126,118,개봉,장편,한국,드라마,하명미,김향기|김민채,웬에버스튜디오(제작사)|(주)트리플픽쳐스(배급사)|웬에버스튜디오(제공)|(주)트리플픽쳐스(공동제공),2025-MF02574 (12세이상관람가),양영희(프로듀서)|신지호(제작팀)|김가현(분장팀)|엄혜정(촬영)|하명미(시나리오(각본))
20125316,석류의 빛깔,The Color of Pomegranates,Նռան գույնը,1969,20251126,80,개봉,장편,소련,드라마,세르게이 파라자노프,,주식회사 오디언스(배급사)|(주)엠디에스스피어(배급사)|주식회사 오디언스(수입사)|(주)엠디에스스피어(제공),2025-MF02941(12세이상관람가),
20233259,정보원,The Informant,,2025,20251203,102,개봉,장편,한국,코미디|범죄,김석,허성태|조복래|서민주|차순배|장혁진|정진원|최희도|박현정,팝콘필름㈜(제작사)|(주)영화특별시에스엠씨(배급사)|(주)아이오케이이엔엠(제공)|주식회사 케이티스튜디오지니(해외세일즈사),2025-MF02810 (15세이상관람가),강채은(제작팀)|정진원(제작팀)|김석(시나리오(각본))|강원석(연출팀)|홍원지(연출팀)|정희원(미술팀)|유성훈(촬영팀)|김혜지(배급진행)|정난미(배급진행)|연인서(배급진행)|윤정한(배급진행)
20259618,콘크리트 마켓,Concrete Market,,2025,20251203,122,개봉,장편,한국,드라마,홍기원,이재인|홍경|정만식|유수빈|김국희|최정운|백유성,클라이맥스 스튜디오(주)(제작사)|(주)앤드마크(제작사)|롯데컬처웍스(주)롯데엔터테인먼트(배급사)|롯데컬처웍스(주)롯데엔터테인먼트(제공),2025-MF03142(15세이상관람가),곽재민(시나리오(각본))
20258739,극장판 주술회전: 시부야사변 X 사멸회유,JUJUTSU KAISEN: Shibuya Incident /Culling Game - The Movie,,2025,20251203,87,개봉,장편,일본,애니메이션,고쇼조노 쇼타,,메가박스중앙(주)(배급사)|대원미디어(주)(수입사),2025-MF02830 (15세이상관람가),
20253906,프레디의 피자가게 2,Five Nights at Freddy's 2,Five Nights at Freddy's 2,2025,20251203,103,개봉,장편,미국,공포(호러)|스릴러,엠마 타미,조쉬 허처슨|엘리자베스 라일|파이퍼 루비오,유니버설픽쳐스인터내셔널 코리아(유)(제작사)|유니버설픽쳐스인터내셔널 코리아(유)(배급사),2025-MF02906(12세이상관람가),
20020234,반지의 제왕 : 두 개의 탑,The Lord Of The Rings : The Two Towers,,2002,20021219,179,개봉,장편,미국,액션|어드벤처|판타지,피터 잭슨,일라이저 우드|이안 맥켈런|비고 모텐슨|숀 애스틴|리브 타일러|올랜도 블룸|숀 빈|빌리 보이드|케이트 블란쳇|휴고 위빙,워너브러더스 코리아(주)(배급사)|(주)시네마서비스(배급사)|워너브러더스 코리아(주)(수입사)|(주)태원엔터테인먼트(수입사)|㈜에스앤엠코리아(수입사),2002-F341(12세관람가),
20256025,더 러닝 맨,The Running Man,,2025,20251210,132,개봉,장편,영국,액션,에드가 라이트,글렌 파월|윌리엄 H. 메이시|리 페이스|콜먼 도밍고|조슈 브롤린,롯데컬처웍스(주)롯데엔터테인먼트(배급사)|롯데컬처웍스(주)롯데엔터테인먼트(수입사)|파라마운트 픽쳐스(제공),2025-MF02861(15세이상관람가),
20242541,룩백,Look Back,,2024,20240905,57,개봉,장편,일본,애니메이션,오시야마 키요타카,카와이 유미|요시다 미즈키,메가박스중앙(주)(배급사)|메가박스중앙(주)(수입사),2024-MF01928 (전체관람가),
20254054,여행과 나날,"Two Seasons, Two Strangers",旅と日々,2025,20251210,89,개봉,장편,일본,드라마,미야케 쇼,심은경|츠츠미 신이치|카와이 유미,(주)엣나인필름(배급사)|(주)엣나인필름(수입사),2025-MF03071(12세이상관람가),
20258808,뽀로로 극장판 스위트캐슬 대모험,Pororo the Movie: Sweet Castle Adventure,,2025,20251211,66,개봉,장편,한국,애니메이션,천유림,이선|이미자|김현지|홍소영|정미숙|김서영|김환진|한신|엄상현|윤용식|김다올|유 영|미나리,(주)오콘(제작사)|롯데컬처웍스(주)롯데엔터테인먼트(배급사)|롯데컬처웍스(주)롯데시네마(배급사),2025-MF03047(전체관람가),이준희(투자)|김세광(사운드믹싱)|이주현(투자)|최광민(투자)|최정순(투자)|우지희(제작)|김일호(제작)|박현국(프로듀서)|김현호(프로듀서)|윤수정(제작팀)|한예슬(제작팀)|이승은(제작팀)|최정환(제작팀)|오선화(제작팀)|이인준(제작팀)|김대석(제작관리)|선경이(제작관리)|정우철(제작관리)|채종철(제작관리)|정원희(제작관리)|강승훈(제작관리)|윤주병(제작관리)|신현규(제작관리)|이형신(제작관리)|허현(제작관리)|오창문(제작관리)|김미경(제작관리)|김기언(제작관리)|김동현(제작관리)|박지연(시나리오(각본))|위홍(조감독)|이다운(조감독)|권구연(연출팀)|윤제완(연출팀)|위홍(연출팀)|이다운(연출팀)|안상욱(연출팀)|조연성(연출팀)|송길헌(연출팀)|권구연(스토리보드)|윤제완(스토리보드)|위홍(스토리보드)|이다운(스토리보드)|황미령(스토리보드)|안상욱(스토리보드)|조연성(스토리보드)|송길헌(스토리보드)|김정아(음악)|시하루(음악진행)|최윤지(작사/작곡/편곡)|박진현(작사/작곡/편곡)|윤주현(작사/작곡/편곡)|최창국(작사/작곡/편곡)|김정아(작사/작곡/편곡)|권남우(음악 믹싱/레코딩)|지민정(사운드)|조일오(사운드)|파린슐츠(사운드디자이너)|김세광(사운드디자이너)|강시온(투자)|고남윤(애니메이션팀)|김은경(애니메이션팀)|윤원식(애니메이션팀)|정우철(애니메이션팀)|채종철(애니메이션팀)|이기욱(애니메이션팀)|박석이(애니메이션팀)|송다연(애니메이션팀)|고진영(애니메이션팀)|서근석(애니메이션팀)|고남윤(애니메이션팀)|이상숙(애니메이션팀)|최윤정(애니메이션팀)|정원희(애니메이션팀)|김은경(애니메이션팀)|윤원식(애니메이션팀)|김동현(애니메이션팀)|성채빈(애니메이션팀)|황영애(애니메이션팀)|한재영(애니메이션팀)|김지영(애니메이션팀)|조수연(애니메이션팀)|박찬미(애니메이션팀)|이예원(애니메이션팀)|최승주(애니메이션팀)|이다희(애니메이션팀)|김수아(애니메이션팀)|김수아(애니메이션팀)|문수빈(애니메이션팀)|추이링(애니메이션팀)|김남호(애니메이션팀)|강종국(애니메이션팀)|강승훈(애니메이션팀)|김은영(애니메이션팀)|윤주병(애니메이션팀)|엄태균(애니메이션팀)|조영재(애니메이션팀)|차은미(애니메이션팀)|김단욱(애니메이션팀)|강혜수(애니메이션팀)|신현규(애니메이션팀)|김찬미(애니메이션팀)|김수진(애니메이션팀)|황해원(애니메이션팀)|박한나(애니메이션팀)|서병건(애니메이션팀)|방수영(애니메이션팀)|성채빈(애니메이션팀)|황영애(애니메이션팀)|한재영(애니메이션팀)|김지영(애니메이션팀)|조수연(애니메이션팀)|박찬미(애니메이션팀)|이예원(애니메이션팀)|최승주(애니메이션팀)|이다희(애니메이션팀)|문수빈(애니메이션팀)|추이링(애니메이션팀)|김남호(애니메이션팀)|강종국(애니메이션팀)|강승훈(애니메이션팀)|김은영(애니메이션팀)|윤주병(애니메이션팀)|엄태균(애니메이션팀)|조영재(애니메이션팀)|차은미(애니메이션팀)|김단욱(애니메이션팀)|강혜수(애니메이션팀)|신현규(애니메이션팀)|김찬미(애니메이션팀)|김수진(애니메이션팀)|황해원(애니메이션팀)|박한나(애니메이션팀)|서병건(애니메이션팀)|방수영(애니메이션팀)|박신영(애니메이션팀)|박민교(애니메이션팀)|임정훈(애니메이션팀)|김진용(애니메이션팀)|이정원(애니메이션팀)|조은(애니메이션팀)|장용락(애니메이션팀)|고남윤(애니메이션팀)|진솔(애니메이션팀)|김수안(애니메이션팀)|이지민(애니메이션팀)|황성욱(애니메이션팀)|우예미(애니메이션팀)|차가영(애니메이션팀)|김미경(애니메이션팀)|위홍(애니메이션팀)|이다운(애니메이션팀)|천유림(애니메이션팀)|박나희(애니메이션팀)|최진요(애니메이션팀)|노예은(애니메이션팀)|이자민(애니메이션팀)|양나은(애니메이션팀)|이두표(애니메이션팀)|이다정(애니메이션팀)|오선화(애니메이션팀)|오창훈(애니메이션팀)|이인준(애니메이션팀)|오창문(애니메이션팀)|박용하(애니메이션팀)|이상숙(애니메이션팀)|박주현(애니메이션팀)|한수연(DI팀)|이찬희(DI팀)|장호선(DI팀)|장윤정(DI팀)|김재형(DI팀)|강승원(DI팀)|김경식(DI팀)|이성현(DI팀)|이윤아(DI팀)|이호우(DI팀)|주영견(DI팀)|이지은(DI팀)|김제현(DI팀)|최겸(DI팀)|우석인(DI팀)|박용운(DI팀)|장동원(DI팀)|김원학(DI팀)|이혜민(DI팀)|김형석(DI팀)|손승현(DI팀)|최은석(DI팀)|김민서(배급진행)|길민성(배급진행)
20250024,블루 아카이브 : 디 오케스트라 인 시네마,,,2025,20251212,127,개봉,장편,한국,공연,조윤수,,(주)영화사 그램(제작사)|롯데컬처웍스(주)롯시플(배급사)|(주)영화사 그램(배급사)|롯데컬처웍스(주)롯데엔터테인먼트(제공),2025-MF03186(15세이상관람가),
20249255,만약에 우리,Once We Were Us,,2024,20251231,114,개봉,장편,한국,멜로/로맨스,김도영,구교환|문가영|신정근|이상엽|임재혁|김소율|김서원|문정환|최규선|서수찬|백승우,커버넌트픽처스(주)(제작사)|(주)쇼박스(배급사)|케이씨벤처스 주식회사(제공),2025-MF03222(15세이상관람가),이정민(투자)|강태호(투자)|이우철(투자)|김종혁(투자)|이한숙(투자)|유병서(투자)|이광진(투자)|박서영(투자)|유종현(투자)|박정주(투자)|이미정(투자)|윤영선(투자)|김정민(투자)|박수경(투자)|진오식(투자)|황찬주(투자)|김영찬(투자)|이선정(투자)|장성민(투자)|변지훈(투자)|서민서(투자)|구자랑(투자)|조담희(투자)|이수빈(투자)|이혜원(투자)|백승원(투자)|김도성(투자)|윤형민(투자)|우람(투자)|이명현(투자)|현나영(투자)|원정민(투자)|이현정(투자)|이영재(투자)|김민혜(투자)|이승훈(투자)|정홍규(투자)|최평호(투자)|신호정(투자)|이정석(투자)|이영한(제작)|최정환(제작)|송용운(프로듀서)|차효림(제작팀)|장춘화(제작팀)|한영(제작팀)|한대훈(제작팀)|전재영(제작팀)|김준식(제작팀)|박준서(제작팀)|장윤선(제작팀)|주지홍(제작팀)|김용우(제작팀)|이가영(제작팀)|서지원(제작팀)|강태헌(제작팀)|박예슬(제작팀)|최현도(제작팀)|최준서(제작팀)|김태범(제작팀)|이호광(제작팀)|강민경(제작팀)|원필호(제작팀)|조서영(제작팀)|김지환(제작팀)|김현욱(제작팀)|강동현(제작팀)|한장훈(제작팀)|이복선(제작팀)|김수현(제작회계)|이정민(제작회계)|정재원(제작관리)|박노준(제작관리)|정유빈(제작관리)|구지인(제작관리)|신승재(제작관리)|김영훈(제작관리)|박주미(제작관리)|전석진(제작관리)|우연(제작관리)|이제용(제작관리)|김상우(데이타매니저)|강지원(데이타매니저)|김태완(데이타매니저)|서민진(데이타매니저)|김하나(시나리오(각본))|김도영(시나리오(각본))|임장업(조감독)|김정훈(연출팀)|이흥복(연출팀)|이나경(연출팀)|김환수(연출팀)|우나영(스크립터)|함보람(스토리보드)|이혜빈(현장편집)|신태호(촬영)|최인석(촬영팀)|엄소희(촬영팀)|천영준(촬영팀)|문광희(촬영팀)|김가빈(촬영팀)|류명환(촬영팀)|변재일(촬영팀)|조민호(그립)|김동한(그립)|홍기태(그립)|김동명(그립)|이희준(특수촬영)|김학수(촬영장비)|윤종한(조명)|김혜진(조명팀)|조현철(조명팀)|장한별(조명팀)|김근영(조명팀)|박대환(조명팀)|이영훈(조명팀)|이승주(조명팀)|안관호(조명팀)|이호석(조명팀)|조현재(조명팀)|최영철(발전차)|손정기(조명장비)|은희상(미술/프로덕션 디자인)|이예은(미술팀)|이유진(미술팀)|신지선(미술팀)|김민지(미술팀)|고봉주(세트)|유재영(세트)|남성주(세트)|한승훈(세트팀)|한치훈(세트팀)|김정화(세트팀)|왕주원(세트팀)|김영재(세트팀)|이승진(세트팀)|정재원(세트팀)|이봉석(세트팀)|전창희(세트팀)|김면철(세트팀)|신계식(세트팀)|김열린이(세트미술팀)|김응민(세트미술팀)|윤성용(세트미술팀)|양훈섭(세트미술팀)|오진석(소품)|허상선(소품팀)|송준규(소품팀)|한동우(소품팀)|박지연(소품팀)|임다진(소품팀)|박시내(소품팀)|김재이(소품팀)|정진욱(동시녹음)|김지현(붐오퍼레이터)|안승호(붐오퍼레이터)|김나령(동시녹음팀)|이진아(의상)|김지훈(의상팀)|김혜빈(의상팀)|손은경(분장)|정민석(분장팀)|문지우(분장팀)|최연지(분장팀)|김영은(분장팀)|김형주(특수효과)|박대훈(특수효과)|박대현(특수효과팀)|김진규(특수효과팀)|박철회(특수효과팀)|김요한(특수효과팀)|김창규(특수효과팀)|이강희(편집)|최수빈(편집팀)|이혜빈(편집팀)|윤소현(편집팀)|김장우(음악)|김장우(음악)|이승엽(사운드)|고은하(사운드디자이너)|고은하(사운드믹싱)|이채영(대사)|이정욱(대사)|박신혁(폴리)|김현욱(폴리)|이민섭(폴리)|안기성(폴리)|임수현(사운드팀)|김한솔(사운드팀)|김지은(사운드팀)|권혜림(홍보/마케팅 진행)|조수빈(홍보/마케팅 진행)|조민지(홍보/마케팅 진행)|곽민수(홍보/마케팅 진행)|박예진(홍보/마케팅 진행)|김유나(홍보/마케팅 진행)|이연지(홍보/마케팅 진행)|안소정(홍보/마케팅 진행)|최지수(온라인마케팅)|박예송(온라인마케팅)|김지연(온라인마케팅)|이경지(온라인마케팅)|김현지(온라인마케팅)|이유진(온라인마케팅)|정미경(온라인마케팅)|조수정(온라인마케팅)|장지영(광고디자인)|윤나리(광고디자인)|안주영(포스터사진)|최창훈(스틸)|김준하(메이킹필름)|이희준(메이킹필름)|편성민(예고편)|김영훈(예고편)|이서정(예고편)|김주연(예고편)|김익진(예고편)|윤세민(예고편)|이우리(예고편)|오수정(예고편)|박윤선(예고편)|이소현(광고대행)|장원석(광고대행)|박성현(광고대행)|박여민(광고대행)|김상아(광고대행)|남준형(광고대행)|정보람(광고대행)|강승원(광고대행)|김경원(광고대행)|박지환(광고대행)|김찬열(인쇄)|서혜주(인쇄)|박용웅(인쇄)|김상현(인쇄)|박한기(인쇄)|나유영(배급진행)|김주호(배급진행)|조혜미(배급진행)|안정원(배급진행)|이한빈(배급진행)|최수연(배급진행)|노재원(배급진행)|서혜지(배급진행)|조성주(배급진행)|정서연(배급진행)|이성국(배급진행)|서민지(배급진행)|성에스더(기타)|김문선(기타)|안병걸(기타)|손승애(기타)|서주희(기획진행)|이소현(기획진행)|박채령(기획진행)|박준수(기획진행)|임아현(기획진행)|차예현(기획진행)|김소연(기획진행)|남다정(기획진행)|박세영(기획진행)|김혜성(기획진행)|김지수(기획진행)|정수진(기획진행)|최민호(시각효과)|김성환(시각효과)|박준철(VFX 슈퍼바이저)|박성근(VFX 슈퍼바이저)|유정완(VFX 슈퍼바이저)|임봉규(VFX 슈퍼바이저)|오승진(VFX 아티스트)|하창준(VFX 아티스트)|이은아(VFX 아티스트)|신정현(VFX 아티스트)|한원준(VFX 아티스트)|이미소(VFX 아티스트)|정유진(VFX 아티스트)|장효석(VFX 아티스트)|유현희(VFX 아티스트)|임아경(VFX 아티스트)|양민지(VFX 아티스트)|장주연(VFX 아티스트)|안나현(VFX 아티스트)|박정빈(VFX 아티스트)|김지나(VFX 아티스트)|이민영(VFX 아티스트)|임동완(VFX 아티스트)|김희준(VFX 아티스트)|이승훈(VFX 아티스트)|전찬우(VFX 아티스트)|김용빈(VFX 매니지먼트)|최설희(VFX 매니지먼트)|김양경(VFX 매니지먼트)|박선정(VFX 매니지먼트)|김정아(DI팀)|변설희(DI팀)|조상용(DI팀)|양진우(DI팀)|조은성(DI팀)|유윤진(DI팀)|허은지(DI팀)|박지선(DI팀)|김지민(DI팀)|최우진(DI팀)|이은송(DI팀)|임혜빈(홍보/마케팅 진행)|경성민(홍보/마케팅 진행)|곽언영(홍보/마케팅 진행)|문종규(홍보/마케팅 진행)|임승수(홍보/마케팅 진행)|장희연(홍보/마케팅 진행)|채민경(홍보/마케팅 진행)|이나리(홍보/마케팅 진행)|이채현(홍보/마케팅 진행)|김동희(홍보/마케팅 진행)|박연수(홍보/마케팅 진행)
20256396,아바타: 불과 재,Avatar: Fire and Ash,,2025,20251217,197,개봉,장편,미국,SF|액션|어드벤처,제임스 카메론,샘 워싱턴|조 샐다나|시고니 위버|스티븐 랭|케이트 윈슬렛|클리프 커티스|조엘 무어|지오바니 리비시,월트디즈니컴퍼니코리아 유한책임회사(배급사)|월트디즈니컴퍼니코리아 유한책임회사(수입사),2025-MF03273(12세이상관람가),제임스 카메론(제작)|아만다 실버(시나리오(각본))|제임스 카메론(편집)|제임스 카메론(시나리오(각본))|쉐인 샐러노(시나리오(각본))
20259383,극장판 짱구는 못말려: 초화려! 작열하는 떡잎마을 댄서즈,Crayon Shinchan the movie: Super Hot! The Spicy Kasukabe Dancers,『映画クレヨンしんちゃん 超華麗!灼熱のカスカベダンサーズ』,2025,20251224,105,개봉,장편,일본,애니메이션,하시모토 마사카즈,박영남|김환진,(주)씨제이이엔엠(배급사)|(주)씨제이이엔엠(수입사),2025-MF03048(전체관람가),
20254219,"오늘 밤, 세계에서 이 사랑이 사라진다 해도",,,2025,20251224,105,개봉,장편,한국,멜로/로맨스,김혜영,추영우|신시아|조유정|진호은|이경화|조한철|조원식|김동휘|류선규|문정현|박재현|문시환|이헌진|이석빈|이채경|소이한|안태하|이한익|문지환|공준호|장재영|한진서|장유상|윤기창|김이슬|김창호|박준이|이진|조채윤|박만준|강민|김효중|박루미|이경채|이장규|조경아|조한비|지예슬|장은영|황혜진|박경택|이승협|임동준|한기윤|유아름|정하윤|김동호|나경원|박성호,블루파이어스튜디오 주식회사(제작사)|(주)바이포엠스튜디오(배급사)|(주)바이포엠스튜디오(제공)|(주)레드아이스 엔터테인먼트(공동제공)|주식회사 오팬하우스(공동제공)|가도가와픽쳐스(공동제공),2025-MF03279(12세이상관람가),김건우(특수효과팀)|조가예(특수효과팀)|이찬민(특수효과팀)|최민준(특수효과팀)|김희태(특수효과팀)|최영웅(특수효과팀)|한재환(특수차량)|이강희(편집)|이혜빈(편집팀)|홍대성(음악)|김뭉먕(음악진행)|최혜인(음악진행)|최주영(음악진행)|남궁유진(음악진행)|이태욱(음악진행)|임수미(음악진행)|이상은(음악진행)|김영민(음악진행)|임은진(음악진행)|이건희(음악진행)|김정희(음악진행)|조아라(음악진행)|이영은(음악진행)|이새롬(음악진행)|이기쁨(음악진행)|이경민(음악진행)|안세훈(음악진행)|신고은(음악진행)|남민지(음악진행)|김성아(음악진행)|홍대성(음악진행)|김혜영(작사/작곡/편곡)|최혜인(작사/작곡/편곡)|최주영(작사/작곡/편곡)|남궁유진(작사/작곡/편곡)|홍대성(작사/작곡/편곡)|이경호(음악 믹싱/레코딩)|한명환(사운드)|정지영(사운드)|고정연(사운드디자이너)|이승연(사운드디자이너)|강성찬(대사)|김한얼(폴리)|문재홍(폴리)|송윤재(사운드팀)|이석용(촬영장비)|김학수(촬영장비)|최윤의(조명)|김태형(조명오퍼레이터)|곽준혁(조명팀)|김승용(조명팀)|서상하(조명팀)|오지수(조명팀)|박동윤(조명팀)|박성환(조명팀)|장현우(조명팀)|한규석(조명팀)|김수하(조명팀)|김태형(조명팀)|박찬호(조명팀)|이민규(조명팀)|박천일(조명팀)|김민서(조명팀)|한상구(발전차)|권근호(발전차)|장한별(조명장비)|조정권(조명장비)|손용훈(조명장비)|이동주(조명장비)|황선명(조명장비)|박일현(미술/프로덕션 디자인)|한소희(미술팀)|김나혜(미술팀)|최지수(미술팀)|노민주(미술팀)|김소희(미술팀)|류가희(미술팀)|김남호(세트)|강성현(세트팀)|임한빈(세트팀)|유의석(세트팀)|김형우(세트팀)|박상수(세트팀)|최수정(세트팀)|장경배(세트팀)|박용규(소품)|김수호(소품팀)|이진수(소품팀)|김영인(소품팀)|김용한(소품팀)|강주석(동시녹음)|이숙영(붐오퍼레이터)|김정숙(붐오퍼레이터)|소정현(동시녹음팀)|김은영(의상)|이혜림(의상팀)|정영관(의상디자이너)|윤슬기(분장)|조혜미(분장팀)|최하연(분장팀)|장은지(분장팀)|명세린(분장팀)|박유나(분장팀)|박진희(분장팀)|윤슬기(헤어)|박진성(분장차)|최광락(액션/스턴트)|황유현(액션/스턴트팀)|이동호(특수효과)|김민석(투자)|박성민(투자)|박명호(투자)|김현정(투자)|박혜정(투자)|김선아(투자)|고아라(투자)|서현동(투자)|한상욱(투자)|정재훈(투자)|한상일(투자)|유귀선(투자)|윤민기(제작)|정예린(제작)|한상일(제작)|송효정(제작)|한태일(제작)|양윤식(프로듀서)|심문보(프로듀서)|이재민(라인프로듀서)|나경원(제작팀)|김동호(제작팀)|유익현(제작팀)|전옥화(제작팀)|한상민(제작팀)|손은기(제작팀)|손현우(제작팀)|송우림(제작팀)|전용덕(제작팀)|김용호(제작팀)|박상원(제작팀)|박준기(제작팀)|양희재(제작팀)|홍경연(제작팀)|장지욱(제작팀)|최지원(제작회계)|김대호(로케이션매니저)|조희은(데이타매니저)|김태완(데이타매니저)|권민경(데이타매니저)|조바른(시나리오(각본))|이유진(시나리오(각본))|김혜영(시나리오(각본))|정성훈(조감독)|백상일(연출팀)|김이안(연출팀)|최나영(연출팀)|서민호(연출팀)|이한(연출팀)|고은성(스크립터)|이윤호(스토리보드)|김윤애(현장편집)|이석민(촬영)|김재은(촬영팀)|당현웅(촬영팀)|이종혁(촬영팀)|강병규(촬영팀)|서동주(촬영팀)|원장연(촬영팀)|유태수(촬영팀)|이승백(그립)|배윤환(그립)|최원렬(그립)|이주현(기획)|김예진(기획)|김소정(기획진행)|최해리(기획진행)|이서안(기획진행)|박선미(기획진행)|김혜진(기획진행)|고도은(기획진행)|황정아(기획진행)|김가현(기획진행)|노진현(기획진행)|김찬빈(기획진행)|김소희(기획진행)|김예진(기획진행)|김서연(기획진행)|정효경(스턴트연기)|김남식(시각효과)|전민규(시각효과)|서현수(VFX 슈퍼바이저)|이준희(VFX 슈퍼바이저)|양우포(VFX 슈퍼바이저)|송정진(VFX 슈퍼바이저)|김대왕(VFX 슈퍼바이저)|황병식(VFX 슈퍼바이저)|아쿨라 키란쿠마(VFX 슈퍼바이저)|유인식(VFX 슈퍼바이저)|정재훈(VFX 슈퍼바이저)|장병주(VFX 슈퍼바이저)|류건희(VFX 슈퍼바이저)|김한웅(VFX 아티스트)|이지원(VFX 아티스트)|권가을(VFX 아티스트)|성은비(VFX 아티스트)|유지현(VFX 아티스트)|주혜원(VFX 아티스트)|김민영(VFX 아티스트)|박정원(VFX 아티스트)|김태령(VFX 아티스트)|정민수(VFX 아티스트)|이슬비(VFX 아티스트)|구민희(VFX 아티스트)|홍진기(VFX 아티스트)|주정현(VFX 아티스트)|함동지(VFX 아티스트)|제니 닐슨(VFX 아티스트)|엄정민(VFX 아티스트)|김혜림(VFX 아티스트)|이서윤(VFX 아티스트)|이애정(VFX 아티스트)|이송연(VFX 아티스트)|박기쁨(VFX 아티스트)|현경민(VFX 아티스트)|정지연(VFX 아티스트)|김지수(VFX 아티스트)|정현민(VFX 아티스트)|이승훈(VFX 아티스트)|박선정(VFX 매니지먼트)|정수지(VFX 매니지먼트)|김은경(VFX 매니지먼트)|송준혁(VFX 매니지먼트)|송다빈(VFX 매니지먼트)|이지언(VFX 매니지먼트)|김소리(VFX 매니지먼트)|김지연(VFX 매니지먼트)|이지수(VFX 매니지먼트)|배은미(VFX 매니지먼트)|안재곤(VFX 매니지먼트)|이찬희(DI팀)|김재형(DI팀)|강승원(DI팀)|이성현(DI팀)|이윤아(DI팀)|이호우(DI팀)|주영견(DI팀)|이지은(DI팀)|김제현(DI팀)|최겸(DI팀)|우석인(DI팀)|박용운(DI팀)|장동원(DI팀)|김원학(DI팀)|최은석(DI팀)|김형석(DI팀)|손승현(DI팀)|이혜민(DI팀)|장희연(홍보/마케팅 진행)|채민경(홍보/마케팅 진행)|이혜주(홍보/마케팅 진행)|이나리(홍보/마케팅 진행)|이채현(홍보/마케팅 진행)|임혜빈(홍보/마케팅 진행)|경성민(홍보/마케팅 진행)|곽언영(홍보/마케팅 진행)|문종규(홍보/마케팅 진행)|김민석(홍보/마케팅 진행)|박준영(홍보/마케팅 진행)|김대성(홍보/마케팅 진행)|이동현(홍보/마케팅 진행)|이상현(홍보/마케팅 진행)|유지혜(홍보/마케팅 진행)|이다희(홍보/마케팅 진행)|최지수(온라인마케팅)|박예송(온라인마케팅)|김지연(온라인마케팅)|이경지(온라인마케팅)|김현지(온라인마케팅)|이유진(온라인마케팅)|정미경(온라인마케팅)|조수정(온라인마케팅)|윤지인(광고디자인)|김호연(광고디자인)|유은미(스틸)|이승원(메이킹필름)|유혜영(메이킹필름)|이선주(메이킹필름)|이미림(메이킹필름)|장현지(메이킹필름)|정상화(메이킹필름)|최용진(메이킹필름)|조승일(예고편)|이유진(예고편)|김수빈(예고편)|김서현(예고편)|이재윤(예고편)|이창준(예고편)|이동근(예고편)|곽가영(배급진행)|김보경(배급진행)|박이랑(배급진행)|강문경(배급진행)|한상욱(배급진행)|이민호(캐스팅디렉터)|지용현(캐스팅디렉터)|장순근(캐스팅)|성안제(운송)|김민지(기타)
20258621,척의 일생,The Life of Chuck,,2024,20251224,110,개봉,장편,미국,드라마|판타지,마이크 플래너건,톰 히들스턴|카렌 길런|치웨텔 에지오포|제이콥 트렘블레이|칼 럼블리|마크 해밀|미아 사라,워터홀컴퍼니(주)(배급사)|워터홀컴퍼니(주)(수입사)|워터홀컴퍼니(주)(제공),2025-MF03199(15세이상관람가),
20258633,후지모토 타츠키 17-26 파트 2,Tatsuki Fujimoto 17-26 Part-2,藤本タツキ17-26,2025,20251024,76,개봉,장편,일본,애니메이션,,,메가박스중앙(주)(배급사)|메가박스중앙(주)(수입사),2025-MF02707 (15세이상관람가),
20250444,코드: G 주목의 시작,CODE: G,,2025,20251227,101,개봉,옴니버스,한국,SF|드라마,김영기|김주신|홍기선,,엠씨에이(제작사)|주식회사 케이티스튜디오지니(배급사)|(주)영화특별시에스엠씨(배급사),2025-MF03437(15세이상관람가),이상욱(프로듀서)|이재민(프로듀서)|조정웅(제작관리)|원경혜(연출팀)|오세은(연출팀)|설우인(연출팀)|김혜지(배급진행)|정난미(배급진행)|연인서(배급진행)|윤정한(배급진행)
20247457,신의악단,Choir of God,,2025,20251231,110,개봉,장편,한국,드라마,김형협,박시후|정진운|태항호|장지건|한정완|고혜진|문경민|최선자|남태훈|신한결|서동원|강승완|이한서|윤제문|기주봉|하민|이정훈,스튜디오타겟(주)(제작사)|씨제이 씨지브이(CJ CGV)(주)(배급사)|스튜디오타겟(주)(제공)|주식회사 케이티스튜디오지니(해외세일즈사),2025-MF02938(15세이상관람가),김나정(각색)|김도연(제작)|김라미(편집)|인서영(촬영팀)|한욱(홍보/마케팅 진행)|김회준(홍보/마케팅 진행)|김민정(홍보/마케팅 진행)|김나정(홍보/마케팅 진행)|조인주(홍보/마케팅 진행)|김보영(홍보/마케팅 진행)|홍동희(홍보/마케팅 진행)|안병우(기획진행)|손현성(홍보/마케팅 진행)|김도연(기획)
20259893,화양연화 특별판,IN THE MOOD FOR LOVE-25TH ANNIVERSARY SPECIAL EDITION,,2000,20251231,107,개봉,장편,홍콩,드라마,왕가위,장만옥|양조위,(주)디스테이션(배급사)|(주)엔케이컨텐츠(수입사),2025-MF02716(15세이상관람가),
20259333,누벨바그,Nouvelle Vague,,2025,20251231,106,개봉,장편,프랑스,드라마,리차드 링클레이터,,메가박스중앙(주)(배급사)|주식회사 오디언스(수입사),2025-MF03123(12세이상관람가),
20259563,파더 마더 시스터 브라더,Father Mother Sister Brother,,2025,20251231,110,개봉,장편,프랑스,드라마,짐 자무쉬,케이트 블란쳇|비키 크립스|아담 드라이버|톰 웨이츠,주식회사 로아앤코홀딩스(배급사)|(주)영화사 안다미로(배급사)|(주)영화사 안다미로(수입사),2025-MF03162(12세이상관람가),
20228555,더 퍼스트 슬램덩크,The First Slam Dunk,,2022,20230104,124,개봉,장편,일본,애니메이션,이노우에 다케히코,,(주)넥스트엔터테인먼트월드(NEW)(배급사)|에스엠지홀딩스 주식회사(수입사),2022-MF03214 (12세이상관람가),
20240880,슈퍼 엘프: 빨간모자 비밀요정,The Super Elfkins,,2024,20250115,76,개봉,장편,독일,애니메이션,우테 폰 뮌쇼폴,,(주)박수엔터테인먼트(배급사)|(주)박수엔터테인먼트(수입사),2025-MF00016 (전체관람가),
20000044,공동경비구역 JSA,Joint Security Area /JSA,,2000,20000908,110,개봉,장편,한국,드라마|미스터리,박찬욱,송강호|이병헌|이영애|신하균|김태우|이종용|김광일|이대연|이한위|기주봉|원근희|김명수,(주)명필름(제작사)|씨제이엔터테인먼트(배급사)|주식회사 케이티스튜디오지니(해외세일즈사)|(사)한국농아인협회(가치봄 제작처)|한국시각장애인연합회(가치봄 제작처),2000-F247(15세관람가),심재명(투자)|하성근(투자)|김석원(사운드)|석동준(투자)|이승찬(투자)|심보경(제작)|이은(프로듀서)|심재명(프로듀서)|박상연(원작)|김현석(시나리오(각본))|이종용(조감독)|안영수(연출팀)|방혜원(연출팀)|김남균(촬영)|김성복(촬영)|이성진(촬영팀)|임재영(조명)|김상만(아트디렉터)|김보관(세트)|이기석(세트팀)|김원용(동시녹음)|송종희(분장)|최혜경(특수분장)|김상범 (김상범 편집실)(편집)|김재범(편집팀)|조영욱(음악)|정금자(홍보/마케팅 진행)|박재현(홍보/마케팅 진행)
20251713,은혼 가시아귀편 온 씨어터,Gintama on Theater 2D: Baragaki-hen,,2023,20250124,88,개봉,장편,일본,애니메이션,후지타 요이치,스기타 토모카즈|나카이 카즈야,에스엠지홀딩스 주식회사(배급사)|에스엠지홀딩스 주식회사(수입사),2025-MF00118 (15세이상관람가),
20252600,"극장판 요아소비 5주년 기념 돔 라이브 2024 ""초현실""","YOASOBI 5th ANNIVERSARY DOME LIVE 2024 ""SURREALISM""",,2025,20250221,157,개봉,장편,일본,공연,,,리벳(배급사)|씨제이 씨지브이(CJ CGV)(주)(배급사)|리벳(수입사),2025-MF00249(전체관람가),
20251606,캔터빌의 유령,THE CANTERVILLE GHOST,,2023,20250226,77,개봉,장편,미국,애니메이션,,,와이드 릴리즈(주)(배급사)|주식회사 컨텐츠썬(수입사),2024-MF02253(전체관람가),
20248505,장난을 잘 치는 타카기 양,Teasing Master Takagi-san,からかい上手の高木さん,2024,20250305,120,개봉,장편,일본,멜로/로맨스|코미디,이마이즈미 리키야,타카하시 후미야|나가노 메이|쿠로카와 소야,TCO(주)더콘텐츠온(배급사)|(주)블루라벨픽쳐스(수입사),2025-MF00207(12세이상관람가),
19990084,쉬리,SHIRI,,1998,19990213,125,개봉,장편,한국,액션|드라마|멜로/로맨스|미스터리,강제규,한석규|최민식|송강호|김윤진|황정민|김석주|윤주상|박용우|조덕현|김수로|손호균|박은숙|남명렬|조승연|이필모|박동빈|지대한|송용태|유하복|정세형|박지일,강제규필름(제작사)|(주)씨제이이엔엠(배급사)|삼성 픽쳐스(제공)|유영분장(제작서비스-분장/헤어)|(주)케이제이네트(프로덕션 서비스),99-023(15세 미만인 자는 관람할 수 없는 등급 )|2025-MF00602 (15세이상관람가),변무림(투자)|이관학(프로듀서)|정재환(음악)|강제규(시나리오(각본))|전윤수(각색)|백운학(각색)|박제현(각색)|김정우(스크립터)|황서식(촬영)|김성복(촬영)|원명준(조명)|김재범(조명팀)|박일현(아트디렉터)|오상만(아트디렉터)|이나겸(미술팀)|최승영(소품)|이병하(동시녹음)|김지영(분장)|윤예령(분장)|유희원(분장팀)|정두홍(액션/스턴트)|서범식(액션/스턴트팀)|이봉근(액션/스턴트팀)|정도안(특수효과)|박곡지(편집)|이동준(음악)|신영균(현상팀)|채윤희(홍보/마케팅 진행)
20253082,은혼 금혼편 온 씨어터,Gintama on Theater 2D: Kintama-hen,銀魂オンシアター2D 金魂篇,2024,20250319,96,개봉,장편,일본,애니메이션,후지타 요이치,스기타 토모카즈|나카무라 유이치,에스엠지홀딩스 주식회사(배급사)|씨제이 씨지브이(CJ CGV)(주)(배급사)|에스엠지홀딩스 주식회사(수입사),2025-MF00421 (15세이상관람가),
20253001,블랙 백,BLACK BAG,,2025,20250319,93,개봉,장편,미국,드라마|스릴러,스티븐 소더버그,케이트 블란쳇|마이클 패스벤더|톰 버크|나오미 해리스|레게-장 페이지|피어스 브로스넌,유니버설픽쳐스인터내셔널 코리아(유)(배급사)|유니버설픽쳐스인터내셔널 코리아(유)(수입사),2025-MF00392 (15세이상관람가),데이빗 코엡(시나리오(각본))
20253086,언젠틀 오퍼레이션,The Ministry of Ungentlemanly Warfare,,2024,20250319,120,개봉,장편,영국,액션|코미디,가이 리치,헨리 카빌|앨런 리치슨|알렉스 페티퍼,메가박스중앙(주)(배급사)|(주)더쿱디스트리뷰션(수입사)|(주)무비다이브(수입사),2025-MF00513 (15세이상관람가),제리 브룩하이머(제작)
20167904,라라랜드,LA LA LAND,,2016,20161207,127,개봉,장편,미국,드라마|뮤지컬|멜로/로맨스,데이미언 셔젤,엠마 스톤|라이언 고슬링|핀 위트록|J.K. 시몬스|로즈마리 드윗,판씨네마(주)(배급사)|판씨네마(주)(수입사),2016-MF01848(12세이상관람가),
20227374,바빌론,Babylon,,2022,20230201,188,개봉,장편,미국,드라마,데이미언 셔젤,브래드 피트|마고 로비|디에고 칼바|진 스마트|조반 아데포|리 준 리|토비 맥과이어,롯데컬처웍스(주)롯데엔터테인먼트(배급사)|롯데컬처웍스(주)롯데엔터테인먼트(수입사),2023-MF00004 (청소년관람불가),
20253060,본회퍼: 목사.스파이.암살자,Bonhoeffer: Pastor. Spy. Assassin,,2024,20250409,133,개봉,장편,미국,드라마,토드 코라르니키,,파이오니아21(배급사)|파이오니아21(수입사),2025-MF00660 (12세이상관람가),
20253746,더 테러 라이브 : 라스트 쇼,SHOWTIME 7,,2025,20250416,98,개봉,장편,일본,범죄|스릴러,와타나베 카즈타카,아베 히로시,롯데컬처웍스(주)롯데엔터테인먼트(배급사),2025-MF00665 (12세이상관람가),
20253480,"아도 스페셜 라이브 ""신조우"" 인 시네마","Ado SPECIAL LIVE ""Shinzou"" in Cinema",劇場版 Ado SPECIAL LIVE「心臓」,2025,20250423,140,개봉,장편,일본,공연,,,와이드 릴리즈(주)(배급사)|(주)얼리버드픽쳐스(수입사),2025-MF00815 (전체관람가),
20211261,귀멸의 칼날: 나타구모산 편,Demon Slayer: Kimetsu no Yaiba Mt. Natagumo Arc,鬼滅の刃 那田蜘蛛山編,2020,20211117,136,개봉,장편,일본,애니메이션,소토자키 하루오,하나에 나츠키|키토 아카리|시모노 히로|마츠오카 요시츠구,(주)박수엔터테인먼트(배급사)|주식회사 애니맥스브로드캐스팅코리아(수입사),2021-MF02129(15세이상관람가),
20249733,사랑의 하츄핑,Heartsping : Teenieping of Love,,2024,20240807,86,개봉,장편,한국,애니메이션,김수훈,이지현|조경이|최낙윤|여민정|홍소영|홍범기|김하영|류승곤|조현정|김은아|장예나|엄상현,(주)에스에이엠지엔터테인먼트(제작사)|(주)쇼박스(배급사)|(주)에스에이엠지엔터테인먼트(제공)|(사)한국농아인협회(가치봄 제작처)|한국시각장애인연합회(가치봄 제작처),2024-MF01675 (전체관람가),전석진(제작관리)|우연(제작관리)|이제용(제작관리)|조영광(스토리보드)|김다은(미술/프로덕션 디자인)|김효송(미술/프로덕션 디자인)|이서영(미술/프로덕션 디자인)|임지은(미술/프로덕션 디자인)|김유진(미술/프로덕션 디자인)|조성희(사운드)|박선영(투자)|석희원(투자)|이연지(투자)|박현준(투자)|송명종(투자)|이경건(투자)|배상민(투자)|김미지(투자)|박지나(투자)|김민정(투자)|강태호(투자)|이우철(투자)|우수림(투자)|김종혁(투자)|이한숙(투자)|유병서(투자)|이광진(투자)|정지민(투자)|김민경(투자)|유종현(투자)|백승원(투자)|김도성(투자)|박정주(투자)|이미정(투자)|김정민(투자)|윤형민(투자)|이현정(투자)|신호정(투자)|유옥근(투자)|김학윤(투자)|김수훈(투자)|강병채(프로듀서)|민슬기(프로듀서)|신현덕(프로듀서)|송미선(프로듀서)|김수훈(프로듀서)|장춘화(제작팀)|한영(제작팀)|박누리(제작팀)|강윤희(제작팀)|안혜신(제작팀)|김정은(제작관리)|정승엽(제작관리)|심영웅(제작관리)|김다은(제작관리)|이은지(제작관리)|양승경(제작관리)|신소연(제작관리)|강나현(제작관리)|박선(제작관리)|서진아(제작관리)|김하나(제작관리)|김진숙(제작관리)|김하늘(제작관리)|박용만(제작관리)|최민희(제작관리)|이현석(제작관리)|박해은(제작관리)|지연희(제작관리)|홍상영(제작관리)|윤원기(제작관리)|김영훈(제작관리)|박주미(제작관리)|박노준(제작관리)|최재원(기획)|김지수(기획)|정수진(기획)|서주희(기획진행)|이소현(기획진행)|박채령(기획진행)|박준수(기획진행)|최유림(기획진행)|차예현(기획진행)|김소연(기획진행)|남다정(기획진행)|박세영(기획진행)|김혜성(기획진행)|김경민(VFX 슈퍼바이저)|김대열(VFX 슈퍼바이저)|김보경(VFX 아티스트)|김종철(애니메이션팀)|임현희(애니메이션팀)|김주정(애니메이션팀)|임수빈(애니메이션팀)|류동우(애니메이션팀)|이기남(애니메이션팀)|윤예슬(애니메이션팀)|박세나(애니메이션팀)|남유미(애니메이션팀)|이은진(애니메이션팀)|홍아름(애니메이션팀)|김영은(애니메이션팀)|김영철(애니메이션팀)|장성(애니메이션팀)|최은찬(애니메이션팀)|박윤주(애니메이션팀)|배형중(애니메이션팀)|강선미(애니메이션팀)|최지현(애니메이션팀)|이승연(애니메이션팀)|조균성(애니메이션팀)|조광진(애니메이션팀)|석우진(애니메이션팀)|박용주(애니메이션팀)|이동진(애니메이션팀)|김영진(애니메이션팀)|최영지(홍보/마케팅 진행)|장희연(홍보/마케팅 진행)|채민경(홍보/마케팅 진행)|최은록(홍보/마케팅 진행)|이나리(홍보/마케팅 진행)|이채현(홍보/마케팅 진행)|박연수(홍보/마케팅 진행)|정재원(홍보/마케팅 진행)|권혜림(홍보/마케팅 진행)|조수빈(홍보/마케팅 진행)|박예진(홍보/마케팅 진행)|이연지(홍보/마케팅 진행)|안소정(홍보/마케팅 진행)|정경석(홍보/마케팅 진행)|유민지(온라인마케팅)|오상은(온라인마케팅)|노홍아(온라인마케팅)|이현지(온라인마케팅)|남유경(온라인마케팅)|서유진(온라인마케팅)|박지인(광고디자인)|전민경(광고디자인)|서기웅(광고디자인)|이창주(광고디자인)|안대호(광고디자인)|방민호(광고디자인)|박드보라(광고디자인)|이택수(예고편)|김수빈(예고편)|김서현(예고편)|김정은(예고편)|이창준(예고편)|이동근(예고편)|이상원(광고대행)|손호성(광고대행)|박정한(광고대행)|이경훈(광고대행)|박두현(광고대행)|김현아(광고대행)|김봉준(광고대행)|이상훈(광고대행)|송지훈(광고대행)|정경인(배급진행)|강태릉(배급진행)|김윤하(배급진행)|홍혜원(배급진행)|김석희(배급진행)|이정윤(배급진행)|이휘영(배급진행)|최인혜(배급진행)|송진희(배급진행)|임원빈(배급진행)|김소연(배급진행)|김주호(배급진행)|조혜미(배급진행)|김정원(배급진행)|안정원(배급진행)|최수연(배급진행)|노재원(배급진행)|서혜지(배급진행)|정서연(배급진행)|김진형(배급진행)|이성국(배급진행)|서민지(배급진행)|정혜진(배급진행)|최준민(배급진행)|고아흔(배급진행)|최원(배급진행)|민현기(배급진행)|이주향(배급진행)|송은호(배급진행)|이은주(배급진행)|채혜지(배급진행)|한정훈(기타)|김문선(기타)|안병걸(기타)|최슬기(기타)
20177501,플립,Flipped,,2010,20170712,89,개봉,장편,미국,드라마|멜로/로맨스,롭 라이너,매들린 캐롤|캘런 맥오리피,롯데컬처웍스(주)롯데시네마(배급사)|(주)팝엔터테인먼트(배급사)|(주)팝엔터테인먼트(수입사),2017-MF01154(12세이상관람가),
20254174,366일,366 Days,366日,2024,20250611,123,개봉,장편,일본,멜로/로맨스,신조 타케히코,아카소 에이지|카미시라이시 모카|나카지마 유토,(주)디스테이션(배급사)|(주)엔케이컨텐츠(수입사),2025-MF01064 (12세이상관람가),
20255491,위장수사,UNDERCOVER POLICE,IN DA HOUSE,2025,20250627,99,개봉,장편,몽고,범죄|코미디,,윤제문|수크볼드 라그차바자르|간바야르 샤바크체른|니얌땀바 바이샤|수크바타르 바트조리고|오란처크트 처크턱바야르|기주봉|서은지|K. 만라이바타르|박호준,(주)호라이즌웍스(공동제작사)|(주)스마일이엔티(배급사)|주식회사 블루필름웍스(배급사)|(주)호라이즌웍스(수입사)|(주)스마일이엔티(제공),2025-MF01396(15세이상관람가),
20254302,우리는 공산당이 싫어요,,,2025,20250509,165,개봉,장편,한국,다큐멘터리,,최윤슬,㈜영화사 아리랑(제작사)|주식회사 킨스튜디오(배급사),2025-MF01093 (15세이상관람가),
20255656,꼬마마법사 주니토니,JunyTony The Little Wizards,,2025,20250726,62,개봉,장편,한국,애니메이션,서동해,김연우|김은아|정재헌|엄상현|한만중|장미|이소영|홍소영|이민규|김단,씨제이 씨지브이(CJ CGV)(주)(배급사)|와이드 릴리즈(주)(배급사),2025-MF01720 (전체관람가),
20256052,엔하이픈 브이알콘서트 : 이머전,ENHYPEN VR CONCERT : IMMERSION,,2025,20250808,56,개봉,장편,한국,드라마,김경국,,(주)어메이즈브이알코리아(제작사)|(주)어메이즈브이알코리아(배급사),2025-MF01679(전체관람가),
20257360,은혼 진선조 동란편 온 씨어터,Gintama on Theater 2D: Shinsengumi Douran-hen,銀魂オンシアター2D 真選組動乱篇),2025,20250910,101,개봉,장편,일본,애니메이션,타카마츠 신지,스기타 토모카즈|사카구치 다이스케,에스엠지홀딩스 주식회사(배급사)|에스엠지홀딩스 주식회사(수입사),2025-MF02261 (15세이상관람가),
20180804,곤지암,GONJIAM: Haunted Asylum,,2017,20180328,94,개봉,장편,한국,공포(호러)|스릴러,정범식,위하준|박지현|오아연|문예원|이승욱|류제윤|박성훈|이주원|정아노마,(주)하이브미디어코프(제작사)|(주)쇼박스(배급사)|씨제이포디플렉스 주식회사(배급사)|(주)쇼박스(제공)|(주)쇼박스(해외세일즈사),2018-MF00293(15세이상관람가),정성균(미술/프로덕션 디자인)|백경인(미술/프로덕션 디자인)|이덕상(아트디렉터)|홍한석(미술팀)|강신혜(미술팀)|박선영(미술팀)|윤소영(미술팀)|윤소영(미술팀)|윤한솔(세트)|오용석(세트팀)|안중섭(세트팀)|이택성(세트팀)|이주식(세트팀)|전민욱(세트미술팀)|김지섭(세트미술팀)|김성민(소품팀)|오병연(소품팀)|강주석(동시녹음)|황유진(붐오퍼레이터)|윤미라(의상)|김순주(의상팀)|김세미(의상팀)|김선연(분장)|한수민(분장팀)|차상애(분장팀)|이예림(분장팀)|윤소영(특수분장)|김세희(특수분장)|김은하(특수분장)|조진영(특수분장)|박수영(특수분장)|심창환(특수분장)|송승연(특수분장)|윤황직(특수분장)|전우재(액션/스턴트)|전정훈(액션/스턴트팀)|전보람(액션/스턴트팀)|김필수(액션/스턴트팀)|김광수(특수효과)|전병욱(특수효과팀)|박재성(특수효과팀)|양동엽(편집)|정범식(편집)|김형주(편집)|나윤식(음악)|정범식(음악진행)|정범식(음악진행)|나상진(음악진행)|박주강(사운드)|박용기(사운드)|이정호(사운드효과)|박은선(폴리)|신이나(폴리)|이충규(폴리)|노윤주(사운드팀)|정범식(투자)|안구철(투자)|김원국(제작)|최병환(프로듀서)|강선주(프로듀서)|강관호(프로듀서)|김진우(프로듀서)|서용석(프로듀서)|김진우(프로듀서)|서용석(라인프로듀서)|박범수(제작팀)|김영민(제작팀)|강성태(제작팀)|박정국(제작팀)|장재하(제작팀)|김진희(제작팀)|이기욱(제작팀)|권소희(제작회계)|조재희(제작회계)|오세미(제작회계)|안현정(제작회계)|김진호(제작회계)|김종현(로케이션매니저)|이동제(제작관리)|홍세미(데이타매니저)|박상민(시나리오(각본))|정범식(시나리오(각본))|김우상(조감독)|정우식(연출팀)|정아노마(연출팀)|전호성(연출팀)|송준우(연출팀)|주소윤(스크립터)|정범식(스토리보드)|윤중현(스토리보드)|양동엽(현장편집)|박윤수(현장편집)|윤종호(촬영)|윤종호(촬영)|박지현(카메라오퍼레이터)|정범식(카메라오퍼레이터)|박성훈(카메라오퍼레이터)|이승욱(카메라오퍼레이터)|김영민(촬영팀)|장필립(촬영팀)|문예원(촬영팀)|류제윤(촬영팀)|위하준(촬영팀)|나병윤(촬영팀)|양희진(촬영팀)|이충희(촬영팀)|이산하(촬영팀)|최지홍(촬영팀)|임준우(촬영장비)|우금호(촬영장비)|최용환(조명)|정성철(조명)|권민영(조명팀)|박지훈(조명팀)|유승상(조명팀)|정효준(발전차)|김성만(조명장비)|강동식(조명장비)|한문성(시각효과)|김남식(시각효과)|한문성(VFX 슈퍼바이저)|김대왕(VFX 슈퍼바이저)|정재훈(VFX 슈퍼바이저)|정훈(VFX 슈퍼바이저)|신창우(VFX 슈퍼바이저)|김예진(VFX 아티스트)|김은영(VFX 아티스트)|김수진(VFX 아티스트)|김수연(VFX 아티스트)|김자경(VFX 아티스트)|김성원(VFX 아티스트)|김상열(VFX 아티스트)|홍승표(VFX 아티스트)|한효정(VFX 아티스트)|한신근(VFX 아티스트)|김건희(VFX 아티스트)|김근태(VFX 아티스트)|최순일(VFX 아티스트)|권완호(VFX 아티스트)|천영문(VFX 아티스트)|채민기(VFX 아티스트)|차현정(VFX 아티스트)|지승환(VFX 아티스트)|주우람(VFX 아티스트)|조은원(VFX 아티스트)|정주호(VFX 아티스트)|정유내(VFX 아티스트)|정비호(VFX 아티스트)|정미진(VFX 아티스트)|장현희(VFX 아티스트)|장윤호(VFX 아티스트)|박수연(VFX 아티스트)|박동준(VFX 아티스트)|민현식(VFX 아티스트)|유혜진(VFX 아티스트)|유지연(VFX 아티스트)|양정모(VFX 아티스트)|양나은(VFX 아티스트)|신은경(VFX 아티스트)|김지수(VFX 아티스트)|이현주(VFX 아티스트)|이진호(VFX 아티스트)|신민선(VFX 아티스트)|신경득(VFX 아티스트)|손수아(VFX 아티스트)|설권(VFX 아티스트)|선솔(VFX 아티스트)|서지현(VFX 아티스트)|김주희(VFX 아티스트)|이정문(VFX 아티스트)|이재복(VFX 아티스트)|이예솔(VFX 아티스트)|이대운(VFX 아티스트)|이관희(VFX 아티스트)|이건희(VFX 아티스트)|김도연(VFX 매니지먼트)|김성일(VFX 매니지먼트)|최수진(VFX 매니지먼트)|권민재(VFX 매니지먼트)|채원의(VFX 매니지먼트)|전지은(VFX 매니지먼트)|윤성현(VFX 매니지먼트)|류건희(VFX 매니지먼트)|오윤동(VFX 매니지먼트)|안재곤(VFX 매니지먼트)|신준희(VFX 매니지먼트)|이현창(VFX 매니지먼트)|이용진(VFX 매니지먼트)|김재빈(VFX 매니지먼트)|이미경(VFX 매니지먼트)|김승원(DI팀)|김순재(DI팀)|형준석(DI팀)|현상필(DI팀)|김기문(DI팀)|김재민(DI팀)|최문희(DI팀)|정혜리(DI팀)|정한수(DI팀)|박철호(DI팀)|박진호(DI팀)|정종길(DI팀)|정원석(DI팀)|장지윤(DI팀)|장영칠(DI팀)|민수진(DI팀)|문현수(DI팀)|윤석일(DI팀)|유영현(DI팀)|노병욱(DI팀)|안진우(DI팀)|안원철(DI팀)|손성주(DI팀)|손상균(DI팀)|이정훈(DI팀)|이병희(DI팀)|곽언영(홍보/마케팅 진행)|김유나(홍보/마케팅 진행)|김윤태(홍보/마케팅 진행)|김광현(홍보/마케팅 진행)|최경미(홍보/마케팅 진행)|곽기환(홍보/마케팅 진행)|강태우(홍보/마케팅 진행)|전슬기(홍보/마케팅 진행)|박영미(홍보/마케팅 진행)|박민지(홍보/마케팅 진행)|문종규(홍보/마케팅 진행)|윤희정(홍보/마케팅 진행)|마혜원(홍보/마케팅 진행)|김효선(홍보/마케팅 진행)|김종욱(홍보/마케팅 진행)|이민호(홍보/마케팅 진행)|김아영(온라인마케팅)|김이현(온라인마케팅)|전승기(온라인마케팅)|류란(온라인마케팅)|양서연(온라인마케팅)|신정민(온라인마케팅)|서범석(온라인마케팅)|이유선(온라인마케팅)|이아름(온라인마케팅)|김내은(광고디자인)|안대호(광고디자인)|전혜선(스틸)|윤소라(스틸)|송현석(메이킹필름)|조영윤(메이킹필름)|이성민(메이킹필름)|김익진(예고편)|조영수(예고편)|강진경(예고편)|박동신(예고편)|안다빈(예고편)|이성준(예고편)|이선복(운송)|박세영(기타)|이재환(기타)|강진모(기타)|김수현(기타)|김세권(기타)|황광택(기타)|홍동원(기타)|허민정(기타)|최정운(기타)|최용승(기타)|김명재(기타)|김대희(기타)|최동호(기타)|권솔지(기타)|채유라(기타)|조현진(기타)|조하나(기타)|20168060(기타)|고해정(기타)|고가연(기타)|박태욱(기타)|정재헌(기타)|정재의(기타)|정예은(기타)|정선희(기타)|박재현(기타)|정범식(기타)|정범식(기타)|전영량(기타)|장근환(기타)|장경윤(기타)|박병용(기타)|박기수(기타)|문현진(기타)|문해성(기타)|방준식(기타)|박혜림(기타)|육지혜(기타)|우혜연(기타)|엄우석(기타)|양준석(기타)|양동훈(기타)|신재훈(기타)|이혜원(기타)|이지호(기타)|이종희(기타)|송의석(기타)|이제강(기타)|배지혜(기타)|이아름(기타)|이성학(기타)|이명선(기타)|이두희(기타)|이가희(기타)|윤형진(기타)
20157175,괴물의 아이,The Boy and The Beast,バケモノの子,2015,20151125,119,개봉,장편,일본,애니메이션|판타지|어드벤처,호소다 마모루,야쿠쇼 코지|미야자키 아오이|소메타니 쇼타|히로세 스즈,와이드 릴리즈(주)(배급사)|CGV아트하우스(배급사)|(주)리틀빅픽쳐스(배급사)|(주)얼리버드픽쳐스(수입사)|와이드 릴리즈(주)(공동제공),2015-MF01272 (12세이상관람가),
20190280,날씨의 아이,Weathering With You,,2019,20191030,112,개봉,장편,일본,애니메이션|판타지|멜로/로맨스,신카이 마코토,다이고 코타로|모리 나나|오구리 슌|심규혁|최한|강은애|김서영,메가박스중앙(주) 플러스엠 엔터테인먼트(배급사)|(주)미디어캐슬(배급사)|워터홀컴퍼니(주)(배급사)|(주)미디어캐슬(수입사)|(사)한국농아인협회(가치봄 제작처)|한국시각장애인연합회(가치봄 제작처),2019-MF01942(15세이상관람가),
20256711,더 로즈: 완벽한 이혼,The Roses,,2025,20250917,105,개봉,장편,미국,코미디|드라마,제이 로치,올리비아 콜맨|베네딕트 컴버배치|케이트 맥키넌|앤디 샘버그,월트디즈니컴퍼니코리아 유한책임회사(배급사)|월트디즈니컴퍼니코리아 유한책임회사(수입사),2025-MF02117 (15세이상관람가),토니 맥나마라(시나리오(각본))
20257571,2017 방탄소년단 라이브 트릴로지 에피소드 3 윙스 투어 더 파이널 리마스터링,,,2025,20250923,106,개봉,장편,한국,공연,,김남준|김석진|민윤기|정호석|박지민|김태형|전정국,메가박스중앙(주)(배급사)|(주)하이브(제공),2025-MF02293(전체관람가),
20256963,결혼 피로연,The Wedding Banquet,,2025,20250924,103,개봉,장편,미국,코미디|멜로/로맨스,앤드류 안,윤여정|한기찬|보웬 양|릴리 글래드스톤|켈리 마리 트란|조안 첸,유니버설픽쳐스인터내셔널 코리아(유)(배급사)|유니버설픽쳐스인터내셔널 코리아(유)(수입사),2025-MF01324 (15세이상관람가),제임스 샤머스(시나리오(각본))|앤드류 안(시나리오(각본))
20258101,100 미터.,100 Meters,ひゃくえむ。,2025,20251008,106,개봉,장편,일본,애니메이션,이와이사와 켄지,마츠자카 토리|소메타니 쇼타|타카하시 리에|타나카 유키|타네자키 아츠미|유키 아오이|츠다 켄지로,롯데컬처웍스(주)롯데시네마(배급사)|(주)미디어캐슬(배급사)|(주)미디어캐슬(수입사)|(주)팬엔터테인먼트(제공),2025-MF02469 (전체관람가),
20258285,프랑켄슈타인,Frankenstein,,2025,20251022,149,개봉,장편,멕시코|미국,SF|공포(호러),기예르모 델 토로,오스카 아이삭|제이콥 엘로디|크리스토프 왈츠|미아 고스,씨제이 씨지브이(CJ CGV)(주)(배급사)|넷플릭스(제공),2025-MF02590 (청소년관람불가),
20255339,블랙폰 2,Black Phone 2,,2025,20251029,113,개봉,장편,미국,공포(호러),스콧 데릭슨,에단 호크|메이슨 테임즈|매들린 맥그로|제레미 데이비스,유니버설픽쳐스인터내셔널 코리아(유)(배급사)|유니버설픽쳐스인터내셔널 코리아(유)(수입사),2025-MF02534(15세이상관람가),
20258541,제이홉 투어 ‘홉 온 더 스테이지’ 더 무비,j-hope Tour 'HOPE ON THE STAGE' THE MOVIE,,2025,20251112,89,개봉,장편,한국,공연,박준수,정호석,(주)하이브(제작사)|씨지브이 아이스콘(배급사)|(주)하이브(제공),2025-MF02623(전체관람가),
20259042,마루는 강쥐,,,2025,,39,기타,장편,한국,애니메이션,,,,,
20259261,몬스타엑스 : 커넥트 엑스 인 시네마,MONSTA X : CONNECT X IN CINEMAS,,2025,20251203,117,개봉,장편,한국,공연,오윤동|이예지,,씨제이포디플렉스 주식회사(제작사)|스크린엑스 스튜디오(제작사)|씨제이포디플렉스 주식회사(배급사),2025-MF03007(전체관람가),김건우(편집)|이승현(편집)|박건홍(편집팀)|김준서(DI팀)
20250046,#런석진_에피소드. 투어 더 무비,#RUNSEOKJIN_EP.TOUR THE MOVIE,,2025,20251231,93,개봉,장편,한국,공연,박준수,김석진,(주)하이브(제작사)|씨제이포디플렉스 주식회사(배급사),2025-MF03241(전체관람가),
20246268,이처럼 사소한 것들,Small Things Like These,,2024,20241211,97,개봉,장편,미국,드라마,,킬리언 머피|에밀리 왓슨,그린나래미디어(주)(배급사)|주식회사 로아앤코홀딩스(배급사)|그린나래미디어(주)(수입사)|주식회사 로아앤코홀딩스(제공),2024-MF03234(12세이상관람가),
20070582,"색, 계","Lust, Caution",,2007,20071108,157,개봉,장편,미국,멜로/로맨스,이안,탕웨이|양조위,(주)디스테이션(배급사)|(주)제이앤씨미디어그룹(배급사)|씨제이엔터테인먼트(배급사)|(주)엔케이컨텐츠(수입사)|(주)제이앤씨미디어그룹(수입사)|(유)마스엔터테인먼트코리아(수입사),2007-F406(청소년관람불가),
20050082,이터널 선샤인,Eternal Sunshine,Eternal Sunshine Of The Spotless Mind,2004,20051110,107,개봉,장편,미국,멜로/로맨스,미셸 공드리,짐 캐리|케이트 윈슬렛|커스틴 던스트|마크 러팔로|일라이저 우드,포커스피쳐스(제작사)|롯데컬처웍스(주)롯데시네마(배급사)|(주)노바미디어(배급사)|코리아픽쳐스(주)(배급사)|롯데컬처웍스(주)롯데시네마(수입사)|(주)씨맥스픽쳐스(수입사),2005-F249(15세관람가),
20020020,밀레니엄 맘보,Millennium Mambo,千禧蔓波,2001,20030530,105,개봉,장편,대만,드라마,허우 샤오시엔,서기|고첩,(주)에이유앤씨(배급사)|(주)하이스트레인저(배급사)|화인프로덕션(배급사)|찬란(수입사)|화인프로덕션(수입사),2002-F315(18세관람가)|2024-MF03222 (청소년관람불가),황웬잉(미술/프로덕션 디자인)
20247430,퍼스트레이디,THE FIRST LADY,,2024,20241212,105,개봉,장편,한국,다큐멘터리,,,서울의소리(제작사)|영화사키노(주)(배급사)|주식회사 블루필름웍스(배급사),2024-MF00951 (12세이상관람가),
20236087,총을 든 스님,The Monk and the Gun,,2023,20250101,107,개봉,장편,기타,드라마|코미디,,,주식회사 슈아픽처스(배급사)|주식회사 슈아픽처스(수입사),2024-MF03031 (전체관람가),
19618009,티파니에서 아침을,Breakfast at Tiffany's,,1961,,115,기타,장편,미국,드라마|멜로/로맨스,블레이크 에드워즈,조지 페파드|오드리 헵번,롯데컬처웍스(주)롯데시네마(배급사)|주식회사 마운틴픽쳐스(배급사)|롯데컬처웍스(주)롯데시네마(수입사)|주식회사 마운틴픽쳐스(수입사), 2011-F468(12세이상관람가),
20241180,"괜찮아, 앨리스","Efterskole, Going to the Wonderland Korea",,2023,20241113,74,개봉,장편,한국,다큐멘터리,양지혜,이주연|황하름|오연호|김혜일|김민지|성의준|박선하|박태준|정병오|정수완|성종호|이순영|이준희|이완수|황인근|국세은|안재운,오마이뉴스(제작사)|미디어나무(주)(배급사),2024-MF02397 (전체관람가),김성미(촬영)|이선필(프로듀서)|강정아(프로듀서)|최예린(촬영)|양정원(음악)|최예린(편집)|김형남(편집)|양정원(사운드디자이너)|조윤서(온라인마케팅)|김호진(온라인마케팅)|김경훈(배급진행)|김희연(배급진행)|김규민(온라인마케팅)|임성윤(온라인마케팅)|권나경(온라인마케팅)|조아현(온라인마케팅)|김지은(온라인마케팅)|정수연(온라인마케팅)|김성환(배급진행)|박한진(온라인마케팅)|윤진성(DI팀)|최진희(온라인마케팅)
20234710,한 채,The Berefts,,2024,20241120,90,개봉,장편,한국,드라마,허장|정범,임후성|이도진,DGC(제작사)|(주)타이거시네마(제작사)|영화배급협동조합 씨네소파(배급사)|영화배급협동조합 씨네소파(해외세일즈사)|한국시각장애인연합회(가치봄 제작처),2024-MF02839 (12세이상관람가),허장(프로듀서)|정범(시나리오(각본))|허장(시나리오(각본))|고영일(사운드믹싱)|정범(촬영)|박에녹(동시녹음)|고영일(음악)
20248552,은빛살구,Silver Apricot,,2024,20250115,121,개봉,장편,한국,드라마,장만민,나애진|안석환|강봉성|김진영|최정현|박현숙|박미소|조하성|윤서정|성노진|손성찬|임용순|임형태|이명자,한국영화아카데미(제작사)|(주)마노엔터테인먼트(배급사)|엠라인디스트리뷰션(주)(해외세일즈사),2024-MF03231 (12세이상관람가),조근식(제작)|최이슬(프로듀서)|서은경(제작팀)|이규혁(제작팀)|정해원(제작팀)|김휘환(로케이션매니저)|이옥토(제작관리)|김경수(제작관리)|이상석(제작관리)|이용선(제작관리)|임향주(제작관리)|임아영(제작관리)|노동석(제작관리)|성지혜(제작관리)|최주영(제작관리)|나경찬(제작관리)|윤상오(제작관리)|임찬상(제작관리)|장만민(시나리오(각본))|정인(조감독)|조성환(연출팀)|차승연(스크립터)|박상엽(스토리보드)|조성환(촬영)|박성우(촬영팀)|문경진(촬영팀)|이시화(촬영팀)|우금호(촬영장비)|윤방수(조명)|성문수(조명팀)|김승용(조명팀)|송상호(조명팀)|박정민(미술/프로덕션 디자인)|곽연우(미술팀)|이경철(동시녹음)|문광무(붐오퍼레이터)|신지영(의상)|김소희(분장)|이슬비(분장팀)|김소희(헤어)|이수민(액션/스턴트)|장정민(액션/스턴트팀)|민창기(특수효과)|조민규(특수효과팀)|고두현(특수효과팀)|안광섭(편집)|장만민(편집)|김사월(음악)|안기성(사운드)|이민섭(사운드)|김현욱(사운드디자이너)|안기성(사운드믹싱)|이민섭(사운드믹싱)|김현준(VFX 슈퍼바이저)|권소영(기타)|박원주(DI팀)|신현아(홍보/마케팅 진행)|함석영(홍보/마케팅 진행)|이은하(홍보/마케팅 진행)|홍지율(온라인마케팅)|노현서(온라인마케팅)|지은혜(온라인마케팅)|정현지(온라인마케팅)|윤소정(온라인마케팅)|박선희(온라인마케팅)|김찬별(광고디자인)|김민정(광고디자인)|김소정(스틸)|문종훈(예고편)|권태영(예고편)|성윤지(배급진행)|서유림(배급진행)|장슬기(배급진행)|주아람(배급진행)|손민경(배급진행)|상효정(배급진행)|신예지(배급진행)|김휘중(배급진행)|이하은(배급진행)|오미선(배급진행)|윤소민(배급진행)|김희영(배급진행)|곽서연(배급진행)|김진래(캐스팅)|노재원(기타)|김현준(VFX 아티스트)
20234114,괴물,Monster,,2023,20231129,126,개봉,장편,일본,드라마|미스터리,고레에다 히로카즈,안도 사쿠라|다나카 유코|나가야마 에이타|쿠로카와 소야|히이라기 히나타,(주)넥스트엔터테인먼트월드(NEW)(배급사)|(주)미디어캐슬(수입사)|(사)한국농아인협회(가치봄 제작처)|한국시각장애인연합회(가치봄 제작처),2023-MF02257(12세이상관람가),사카모토 유지(시나리오(각본))|사카모토 류이치(음악)
20236869,파문,Ripples,波紋,2023,20250115,120,개봉,장편,일본,드라마,오기가미 나오코,츠츠이 마리코|미츠이시 켄,(주)디스테이션(배급사)|(주)엔케이컨텐츠(수입사),2023-MF03333 (12세이상관람가),
20234758,쇼잉 업,Showing Up,,2024,20250108,107,개봉,장편,미국,드라마,켈리 라이카트,미쉘 윌리엄스|메리앤 프런켓|존 마가로|안드레 벤자민|제임스 르 그로스|주드 허쉬,엠엔엠인터내셔널(주)(배급사)|엠엔엠인터내셔널(주)(수입사),2024-MF02980 (12세이상관람가),
20236885,애니멀 킹덤,The Animal Kingdom,Le Règne Animal,2023,20250122,127,개봉,장편,프랑스,미스터리|판타지|드라마,토마스 카일리,,그린나래미디어(주)(배급사)|(주)스튜디오디에이치엘(배급사)|(주)스튜디오디에이치엘(수입사),2023-MF03452 (15세이상관람가),토마스 카일리(시나리오(각본))
20249343,카라바조의 그림자,Caravaggio's Shadow,L'ombra di Caravaggio,2022,20250122,119,개봉,장편,이탈리아,드라마,미첼 프라치도,리카르도 스카마르치오|루이 가렐|이자벨 위페르,(주)영화사 진진(배급사)|(주)영화사 진진(수입사),2024-MF03390 (청소년관람불가),
20244681,리얼 페인,A REAL PAIN,,2024,20250115,89,개봉,장편,미국,드라마|코미디,제시 아이젠버그,제시 아이젠버그|키에란 컬킨,월트디즈니컴퍼니코리아 유한책임회사(배급사)|월트디즈니컴퍼니코리아 유한책임회사(수입사),2024-MF03389 (15세이상관람가),
20081136,렛 미 인,Let The Right One In,,2008,20081113,114,개봉,장편,스웨덴,공포(호러)|드라마,토마스 알프레드슨,카레 헤레브란트|리나 레안데르손,와이드 릴리즈(주)(배급사)|씨네그루(주)다우기술(배급사)|(주)영화사구안(배급사)|주식회사 컨텐츠썬(수입사)|씨네그루(주)다우기술(수입사)|데이지엔터테인먼트(수입사),2008-F404(15세이상관람가)|2015-MF01433 (15세이상관람가),
20198676,타오르는 여인의 초상,Portrait of a Lady on Fire,,2019,20200116,121,개봉,장편,프랑스,드라마,셀린 시아마,아델 에넬|노에미 멜랑,그린나래미디어(주)(배급사)|스튜디오 초이스 주식회사(배급사)|그린나래미디어(주)(수입사),2019-MF02573(15세이상관람가),
20242822,문워크,MOON's walking,,2024,20250122,92,개봉,장편,한국,드라마,신현규,유승목|황지아|김민경|송동환|차희재|장마레|김국희|이은주|김자영|이정현|조서우|이나연|남동욱,마리솔(주)(제작사)|필름다빈(배급사),2024-MF03335 (15세이상관람가),김완식(프로듀서)|조규훈(라인프로듀서)|남지은(사운드)|김수민(음악진행)|임민주(음악)|한진규(편집)|이은선(헤어)|유다미(분장팀)|김조은(분장팀)|송동환(제작팀)|박세원(제작팀)|신현규(시나리오(각본))|박천규(연출팀)|박인희(연출팀)|김채희(연출팀)|변상진(촬영)|장필립(촬영팀)|김호채(촬영팀)|정경준(그립)|이주현(그립)|신태섭(조명)|김태훈(조명)|서수민(조명팀)|김현진(조명팀)|김윤정(조명팀)|전권형(발전차)|박병진(발전차)|박재현(미술/프로덕션 디자인)|김진철(미술팀)|성현우(동시녹음)|신관현(배급진행)|문입생(배급진행)|백상현(스틸)|주예나(포스터사진)|홍인서(광고디자인)|장동원(DI팀)|조윤경(배급진행)|다빈(배급진행)
20241417,언데드 다루는 법,Handling the undead,Håndtering av udøde,2024,20250122,97,개봉,장편,노르웨이,드라마|공포(호러)|미스터리,테아 히비스텐달,레나테 레인스베|앤더스 다니엘슨 라이|바하르 파르스,판씨네마(주)(배급사)|판씨네마(주)(수입사),2024-MF03284 (15세이상관람가),
20246330,메모리,Memory,,2023,20250122,102,개봉,장편,미국,드라마,미셸 프랑코,제시카 차스테인|피터 사스가드,(주)티캐스트(배급사)|(주)티캐스트(수입사),2024-MF03175 (15세이상관람가),
20125967,멜랑콜리아,Melancholia,,2011,20120517,135,개봉,장편,덴마크|스웨덴|이탈리아|독일|프랑스,드라마|SF|스릴러,라스 폰 트리에,커스틴 던스트|샤를로뜨 갱스부르|키퍼 서덜랜드|샬롯 램플링,(주)엣나인필름(배급사)|(주)팝엔터테인먼트(배급사)|(주)엣나인필름(수입사)|익스트림 필름 (수입사),2012-F304(15세이상관람가),
20113795,벌집의 정령,The Spirit Of The Beehive,El Espiritu de la Colmena,1973,20250129,98,개봉,장편,스페인,드라마,빅토르 에리세,아나 토렌트|이사벨 텔레리아,엠엔엠인터내셔널(주)(배급사)|엠엔엠인터내셔널(주)(수입사),2025-MF00054(12세이상관람가),
20246364,그들은 피아노 연주자를 쐈다,They Shot the Piano Player,,2023,20250129,103,개봉,장편,스페인,애니메이션,페르난도 트루에바|하비에르 마리스칼,제프 골드블럼,찬란(배급사)|찬란(수입사),2024-MF03404 (12세이상관람가),
20228573,고양이키스 : 당신에게 마음을 여는 순간,Cat Kiss,,2022,20250205,120,개봉,장편,한국,드라마,황수빈,오동민|류아벨|사혜진|이슬이|한지안,(주)아토(제작사)|(주)모토(제작사)|주식회사 흰수염고래영화사(공동제작사)|(주)모토(배급사)|엠라인디스트리뷰션(주)(해외세일즈사),2024-MF02705(전체관람가),김상범(제작)|김순모(제작)|지성한(프로듀서)|최승현(제작팀)|김종근(음악)|배지택(조감독)|이진근(촬영)|김현경(편집)|황수빈(시나리오(각본))
20060169,멀홀랜드 드라이브,Mulholland Drive,,2001,20011130,146,개봉,장편,미국,드라마|미스터리,데이빗 린치,로라 해링|나오미 왓츠,(주)영화사 안다미로(배급사)|(주)싸이더스(수입사)|(주)영화사 안다미로(수입사)|감자(주)(수입사),2001-F345(18세관람가),
20212430,두 사람,Life Unrehearsed,,2022,20250212,80,개봉,장편,한국,다큐멘터리,반박지은,이수현|김인선,반박지은필름(제작사)|반박지은필름(배급사)|(주)시네마달(배급사)|(주)시네마달(해외세일즈사),2024-MF03455 (12세이상관람가),김다형(프로듀서)|반박지은(촬영)|반박지은(편집)|김새봄(편집)|이지헌(음악)|김규만(사운드)|김형희(DI팀)
20080247,기인들,The Misfits,,1961,,124,기타,장편,미국,서부극(웨스턴)|드라마,존 휴스턴,클라크 게이블|마릴린 몬로|몽고메리 클리프트,,,
20176947,원더,Wonder,,2017,20171227,113,개봉,장편,미국,드라마,스티븐 크보스키,줄리아 로버츠|오웬 윌슨|제이콥 트렘블레이,씨제이 씨지브이(CJ CGV)(주)(배급사)|(주)키노라이츠(배급사)|(주)스튜디오디에이치엘(배급사)|CGV아트하우스(배급사)|그린나래미디어(주)(배급사)|CGV아트하우스(수입사)|그린나래미디어(주)(수입사)|(주)팝엔터테인먼트(공동제공),2017-MF02132(전체관람가),
20251607,호조,,,2025,20250312,117,개봉,장편,한국,뮤지컬|드라마,권혁만,최민우|장정식|이환의|김동원|조은주|이지형,권필름(제작사)|(주)드림팩트엔터테인먼트(배급사)|권필름(제공)|KBS 미디어(공동제공),2025-MF00178 (12세이상관람가),
20245194,고백,Confession,,2024,20250219,75,개봉,장편,일본,스릴러,야마시타 노부히로,양익준|이쿠타 토마,와이드 릴리즈(주)(배급사)|(주)도키엔터테인먼트(수입사)|(주)얼리버드픽쳐스(제공),2024-MF02462 (15세이상관람가),
20226798,에브리씽 에브리웨어 올 앳 원스,Everything Everywhere All At Once,,2022,20221012,139,개봉,장편,미국,액션|코미디,다니엘 콴|다니엘 쉐이너트,양자경|스테파니 수|키 호이 콴|제이미 리 커티스,워터홀컴퍼니(주)(배급사)|(주)더쿱디스트리뷰션(수입사)|비케이 시네윈(공동제공)|(주)노바미디어(공동제공)|(주)하이스트레인저(공동제공)|(주)아우라씨엔씨(공동제공),2022-MF02367 (15세이상관람가),
20249648,차라리 죽여,,,2024,20250226,104,개봉,장편,한국,코미디|드라마,김상훈,김주은|김도연|안정균,주식회사 빈스필름(제작사)|영화로운 형제(배급사)|(주)디엔디픽쳐스(제공),2024-MF03194 (청소년관람불가),이성재(제작)|이성재(프로듀서)
20252507,준스톤 이어원,Junstone Year One,,2025,20250306,94,개봉,장편,한국,다큐멘터리,,,제이리미디어(제작사)|주식회사 블루필름웍스(배급사),2025-MF00394 (12세이상관람가),
20235912,로망스,ROMANCE,,2024,20250227,104,개봉,장편,한국,코미디|멜로/로맨스,한만택,문예원|박상남|강단우|김건호|주인서|여준민|조성희|김영범|전수진|이자은|김선웅|한희정|유일한,(주)필름아르떼(제작사)|한국영상대학교(제작사)|(주)팀원픽쳐스(공동제작사)|(주)제이앤씨미디어그룹(배급사)|와이드 릴리즈(주)(배급사)|(주)제이앤씨미디어그룹(제공)|한국영상대학교(제공)|(주)필름에이픽쳐스(공동제공),2025-MF00052 (12세이상관람가),정석현(제작)|유재원(제작)|김영호(사운드디자이너)|임민주(음악)|지현욱(제작)|강한글(프로듀서)|홍성준(라인프로듀서)|주시현(제작팀)|서지안(제작팀)|오진주(제작팀)|정인선(제작관리)|함충범(제작관리)|이도균(제작관리)|기정아(데이타매니저)|이지민(시나리오(각본))|박종대(시나리오(각본))|한만택(시나리오(각본))|정호익(각색)|정호익(조감독)|한찬희(연출팀)|조하나(스크립터)|정진일(스토리보드)|이병기(현장편집)|김기태(촬영)|탁유진(촬영팀)|황성운(스테디캠)|박정희(조명)|이형준(조명팀)|홍기호(발전차)|홍기범(조명장비)|김영탁(미술/프로덕션 디자인)|이지선(미술팀)|최수용(동시녹음)|홍준범(붐오퍼레이터)|한지영(붐오퍼레이터)|이은정(의상)|김가린(의상팀)|박수현(분장)|임왕섭(액션/스턴트팀)|김미주(편집)|서상화(시각효과)|이용기(DI팀)|백상현(캐스팅디렉터)
20119958,바이킹,The Vikings,,1958,,116,기타,장편,미국,기타,리차드 플레이셔,어네스트 보그나인|토니 커티스|커크 더글라스,,,
20110027,아이 엠 러브,I Am Love,Io sono l'amore,2009,20110120,120,개봉,장편,이탈리아,드라마|멜로/로맨스,루카 구아다그니노,플라비오 파렌티|틸다 스윈튼|에도아르도 가브리엘리니|알바 로르와처,(주)영화사 진진(배급사)|(주)영화사 조제(배급사)|(주)영화사 진진(수입사)|(주)영화사 조제(수입사),2011-F19 (청소년관람불가),
20252676,사랑은 사라지지 않는다,No Love Lost,,2023,20250226,90,개봉,장편,프랑스,드라마,에르완 르 뒥,나우엘 페레즈 비스카야트|셀레스트 브룬켈,(주)엣나인필름(배급사)|(주)엣나인필름(수입사),2025-MF00290(12세이상관람가),
19779110,무명객,Mission Ginseng,,1977,,97,기타,장편,한국,액션,김시현,모사성|김지혜|이예민|김기주|유현,남아진흥(제작사)|(주)프리즘웍스(배급사),2022-MF00129 (15세이상관람가),오광재(시나리오(각본))|신명의(촬영)|정경희(조명)|김희갑(음악)|이해윤(의상)|안건호(분장)|김철석(특수효과)|김창순(편집)|이태우(소품)
20008343,그날이 오면,On the Beach,,1959,,134,기타,장편,미국,드라마|SF,스탠리 크래이머,그레고리 펙|에바 가드너,,,
20252735,여성국극 끊어질듯 이어지고 사라질듯 영원하다,Women’s Gukgeuk: Enduring on the Edge of Time,,2024,20250319,104,개봉,장편,한국,다큐멘터리,유수연,,더 액티비스트(제작사)|(주)시네마달(배급사),2025-MF00291 (12세이상관람가),김호연(광고디자인)|윤지인(광고디자인)
20232130,숨,Breath,,2023,20250312,71,개봉,장편,한국,다큐멘터리,윤재호,유재철|김새별,빈스로드(제작사)|시네마로드(제작사)|㈜인디스토리(배급사),2025-MF00306(12세이상관람가),
20243883,"끝, 새로운 시작",The End We Start From,,2023,20250326,101,개봉,장편,영국,드라마,마할리아 벨로,조디 코머|조엘 프라이|캐서린 워터스턴|마크 스트롱|베네딕트 컴버배치,(주)스튜디오디에이치엘(배급사)|(주)키노라이츠(배급사)|(주)스튜디오디에이치엘(수입사)|주식회사 로아앤코홀딩스(제공),2025-MF00294 (15세이상관람가),베네딕트 컴버배치(제작)|앨리스 버치(시나리오(각본))
20173226,패왕별희 디 오리지널,Farewell My Concubine,,1993,20170330,171,개봉,장편,중국,드라마|멜로/로맨스,첸 카이거,장국영|공리|장풍의,와이드 릴리즈(주)(배급사)|(주)제이앤씨미디어그룹(배급사)|(주)드림팩트엔터테인먼트(배급사)|(주)조이엔시네마(수입사)|(유)조이앤시네마(수입사),2016-MF01276(15세이상관람가),릴리안 리(시나리오(각본))|자오 지핑(음악)
20253234,크래쉬: 디렉터스컷,Crash,,1996,20250326,99,개봉,장편,캐나다,범죄|드라마,데이비드 크로넨버그,제임스 스페이더|홀리 헌터|엘리어스 코티스,(주)엣나인필름(배급사)|(주)엣나인필름(수입사),2025-MF00514 (청소년관람불가),
20252745,그랜드 투어,Grand Tour,,2024,20250326,128,개봉,장편,포르투갈,드라마,미겔 고미스,,엠엔엠인터내셔널(주)(배급사)|엠엔엠인터내셔널(주)(수입사),2025-MF00297 (12세이상관람가),
20232136,파란,LOST,,2023,20250409,104,개봉,장편,한국,미스터리|드라마,강동인,이수혁|하윤경|권다함|성현욱,㈜투이제이스튜디오(제작사)|(주)펀치라인필름(공동제작사)|(주)메리크리스마스(배급사)|(주)삼백상회(배급사)|㈜투이제이스튜디오(제공)|주식회사 케이티스튜디오지니(해외세일즈사),2025-MF00672 (15세이상관람가),황대중(프로듀서)|서지혜(데이타매니저)|강동인(시나리오(각본))|박승민(조감독)|원창재(편집)|박승민(스토리보드)|윤걸(촬영)|이민규(예고편)|주윤호(배급진행)
20253235,열화청춘 리마스터링,Nomad(4K Restored Director’s Cut),烈火靑春,1982,20250331,93,개봉,장편,홍콩,드라마|멜로/로맨스,담가명,장국영|엽동|탕진업|하문석,(주)엔케이컨텐츠(제작사)|(주)디스테이션(배급사),2025-MF00230 (청소년관람불가),
19960157,대삼원 리마스터링,Tristar,,1996,19960504,106,개봉,장편,홍콩,드라마|멜로/로맨스,서극,장국영|원영의|유청운,(주)디스테이션(배급사)|(주)엔케이컨텐츠(수입사)|(주)영상시대(수입사),96-143(연소자관람불가)|2025-MF00224 (15세이상관람가),서극(시나리오(각본))|황구태(촬영)|정충태(시나리오(각본))
20176049,패터슨,Paterson,,2016,20171221,118,개봉,장편,프랑스|독일|미국,드라마,짐 자무쉬,아담 드라이버|골시프테 파라하니,그린나래미디어(주)(배급사)|그린나래미디어(주)(수입사)|(주)인터파크(제공),2017-MF01966(12세이상관람가),
20100073,예언자,A Prophet,Un Prophete,2009,20100311,154,개봉,장편,프랑스,드라마|범죄,자크 오디아르,타하르 라힘|닐스 아르스트럽|레다 카텝,프랑스2시네마(제작사)|까날 플러스(제작사)|시네시네마(제작사)|판씨네마(주)(배급사)|판씨네마(주)(수입사),2010-F41(청소년관람불가),
20249502,"침몰 10년, 제로썸","10 years after the sinking, Zero-Sum",,2024,20241121,89,개봉,장편,한국,다큐멘터리,윤솔지,,네번째달(제작사)|한국스마트협동조합(배급사),2024-MF03095 (12세이상관람가),김성재(시나리오(각본))|강민석(편집)
20234618,화성특급,Mars Express,,2023,20250402,88,개봉,장편,프랑스,애니메이션,제레미 페랭,,주식회사 킨스튜디오(배급사)|주식회사 킨스튜디오(수입사),2025-MF00256 (15세이상관람가),
20226270,스즈메의 문단속,Suzume,すずめの戸締まり,2022,20230308,121,개봉,장편,일본,애니메이션,신카이 마코토,하라 나노카|마츠무라 호쿠토,(주)쇼박스(배급사)|(주)미디어캐슬(수입사)|(주)로커스(공동제공),2023-MF00013 (12세이상관람가),정서연(배급진행)
20245448,귀신들,GALATEA,,2024,20250409,83,개봉,장편,한국,SF|드라마,황승재,이요원|강찬희|정경호|백수장|오희준|이주실|이재이|오태림|조은솔|조재윤|김강현,주식회사인시즌(제작사)|(주)차차차(공동제작사)|영화로운 형제(배급사)|(주)영화사벌집(해외세일즈사),2024-MF03391 (12세이상관람가),이병훈(프로듀서)|정필주(프로듀서)|문재홍(폴리)|김한얼(폴리)|고광현(대사)|고광현(사운드믹싱)|이지윤(사운드디자이너)|고광현(사운드)|이병훈(음악)|정성호(액션/스턴트)|최재옥(액션/스턴트)|김현정(의상)|이덕상(소품)|정찬우(조명팀)|송로아(조명팀)|이동건(조명팀)|정수환(조명팀)|이영훈(조명팀)|이유석(조명)|조인규(촬영팀)|최윤주(촬영팀)|백록담(촬영팀)|황승재(시나리오(각본))|정한영(연출팀)|수련(연출팀)|이승현(촬영)|한휘수(카메라오퍼레이터)|김주은(촬영팀)|박신욱(촬영팀)|김종완(촬영팀)|노홍아(온라인마케팅)|남휘현(캐스팅)|이수진(온라인마케팅)|박드보라(온라인마케팅)|방민호(온라인마케팅)|최희영(DI팀)|이승현(DI팀)|구본권(캐스팅)|김진우(배급진행)|김동현(배급진행)|임하리(배급진행)|엄한결(배급진행)|이철수(예고편)|조세훈(예고편)|민경호(광고디자인)|서유진(온라인마케팅)|남유경(온라인마케팅)|이현지(온라인마케팅)|이병훈(기획)|정필주(기획)|오상은(온라인마케팅)
20170883,아키라,Akira,アキラ,1988,20170831,124,개봉,장편,일본,애니메이션|SF,오토모 가츠히로,,(주)미디어캐슬(배급사)|(주)에스에이엠지엔터테인먼트(배급사)|(주)에이원엔터테인먼트(배급사)|(주)에스피오 엔터테인먼트코리아(수입사)|(주)에스에스애니멘트 (수입사),2017-MF01361(15세이상관람가),
20232077,어른 김장하,A Man Who Heals the City,,2023,20231115,104,개봉,장편,한국,다큐멘터리,김현지,김장하,MBC경남(제작사)|(주)시네마달(배급사)|(주)시네마달(해외세일즈사),2023-MF02611(전체관람가),강호진2(촬영)|김형남(편집)|김인영(음악)|진솔아(배급진행)
20113481,자전거 탄 소년,The Kid With A Bike,Le Gamin Au Velo,2011,20120119,87,개봉,장편,벨기에|프랑스,드라마,장 피에르 다르덴|뤽 다르덴,세실 드 프랑스|토마 도레,(주)영화사 진진(배급사)|(주)티캐스트(배급사)|(주)영화사 진진(수입사)|(주)티캐스트(수입사),2011-F748(12세이상관람가),
20190811,너의 새는 노래할 수 있어,And Your Bird Can Sing,きみの鳥はうたえる,2018,20200416,106,개봉,장편,일본,멜로/로맨스|판타지,미야케 쇼,에모토 타스쿠|이시바시 시즈카|소메타니 쇼타,(주)디오시네마(배급사)|(주)디오시네마(수입사),2019-MF02046(15세이상관람가),
20253790,볼레로: 불멸의 선율,Bolero,Boléro,2024,20250430,120,개봉,장편,프랑스,드라마,안느 퐁텐,라파엘 페르소나즈|도리아 틸리에|잔느 발리바|엠마누엘 데보,찬란(배급사)|찬란(수입사),2025-MF00868(12세이상관람가),
19568033,목로주점,Gervaise,,1956,,112,기타,장편,프랑스,드라마,르네 클레망,마리아 쉘|프랑스와 페리어,남성(수입사),,
20234684,그녀에게,Blesser,,2023,20240911,105,개봉,장편,한국,드라마,이상철,김재화|성도현|빈주원|이하린|정지인|이수원|한지안|최이랑,애즈필름(제작사)|프로덕션 에스에프에스(제작사)|영화로운 형제(배급사)|(사)한국농아인협회(가치봄 제작처)|한국시각장애인연합회(가치봄 제작처),2024-MF01057 (12세이상관람가),신아가(제작)|신아가(프로듀서)|이상혁(사운드믹싱)|유정혁(제작팀)|신아가(시나리오(각본))|이상철(시나리오(각본))|송현우(조감독)|박주희(연출팀)|조현일(촬영)|성지혜(촬영팀)|유종철(촬영팀)|가순범(조명)|김진영(미술/프로덕션 디자인)|오병택(동시녹음)|심가영(의상)|심가영(분장)|이상철(편집)|임대웅(음악)|임학수(DI팀)|조영민(스틸)
20246191,이제 다시 시작하려고 해,The other way around,Volveréis,2024,20250423,114,개봉,장편,스페인,드라마,호나스 트루에바,,엠엔엠인터내셔널(주)(배급사)|엠엔엠인터내셔널(주)(수입사),2025-MF00688 (15세이상관람가),
20153450,우리들,The World of Us,,2016,20160616,94,개봉,장편,한국,드라마,윤가은,최수인|설혜인|이서연|강민준|박혜진|전석민|최준우|안정우|주재윤|최승혁|장혜진|손석배,(주)아토(제작사)|(주)엣나인필름(배급사)|필라멘트픽쳐스(제공)|(주)화인컷(해외세일즈사),2016-MF00636 (전체관람가),김순모(제작)|전율제(사운드팀)|이진희(프로듀서)|김지혜(프로듀서)|김순모(프로듀서)|김세훈(라인프로듀서)|장수진(제작팀)|윤가은(시나리오(각본))|황슬기(조감독)|마리아(연출팀)|채형식(연출팀)|안정우(연출팀)|홍유라(스크립터)|양희재(스크립터)|김민진(현장편집)|김지현(촬영)|민준원(촬영)|김성호(촬영팀)|김상민(촬영팀)|정철민(촬영팀)|신승우(촬영팀)|이시현(조명)|한민철(조명팀)|안지혜(미술/프로덕션 디자인)|김동위(아트디렉터)|이규희(미술팀)|박정현(미술팀)|최지현(세트)|강나루(동시녹음)|배수찬(붐오퍼레이터)|이은선(분장)|박세영(편집)|연리목(음악)|연리목(작사/작곡/편곡)|김영호(사운드)|고아영(사운드디자이너)|고아영(사운드믹싱)|김영호(대사)|남초록(사운드효과)|남초록(폴리)|고아영(폴리)|제정주(프로듀서)|이창동(기획)|최수아(DI팀)|남형권(DI팀)|김순재(DI팀)|현상필(DI팀)|최인선(DI팀)|최미나(DI팀)|지연주(DI팀)|조하나(DI팀)|유영현(DI팀)|유선화(DI팀)|옥임식(DI팀)|조아라(DI팀)|조세형(DI팀)|신정민(DI팀)|신정민(DI팀)|박상아(홍보/마케팅 진행)|정광필(홍보/마케팅 진행)|강나경(홍보/마케팅 진행)|최유리(홍보/마케팅 진행)|주화(홍보/마케팅 진행)|주희(홍보/마케팅 진행)|이서연(홍보/마케팅 진행)|연지영(홍보/마케팅 진행)|조성경(홍보/마케팅 진행)|정동호(홍보/마케팅 진행)|박혜진(홍보/마케팅 진행)|박정언(홍보/마케팅 진행)|박세은(홍보/마케팅 진행)|박선주(홍보/마케팅 진행)|김병훈(광고디자인)|이수정(광고디자인)|안대호(광고디자인)|박시영(광고디자인)|이창주(광고디자인)|박지우(스틸)|김수화(메이킹필름)|황병헌(메이킹필름)|최병기(메이킹필름)|이상희(메이킹필름)|조용관(메이킹필름)|김송희(예고편)|이동근(예고편)|조소연(예고편)|김윤호(기타)
20252747,곤돌라,Gondola,,2023,20250423,81,개봉,장편,독일,멜로/로맨스,바이트 헬머,,(주)엠디에스스피어(배급사)|(주)태양미디어그룹(배급사)|(주)태양미디어그룹(수입사),2025-MF00167 (12세이상관람가),
20245776,글로리아!,Gloria!,,2024,,110,기타,장편,이탈리아|스위스,드라마,,,그린나래미디어(주)(배급사)|그린나래미디어(주)(수입사),2025-MF00840 (12세이상관람가),
20234517,이상한 나라의 달빛요정,Moonbound,,2022,20231019,80,개봉,장편,기타,판타지|어드벤처|애니메이션,알리 사마디 아하디,,주식회사 블루필름웍스(배급사)|(주)다시봄이엔티(수입사)|(주)버킷스튜디오(제공),2023-MF02531 (전체관람가)|2024-MF01256 (전체관람가),
20244540,케이 넘버,K-Number,,2025,20250514,111,개봉,장편,한국,다큐멘터리,조세영,,선보필름(제작사)|미디어나무(주)(배급사)|선보필름(배급사)|(주)마노엔터테인먼트(배급사),2025-MF00972 (12세이상관람가),조세영(제작)|김덕중(프로듀서)|이상혁(사운드믹싱)|손민곤(사운드믹싱)|고남일(사운드믹싱)|김지연(음악)|조세영(편집)|이연정(편집)|김지영(미술/프로덕션 디자인)|우에타 지로(미술/프로덕션 디자인)|김경만(촬영팀)|이지민(촬영팀)|전문성(촬영팀)|최예림(제작팀)|남순아(스토리)|조세영(시나리오(각본))|다빈(조감독)|조영천(촬영)|한송이(촬영팀)|정한(촬영팀)|박동우(광고디자인)|이동형(광고디자인)|임학수(DI팀)|노재원(기타)|오미선(배급진행)|조응주(기타)|김휘중(배급진행)|상효정(배급진행)|김윤경(배급진행)|권태영(예고편)|최지웅(광고디자인)|이하은(배급진행)
20244981,달팽이의 회고록,Memoir of a Snail,,2024,20250430,94,개봉,장편,호주,애니메이션,아담 엘리어트,사라 스누크|에릭 바나|재키 위버|코디 스밋 맥피|도미니크 피뇽,해피송(배급사)|해피송(수입사),2025-MF00818 (15세이상관람가),
20236227,보이 인 더 풀,Boy in the Pool,,2023,20250514,88,개봉,장편,한국,드라마|멜로/로맨스,류연수,효우|이민재|이예원|양희원|김지원|김율호|손빛나,한국영화아카데미(제작사)|(주)트리플픽쳐스(배급사)|주식회사 케이티스튜디오지니(해외세일즈사),2025-MF00889 (12세이상관람가),조근식(제작)|손빛나(프로듀서)|이기남(프로듀서)|이영림(편집)|김힘찬(촬영)|류연수(시나리오(각본))
19628021,하타리,Hatari!,,1962,,157,기타,장편,미국,액션|어드벤처|드라마,하워드 혹스,존 웨인,,,
20246314,나미비아의 사막,Desert of Namibia,,2024,20250507,136,개봉,장편,일본,드라마,야마나카 요코,카와이 유미|카네코 다이치|칸이치로,(주)스튜디오디에이치엘(배급사)|(주)비하인드 더 씬 컴퍼니(수입사)|(주)올댓시네마(제공),2025-MF00077 (15세이상관람가),
20176070,플로리다 프로젝트,The Florida Project,,2017,20180307,111,개봉,장편,미국,드라마,션 베이커,윌렘 데포,오드(배급사)|오드(수입사),2017-MF02164(15세이상관람가),
20010264,아멜리에,Amelie Of Montmartre,Le Fabuleux Destins d`Amelie Poulain,2001,20011019,121,개봉,장편,프랑스,코미디|판타지,장 피에르 주네,오드리 토투|마티유 카소비츠,(주)영화사 안다미로(배급사)|(주)블룸즈베리리소시스리미티드(배급사)|콜럼비아(배급사)|(주)영화사 안다미로(수입사)|(주)블룸즈베리리소시스리미티드(수입사)|(주)제이엔엔터테인먼트(수입사),2001-F264(18세관람가)|2021-MF02270(15세이상관람가),
20050118,릴리 슈슈의 모든 것,All About Lily Chou-Chou,リリィ シュシュのすべて,2005,20050623,146,개봉,장편,일본,드라마,이와이 슌지,이치하라 하야토|오시나리 슈고,록웰아이즈 (ロックウェルアイズ)(제작사)|(주)미디어캐슬(배급사)|(주)튜브엔터테인먼트(배급사)|(주)미디어캐슬(수입사)|(주)튜브엔터테인먼트(수입사),2005-F123(15세관람가),조은영(홍보/마케팅 진행)
20252734,고양이 수비대: 모나리자를 지켜라!,Cats in the Museum,,2023,20250514,79,개봉,장편,러시아,애니메이션,바실리 로벤스키,,그린나래미디어(주)(배급사)|주식회사 로아앤코홀딩스(배급사)|그린나래미디어(주)(수입사)|주식회사 로아앤코홀딩스(제공),2025-MF00004 (전체관람가),
20253825,페퍼톤스 인 시네마 : 에브리씽 이즈 오케이,,,2025,20250509,127,개봉,장편,한국,공연,조윤수,,(주)영화사 그램(제작사)|롯데컬처웍스(주)롯시플(배급사)|(주)영화사 그램(배급사)|롯데컬처웍스(주)롯데엔터테인먼트(제공),2025-MF01050 (전체관람가),
20181198,보희와 녹양,A Boy and Sungreen,,2018,20190529,99,개봉,장편,한국,드라마,안주영,안지호|김주아|서현우|신동미|서현우|김뜻모아|이승주|장준휘|황건|민경진|민경진|오대석|김소라|김현빈|차서원|박근록|정승길|이해영|손예원|홍성춘|김해준|유미선|양신지|최종철|정수범|봉재경|홍서윤|봉춘영|김가영|김도엽|박효빈|김뜻모아|배준호|안소연|김민준|안현영|유수민|양진열|유형래|김사현|이재희|이정연|엄채윤|최기윤|최기윤|김인선|이주원|전고운|최윤태|김수환|최은정|김희창|용세형|김시현|김영서|김예은|이명하|이병림|김윤호|박성수|박민영|이성은|이정연|김현정|하정민|조원희|진중길|신동훈,한국영화아카데미(제작사)|KT&G 상상마당 영화사업팀 컴퍼니에스에스(주)(배급사)|영화진흥위원회(제공)|엠라인디스트리뷰션(주)(해외세일즈사),2019-MF00898(12세이상관람가),이한솔(투자)|김영준(제작)|김영서(제작)|황상경(제작)|이송은(제작)|김용훈(제작)|소준범(프로듀서)|이병한(제작팀)|이병림(제작팀)|강승철(제작팀)|안현영(제작팀)|남한웅(제작관리)|안주영(시나리오(각본))|이정곤(조감독)|김영서(연출팀)|김수환(연출팀)|유형래(연출팀)|정대웅(스토리보드)|이성용(촬영)|정다정(촬영팀)|김정욱(촬영팀)|이재우(촬영팀)|김유빈(촬영팀)|이우현(촬영팀)|황경현(촬영팀)|조성환(촬영팀)|이준헌(촬영팀)|정종문(촬영팀)|안지영(촬영팀)|김동훈(촬영팀)|이종호(지미집)|문경환(지미집)|김상영(조명)|박정희(조명오퍼레이터)|박정희(조명오퍼레이터)|김태형(조명팀)|이희구(조명팀)|김주형(조명팀)|이찬희(조명팀)|홍석봉(조명팀)|신승수(조명팀)|손정원(조명팀)|석정호(조명팀)|강원호(발전차)|김병수(발전차)|박정훈(발전차)|김뜻모아(미술/프로덕션 디자인)|이유리(미술팀)|홍유리(미술팀)|김정욱(동시녹음)|신재현(붐오퍼레이터)|박진경(붐오퍼레이터)|최기윤(동시녹음팀)|김뜻모아(의상)|이정연(분장팀)|조수아(헤어팀)|고유(특수분장)|안주영(편집)|박민선(편집)|박곡지(편집)|이윤희(편집팀)|이준오(음악)|한희정(작사/작곡/편곡)|이준오(작사/작곡/편곡)|이준오(음악 믹싱/레코딩)|이성준(사운드)|이성준(사운드)|신경훈(사운드믹싱)|신경훈(대사)|안다빈(사운드효과)|정성권(폴리)|최완규(폴리)|이윤경(사운드팀)|이지은(사운드팀)|서동준(사운드팀)|여동후(VFX 슈퍼바이저)|서정미(배급진행)|권아랑(VFX 아티스트)|여동후(VFX 아티스트)|지관덕(VFX 아티스트)|최지웅(타이틀)|장동원(DI팀)|지연주(DI팀)|이혜민(DI팀)|이혜민(DI팀)|최인선(DI팀)|장정수(DI팀)|현상필(DI팀)|유영현(DI팀)|송규호(DI팀)|김경록(홍보/마케팅 진행)|강선주(홍보/마케팅 진행)|장지선(홍보/마케팅 진행)|박지현(홍보/마케팅 진행)|김내은(광고디자인)|이우현(메이킹필름)|임선진(예고편)|정상화(예고편)|최용진(예고편)|최용규(예고편)|김보영(예고편)|주아람(배급진행)|김신형(배급진행)|박선하(배급진행)|신세경(배급진행)|박혜진(배급진행)|손민경(배급진행)|성윤지(배급진행)|성윤지(배급진행)|김혜지(VFX 아티스트)
19518016,젊은이의 양지,A Place in the Sun,,1951,19721028,122,개봉,장편,미국,드라마|액션|멜로/로맨스,조지 스티븐스,엘리자베스 테일러|몽고메리 클리프트,파라마운트 픽쳐스(제작사)|안양(수입사),(15세이상관람가),
20252233,그 자연이 네게 뭐라고 하니,WHAT DOES THAT NATURE SAY TO YOU,,2025,20250514,108,개봉,장편,한국,드라마,홍상수,하성국|권해효|조윤희|강소이|박미소,(주)영화제작전원사 (제작사)|(주)영화제작전원사 (배급사)|(주)콘텐츠판다(배급사)|(주)화인컷(해외세일즈사),2025-MF00662 (15세이상관람가),홍상수(제작)|김민희(라인프로듀서)|홍상수(시나리오(각본))|홍상수(음악)|홍상수(촬영)|서지훈(동시녹음)|홍상수(편집)
20236648,기억의 조각,Pieces of Memories,,2024,20250529,88,개봉,장편,한국,드라마,이광복,백재우|박승연|박철민|박주현,목영이엔엠(배급사)|주식회사 케이티스튜디오지니(해외세일즈사),2025-MF00923 (12세이상관람가),박봉수(프로듀서)|최우석(사운드효과)|신정목(사운드)|이재호(조감독)|최진우(음악)|김대환(조명)|김시호(미술/프로덕션 디자인)|김준범(동시녹음)|최진우(음악)|곽일균(촬영)|변은선(배급진행)|노현준(DI팀)|최인영(기획)|이동준(배급진행)|김연지(기획)
20235838,악은 존재하지 않는다,Evil Does Not Exist,,2023,20240327,106,개봉,장편,일본,드라마,하마구치 류스케,오미카 히토시|니시카와 료|코사카 류지|시부타니 아야카,그린나래미디어(주)(배급사)|(주)레드아이스 엔터테인먼트(배급사)|그린나래미디어(주)(수입사)|(주)레드아이스 엔터테인먼트(제공)|(주)키노라이츠(공동제공),2024-MF00635 (12세이상관람가),
20090340,걸어도 걸어도,Still Walking,歩いても　歩いても,2008,20090618,114,개봉,장편,일본,드라마|가족,고레에다 히로카즈,나츠카와 유이|요우|하야기 료가|하라다 요시오|아베 히로시,(주)영화사 진진(배급사)|(주)하이스트레인저(배급사)|(주)영화사 진진(수입사),2009-F187(전체관람가),
20224492,내가 누워있을 때,When I Sleep,,2022,20250528,116,개봉,장편,한국,드라마,최정문,정지인|오우리|박보람|김영필|이한주|한지원|양말복|백현주|홍승이|하성훈|김현영|서상원|김주헌|이상희,(주)시네마달(제작사)|무니필름(공동제작사)|(주)시네마달(배급사),2023-MF00924 (12세이상관람가),김한솔(프로듀서)|최은비(제작팀)|박혜민(제작팀)|이남영(연출팀)|김혜영(스크립터)|송혜령(촬영)|김종수(촬영팀)|이은주(동시녹음)|장태구(스틸)
20246315,신성한 나무의 씨앗,The Seed of the Sacred Fig,,2024,20250603,166,개봉,장편,독일,드라마,모함마드 라술로프,미사그 자레|소헤일라 골레스타니|마흐사 로스타미|세타레 말레키,그린나래미디어(주)(배급사)|(주)레드아이스 엔터테인먼트(배급사)|그린나래미디어(주)(수입사)|(주)레드아이스 엔터테인먼트(제공),2025-MF00996 (15세이상관람가),
20217031,어브로드,ABROAD,,2023,20250611,84,개봉,장편,한국,미스터리|드라마|스릴러,지오바니 푸무,장성범|임영주|토니 덴만,써티세븐스디그리(주)(제작사)|스튜디오 에이드(배급사)|주식회사 케이티스튜디오지니(해외세일즈사),2025-MF01156 (15세이상관람가),지오바니 푸무(제작)|지오바니 푸무(시나리오(각본))|지오바니 푸무(원작)|김형민(프로듀서)|막시밀리안 셀림(프로듀서)|김형민(제작)|임성윤(온라인마케팅)|김규민(온라인마케팅)|조윤서(온라인마케팅)|김호진(온라인마케팅)|박성희(광고디자인)|이진우(예고편)|조영수(예고편)|안수현(배급진행)|권나경(온라인마케팅)|조아현(온라인마케팅)|백종훈(캐스팅디렉터)|정수연(온라인마케팅)|최진희(온라인마케팅)|박한진(온라인마케팅)|이현동(VFX 슈퍼바이저)|김지은(온라인마케팅)
20181169,나는보리,Bori,,2018,20200521,109,개봉,장편,한국,가족|드라마,김진유,김아송|이린하|곽진석|허지나|황유림|허지나|최대성|김종문|김태현|곽진석|전국진|김민수|신우희|김건우|최상아|김종구|김자영|임호경|이하음|정이랑|손진오|이현하|김연아|제린|이난|김동자|최상정|김동순|정미자|김동금|김동규|김옥남|허정도|전석찬|구교학|김규담|김무겸|김세이|김소이|김승현|김연준|김종수|문선우|문준우|민지호|박서준|박재인|박재혁|박재혁|손성호|송현승|송현준|신유찬|채성민|천호성|이보람|최정민|최종윤|이서은|이서준|최현서|이승원|이승재|이지호|이하음|이현하|임호경|조희도|전석찬|전아인|정현우|정미자|권오현|이도현|김건우|김민수,파도(제작사)|(주)영화사 진진(배급사)|파도(제공)|엠라인디스트리뷰션(주)(해외세일즈사)|(사)한국농아인협회(가치봄 제작처)|한국시각장애인연합회(가치봄 제작처),2020-MF00316(전체관람가),윤종원(투자)|최지영(사운드팀)|장정수(제작)|김진유(프로듀서)|조남현(라인프로듀서)|한지혜(제작팀)|한지혜(제작팀)|이보람(제작팀)|이난(제작팀)|이신우(제작팀)|김민지(데이타매니저)|김진유(시나리오(각본))|김민수(조감독)|서애린(조감독)|전국진(조감독)|서애린(조감독)|임솔빈(스크립터)|박종하(스토리보드)|김민지(현장편집)|서종욱(촬영)|곽소정(촬영팀)|유병용(촬영팀)|신대균(촬영팀)|홍승희(촬영팀)|정운천(촬영팀)|김동주(스테디캠)|박정희(조명)|박동윤(조명팀)|박동윤(조명팀)|신선화(미술/프로덕션 디자인)|유희경(미술팀)|박세영(미술팀)|유희경(미술팀)|김건우(동시녹음)|이도현(편집)|최용철(음악)|최만선(음악)|최진우(작사/작곡/편곡)|최진우(작사/작곡/편곡)|표용수(사운드)|표용수(사운드)|표용수(사운드믹싱)|김난숙(투자)|이상일(VFX 아티스트)|지연주(DI팀)|현상필(DI팀)|최진숙(DI팀)|최진숙(DI팀)|최인선(DI팀)|유영현(DI팀)|소지호(DI팀)|유영현(DI팀)|지연주(DI팀)|최인선(DI팀)|김예진(DI팀)|최진숙(DI팀)|소지호(DI팀)|장정수(DI팀)|현상필(DI팀)|최진숙(DI팀)|윤혜인(홍보/마케팅 진행)|이슬비(홍보/마케팅 진행)|장선영(홍보/마케팅 진행)|조윤서(온라인마케팅)|임세영(온라인마케팅)|이은정(온라인마케팅)|최진희(온라인마케팅)|이강희(온라인마케팅)|우세현(온라인마케팅)|이강희(온라인마케팅)|최진희(온라인마케팅)|이은정(온라인마케팅)|임세영(온라인마케팅)|김혜원(온라인마케팅)|우세현(온라인마케팅)|김보라(온라인마케팅)|조윤서(온라인마케팅)|김호진(온라인마케팅)|박남희(광고디자인)|박남희(광고디자인)|이연화(예고편)|이연화(예고편)|변상수(예고편)|주아람(배급진행)|표희선(배급진행)|손민경(배급진행)|성윤지(배급진행)|김명옥(배급진행)|김진웅(배급진행)|김재용(배급진행)|정태원(배급진행)|김난숙(배급진행)|고솔(기타)|조희경(기타)|최연서(기타)|오혜선(기타)
20246521,바다호랑이,Sea Tiger,,2025,20250625,105,개봉,장편,한국,드라마,정윤철,이지훈|손성호|김영택|김채원|길정석|박소윤|고경희|박민선|김귀선|우연서|홍정혜|이승훈|문성복|이성하|김동훈|조하석|조인|조마리|이기영|박호산|김중기|황재희|배보람|최수빈|권기대|김현민|신현실|윤지원|최규선|박문지|박지훈|진현광|전경화|손광수|이병철|손인찬|전선우|윤지영|차은수,(주)영화사 침(제작사)|(주)굿프로덕션(제작사)|영화로운 형제(배급사),2025-MF00837 (15세이상관람가),정윤철(제작)|윤순환(제작)|김경호(사운드팀)|문재홍(폴리)|노효진(폴리)|서지원(사운드효과)|김진주(대사)|전애린(대사)|한승희(대사)|공태원(사운드믹싱)|공태원(사운드디자이너)|신현필(음악)|정윤철(편집)|김진규(특수효과팀)|박철회(특수효과팀)|박대훈(특수효과)|김주영(분장)|김기남(동시녹음)|우연서(미술/프로덕션 디자인)|윤순환(시나리오(각본))|정윤철(시나리오(각본))|고경희(조감독)|김태완(촬영)|임준석(촬영)|정윤철(촬영)|박민선(미술/프로덕션 디자인)|오상은(온라인마케팅)|달시 파켓(기타)|박드보라(온라인마케팅)|방민호(온라인마케팅)|김태주(홍보/마케팅 진행)|강진권(홍보/마케팅 진행)|이주연(홍보/마케팅 진행)|손효정(홍보/마케팅 진행)|윤정주(홍보/마케팅 진행)|김진우(배급진행)|권태영(예고편)|김영숙(광고디자인)|배종우(광고디자인)|서유진(온라인마케팅)|남유경(온라인마케팅)|이현지(온라인마케팅)|노홍아(온라인마케팅)|이수진(온라인마케팅)
19548007,애천,Three coins in the fountain,,1954,,102,기타,,,,진 네글레스코,,,,
20228313,"오늘 밤, 세계에서 이 사랑이 사라진다 해도",Even If This Love Disappears from the World Tonight,今夜、世界からこの恋が消えても,2022,20221130,121,개봉,장편,일본,멜로/로맨스,미키 타카히로,미치에다 슌스케|후쿠모토 리코|후루카와 코토네|마츠모토 호노카,(주)바이포엠스튜디오(배급사)|홀리가든(배급사)|(주)미디어캐슬(수입사)|(주)바이포엠스튜디오(제공),2022-MF02625(12세이상관람가),
20247843,귤레귤레,Güle-Güle,,2024,20250611,108,개봉,장편,한국,드라마|멜로/로맨스,고봉수,이희준|서예화|신민재|정춘|김수진|박은영,주식회사 필름초이스(제작사)|㈜인디스토리(배급사)|㈜인디스토리(해외세일즈사),2025-MF00947 (15세이상관람가),김순천(제작)|최이슬(제작)|최우석(사운드효과)|신정목(사운드)|최이슬(프로듀서)|이주예(시나리오(각본))|고봉수(시나리오(각본))|이주예(조감독)|고봉수(촬영)|한정호(촬영)|김정기(동시녹음)|고봉수(편집)|고봉수(DI팀)|박은영(스틸)|최슬미(예고편)
20129690,검은 태양은 밝아온다,Band of Angels,,1957,,125,기타,장편,미국,멜로/로맨스|드라마,라울 월쉬,클라크 게이블|이본느 드 카를로|시드니 포이티어|에프렘 짐밸리스트 주니어,워너 브러더스 픽쳐스(제작사),,
20178522,콜 미 바이 유어 네임,Call Me by Your Name,,2017,20180322,131,개봉,장편,이탈리아|프랑스|브라질|미국,드라마|멜로/로맨스,루카 구아다니노,티모시 샬라메|아미 해머|마이클 스털버그|아미라 캐사|에스더 가렐,에무 시네마 앤 카페(배급사)|(주)디스테이션(배급사)|소니픽쳐스엔터테인먼트코리아주식회사극장배급지점(배급사)|에무 시네마 앤 카페(수입사)|(주)엔케이컨텐츠(수입사)|소니픽쳐스엔터테인먼트코리아주식회사극장배급지점(수입사),2018-MF00262(청소년관람불가),
20254349,브레이킹 아이스,The Breaking Ice,,2023,20250604,100,개봉,장편,중국|싱가포르,멜로/로맨스,안소니 첸,주동우|류호연|굴초소,(주)디스테이션(배급사)|찬란(수입사),2025-MF00999 (15세이상관람가),
20254526,승리의 시작,Act of Victory,,2025,20250619,86,개봉,장편,한국,다큐멘터리,권순도,신유환,퓨어웨이픽쳐스(제작사)|퓨어웨이픽쳐스(배급사),2025-MF01067 (12세이상관람가),
20249328,아버지와 기타,,,2024,,47,기타,장편,한국,드라마,,,,2024-MF03413 (12세이상관람가),
20230545,말없는 소녀,The Quiet Girl,An Cailín Ciúin,2021,20230531,95,개봉,장편,아일랜드,드라마,,,주식회사 슈아픽처스(배급사)|주식회사 슈아픽처스(수입사),2023-MF00757 (전체관람가),
20181103,벌새,House of Hummingbird,,2018,20190829,138,개봉,장편,한국,드라마,김보라,박지후|김새벽|정인기|이승연|박수연|손용범|박서윤|길해연|손상연|설혜인|김종구|형영선|송경아|백금옥|엄경희|정원자|한승목|류혁진|원다영|곽다은|오명은|권세빈|조시연|권귀빈|박윤희|박윤희|김미향|안민영|엄윤채|김상호|김소현|김수연|이종윤|최수빈|이선주|정혜영|최원경|정경섭|조혜빈|윤태희|이현주|이연우|김예지|이예림|김채윤|김지원|김정헌|이춘희|이유진|정윤서|최민서|안진현|임세연|손채연|임혜원|안예은|박수현,에피파니(주)(제작사)|(주)엣나인필름(배급사)|(주)콘텐츠판다(배급사)|(주)콘텐츠판다(제공)|(주)콘텐츠판다(해외세일즈사),2019-MF01528(15세이상관람가),김무연(투자)|김태원(투자)|차효은(투자)|김재민(투자)|이정화(투자)|김보라(제작)|조수아(제작)|조수아(프로듀서)|김보라(프로듀서)|윤익준(라인프로듀서)|박찬요(제작팀)|서보원(제작팀)|김채윤(제작팀)|윤나경(제작팀)|유경주(제작팀)|김기남(제작팀)|박영인(제작팀)|김보라(시나리오(각본))|홍지수(조감독)|김세인(연출팀)|황혜인(연출팀)|김혜령(연출팀)|홍동은(연출팀)|유수정(연출팀)|백소희(연출팀)|구세미(스크립터)|이정환(현장편집)|강국현(촬영)|김용현(촬영팀)|김해인(촬영팀)|최연수(촬영팀)|권종훈(촬영팀)|박병규(촬영팀)|김재홍(촬영팀)|김효성(조명)|신승훈(조명팀)|김근아(미술/프로덕션 디자인)|박세현(미술팀)|백희숙(미술팀)|정시우(미술팀)|김서후(미술팀)|박효성(미술팀)|김민수(세트)|김승진(동시녹음)|양희화(의상)|박성민(의상팀)|이영화(분장)|정미경(분장)|조수아(편집)|조수아(편집)|강민지(편집팀)|원창재(편집팀)|한명환(사운드)|정지영(사운드디자이너)|한명환(사운드믹싱)|한명환(대사)|박지혁(사운드효과)|남지은(사운드효과)|김성우(폴리)|김용국(폴리)|최예솔(폴리)|문재홍(폴리)|한명환(사운드팀)|최진호(VFX 슈퍼바이저)|박혜진(배급진행)|양지선(VFX 아티스트)|박효진(VFX 아티스트)|장정수(VFX 매니지먼트)|이항로(DI팀)|임동욱(DI팀)|임동욱(DI팀)|이승훈(DI팀)|이승훈(DI팀)|이나라(DI팀)|지연주(DI팀)|이현준(DI팀)|최인선(DI팀)|현상필(DI팀)|강혜지(DI팀)|유영현(DI팀)|송규호(DI팀)|손진우(DI팀)|소지호(DI팀)|박지민(DI팀)|이현준(DI팀)|정상진(홍보/마케팅 진행)|김지운(홍보/마케팅 진행)|고지수(홍보/마케팅 진행)|안연경(광고디자인)|박시영(광고디자인)|김승환(포스터사진)|권태영(예고편)|오설혜(배급진행)|콘텐츠 판다(배급진행)|이윤기(배급진행)|정세희(배급진행)|주희(배급진행)|조효진(배급진행)|정현목(배급진행)|정지선(배급진행)|이정하(배급진행)|윤자영(배급진행)|김서연(배급진행)|양예주(배급진행)|김미정(배급진행)|이근묘(VFX 아티스트)
19658081,미치광이 피에로,Pierrot Le Fou,,1965,20250604,110,개봉,장편,프랑스|이탈리아,드라마,장 뤽 고다르,장 폴 벨몽도|안나 카리나,엠엔엠인터내셔널(주)(배급사)|엠엔엠인터내셔널(주)(수입사),2025-MF01081 (15세이상관람가),
20236108,노 베어스,No Bears,,2022,20240110,106,개봉,장편,이란,드라마,자파르 파나히,,엠엔엠인터내셔널(주)(배급사)|엠엔엠인터내셔널(주)(수입사),2023-MF03009 (12세이상관람가),
20236314,천국은 없다,Paradise,,2024,20250625,95,개봉,장편,한국,액션|스릴러,손승웅,박정표|이호원|정민성|이권희|손빛나,브릿지 프로덕션(제작사)|청춘필름(공동제작사)|야간비행(공동제작사)|(주)디스테이션(배급사)|(주)삼백상회(배급사)|(주)엔케이컨텐츠(제공)|(주)영화사벌집(해외세일즈사),2024-MF02215 (청소년관람불가),손빛나(라인프로듀서)|정재윤(조감독)|이지아(연출팀)|박지현(대사)|이재원(DI팀)
20254684,어네스트와 셀레스틴: 멜로디 소동,Ernest & Celestine: A Trip to Gibberitia,,2022,20250611,80,개봉,장편,프랑스,애니메이션,,,(주)영화사 진진(배급사)|(주)하이스트레인저(배급사)|(주)영화사 진진(수입사),2025-MF01068 (전체관람가),
19810057,콰이강의 다리,The Bridge On The River Kwai,,1957,19621103,160,개봉,장편,미국,드라마|전쟁,데이빗 린,알렉 기네스|하야카와 세슈|잭 호킨스,콜럼비아 픽쳐스 코포레이션(제작사),(연소자관람가),
20114900,학이 난다,The Cranes Are Flying,Letyat Zhuravli,1957,,97,기타,장편,러시아,기타,,,,,
20236495,잔챙이,Small Fry,,2023,20250618,94,개봉,장편,한국,드라마,박중하,김호원|임채영|성환,봄베씨네(제작사)|에이치필름(제작사)|봄베씨네(배급사)|에이치필름(배급사),2024-MF00723 (12세이상관람가),박중하(제작)|김호원(제작)|김호원(프로듀서)|박중하(시나리오(각본))|박중하(편집)|박중하(촬영)|박중하(미술/프로덕션 디자인)|김호원(미술/프로덕션 디자인)
20236268,레슨,LESSON,,2023,20250625,95,개봉,장편,한국,멜로/로맨스|드라마,김경래,정승민|이유하|전한나|류유현|손준영,한국예술종합학교(제작사)|(주)모토(배급사)|엠라인디스트리뷰션(주)(해외세일즈사),2025-MF01397 (15세이상관람가),이승무(제작)|이태겸(프로듀서)|난디아(프로듀서)|정승민(시나리오(각본))|김경래(편집)|김진범(촬영)|정주현(조명팀)|김경래(시나리오(각본))
20231415,소풍,Picnic,,2024,20240207,113,개봉,장편,한국,드라마,김용균,나문희|김영옥|박근형|류승수|이항나|공상아|임지규|윤종연|최선자|이용이|한태일|곽자형|정혜자|나호숙|차희|신예서|엄주연|이주미|황효은|나은미|허종오|장재용|조형우|성병숙|곽나현|변창열,(주)로케트필름(제작사)|(주)콘텐츠파크엔터테인먼트(공동제작사)|청년필름(주)(공동제작사)|주식회사 에스크로드(공동제작사)|롯데컬처웍스(주)롯데엔터테인먼트(배급사)|롯데컬처웍스(주)롯데엔터테인먼트(제공)|(주)로케트필름(제공)|롯데컬처웍스(주)롯데엔터테인먼트(해외세일즈사)|(사)한국농아인협회(가치봄 제작처)|한국시각장애인연합회(가치봄 제작처),2024-MF00100 (12세이상관람가),구성모(편집팀)|정소리(음악)|정현수(음악)|정소리(음악진행)|정소리(작사/작곡/편곡)|정현수(작사/작곡/편곡)|김창섭(사운드)|김창섭(사운드믹싱)|최은아(대사)|이정호(사운드효과)|강은철(폴리)|김태하(폴리)|이승현(투자)|엄미라(투자)|김기백(투자)|김세형(투자)|박진호(투자)|서희원(투자)|박수빈(투자)|김찬수(투자)|김혜인(투자)|박은영(투자)|조성철(투자)|이경재(투자)|정승필(투자)|정승필(제작)|김조광수(제작)|김영진(제작)|심현우(프로듀서)|박주태(프로듀서)|이상현(프로듀서)|박은영(프로듀서)|민병철(제작팀)|하예은(제작팀)|손일성(제작팀)|하령(제작팀)|유기쁨(제작팀)|조현미(시나리오(각본))|김용균(각색)|김유나(조감독)|유원동(연출팀)|장진혁(연출팀)|정솔하(스크립터)|곽경호(촬영)|김희근(촬영팀)|정진웅(촬영팀)|유성훈(촬영팀)|조웅희(촬영팀)|임창욱(촬영팀)|조웅희(특수촬영)|이동환(촬영장비)|이석용(촬영장비)|장일지(조명)|정종훈(조명팀)|문성철(조명팀)|박성호(조명팀)|임성미(미술/프로덕션 디자인)|주윤지(미술팀)|권영진(미술팀)|이하정(소품팀)|김한열(소품팀)|이창희(소품팀)|이승재(소품팀)|윤순영(소품팀)|홍택현(동시녹음)|이자등(동시녹음팀)|박세희(의상)|최해림(의상팀)|곽현숙(의상팀)|윤성원(분장)|김예지(분장팀)|박소령(분장팀)|임왕섭(액션/스턴트팀)|김현범(편집)|권진희(편집팀)|팽현승(기획)|박진호(기획)|김두진(기획진행)|최준석(스턴트연기)|양안우(VFX 슈퍼바이저)|김병래(VFX 슈퍼바이저)|김도아(VFX 아티스트)|이유빈(VFX 아티스트)|박기쁨(VFX 아티스트)|김채연(VFX 아티스트)|정종길(DI팀)|최문희(DI팀)|김기문(DI팀)|손성주(DI팀)|정원석(DI팀)|이병희(DI팀)|유선우(DI팀)|김예원(DI팀)|이서익(DI팀)|오태연(DI팀)|박현진(DI팀)|강민주(DI팀)|윤석일(DI팀)|박진호(DI팀)|이주연(홍보/마케팅 진행)|김형섭(홍보/마케팅 진행)|김태주(홍보/마케팅 진행)|박기웅(홍보/마케팅 진행)|류혜진(홍보/마케팅 진행)|이신영(홍보/마케팅 진행)|양소영(홍보/마케팅 진행)|김유나(홍보/마케팅 진행)|김주연(홍보/마케팅 진행)|나소라(홍보/마케팅 진행)|김수진(홍보/마케팅 진행)|이한나(홍보/마케팅 진행)|최효원(온라인마케팅)|박선민(온라인마케팅)|서주희(온라인마케팅)|김경문(온라인마케팅)|탁민경(온라인마케팅)|김주은(온라인마케팅)|최지연(온라인마케팅)|황주연(온라인마케팅)|권나연(온라인마케팅)|강유신(온라인마케팅)|이송희(온라인마케팅)|함지혜(온라인마케팅)|이윤실(온라인마케팅)|이창민(온라인마케팅)|박인혜(광고디자인)|이서연(광고디자인)|이유희(광고디자인)|박재호(광고디자인)|장경선(스틸)|장성훈(메이킹필름)|구예준(메이킹필름)|김현범(예고편)|고승희(예고편)|조수연(예고편)|김해리(예고편)|서효경(예고편)|조재은(예고편)|김수빈(예고편)|곽수정(예고편)|김재원(광고대행)|신유빈(광고대행)|이슬기(광고대행)|김정민(광고대행)|이승현(광고대행)|최한아(배급진행)|안수현(배급진행)|오민영(배급진행)|김지성(배급진행)|김예빈(배급진행)|이수연(배급진행)|정고은(배급진행)|정구철(배급진행)|이해원(배급진행)|최수연(배급진행)|김나령(배급진행)|김수경(배급진행)|김종화(배급진행)|김도이(배급진행)|윤수윤(배급진행)|임건(배급진행)|김현철(배급진행)|강원숙(기타)|박수야(기타)|유현아(기타)|유진아(기타)|우해정(기타)|노재원(기타)|이현정(기타)|안성현(기타)|남지윤(기타)|신유나(기타)|황보미애(기타)
19790061,제3한강교,The Third Han-Gang Bridge,,1979,19791108,107,개봉,장편,한국,드라마|멜로/로맨스,김정현,이계인|혜은이|원미경|남궁원|최종원|김계희,남아진흥(주)(제작사)|(주)프리즘웍스(배급사),2021-MF03012 (15세이상관람가),윤삼육(시나리오(각본))|정필시(촬영)|김성찬(사운드)|손한수(조명)|조경호(아트디렉터)|길옥윤(음악)|최종원(촬영팀)
20244683,세하별,,,2025,20250625,100,개봉,장편,한국,가족|드라마,김우석,조관우|장윤서|이문식|안이서|박노식|이재용|윤복인|강성진|현우섭|김경룡|한태일|전진우|이다금,(주)도토리(제작사)|(주)트리플픽쳐스(배급사),2025-MF01231 (15세이상관람가),유은미(프로듀서)|송지연(프로듀서)|정성우(프로듀서)|김유진(프로듀서)|이보익(프로듀서)|정상수(프로듀서)|채승훈(각색)|장진혁(조감독)|윤서웅(연출팀)|기소연(연출팀)|최호빈(연출팀)|양황아(연출팀)|임지수(스크립터)|양진석(조명)|박양균2(아트디렉터)|육재윤(동시녹음)|서승현(편집)|이기준(사운드믹싱)|엄진(DI팀)
20242491,풀,Pull,,2024,20250618,89,개봉,장편,한국,다큐멘터리,이수정,,생의 한가운데(제작사)|미디어나무(주)(배급사),2024-MF03201 (청소년관람불가),이수정(제작)|이수정(프로듀서)|이수정(편집)|이수정(촬영)|이수정(시나리오(각본))
20254754,조용한 리더,The Quiet Diplomat,,2024,,64,기타,장편,미국,다큐멘터리,,,주식회사 씨엠닉스(배급사),2025-MF01318 (전체관람가),
19538016,지상에서 영원으로,From Here to Eternity,,1953,,118,기타,장편,미국,전쟁|드라마|멜로/로맨스,프레드 진네만,몽고메리 클리프트,콜럼비아 픽쳐스 코포레이션(제작사)|한국예술영화(수입사),,
20244964,후레루.,FURERU,,2024,20250625,106,개봉,장편,일본,애니메이션,오카다 마리,나가세 렌|반도 료타|마에다 켄타로,(주)미디어캐슬(배급사)|(주)미디어캐슬(수입사)|(주)팬엔터테인먼트(제공),2025-MF01179 (12세이상관람가),타나카 마사요시(애니메이션팀)
20101278,그을린 사랑,Incendies,,2010,20110721,130,개봉,장편,캐나다,드라마,드니 빌뇌브,루브나 아자발,(주)티캐스트(배급사)|(주)티캐스트(수입사),(청소년관람불가),
19918257,네이키드 런치,Naked Lunch,,1991,20250625,115,개봉,장편,캐나다|영국,드라마|미스터리,데이비드 크로넨버그,피터 웰러|주디 데이비스,(주)엣나인필름(배급사)|(주)엣나인필름(수입사),2025-MF00529 (청소년관람불가),
20236343,된장이,Ginseng Boy,,2023,20250702,95,개봉,장편,한국,코미디|드라마,조한별,강지영|이주원|유순웅|신민재|임윤비|나호숙|이문식|박상면|이천희|김준원|류재한|김나린|이석우,한국영화아카데미(제작사)|(주)영화특별시에스엠씨(배급사)|주식회사 케이티스튜디오지니(해외세일즈사),2025-MF01435 (12세이상관람가),조근식(제작)|이강규(프로듀서)|박종영(라인프로듀서)|장현우(제작팀)|김경수(제작회계)|김나린(제작회계)|이옥토(제작관리)|최선중(제작관리)|노동석(제작관리)|박헌수(제작관리)|부지영(제작관리)|강이관(제작관리)|성지혜(제작관리)|최주영(제작관리)|나경찬(제작관리)|윤상오(제작관리)|임찬상(제작관리)|조우연(데이타매니저)|조한별(시나리오(각본))|윤홍배(조감독)|신승균(연출팀)|조한빛(연출팀)|전소연(스크립터)|박미재(스토리보드)|최해철(현장편집)|김선형(촬영)|송의성(카메라오퍼레이터)|박병춘(촬영팀)|이태돈(촬영팀)|박찬희(촬영팀)|노영수(조명)|남기훈(조명팀)|강현우(조명팀)|박완순(조명팀)|전인찬(조명팀)|박지윤(조명팀)|탁민(발전차)|노영수(조명장비)|고낙선(조명장비)|이아영(미술/프로덕션 디자인)|김민균(미술팀)|조광현(미술팀)|하남규(동시녹음)|권민령(붐오퍼레이터)|이정은(의상)|소은정(의상팀)|왕민(분장)|김효윤(분장팀)|왕민(헤어)|최재옥(액션/스턴트)|조한별(편집)|정진희(편집)|정진형(편집팀)|박준철(음악)|정중엽(음악)|홍성준(사운드)|박초롱(사운드디자이너)|박효경(대사)|김용국(폴리)|정진영(사운드팀)|송승환(시각효과)|서민지(배급진행)|김애니(DI팀)|김소윤(DI팀)|김준영(DI팀)|우찬양(DI팀)|조윤서(홍보/마케팅 진행)|박한진(온라인마케팅)|최진희(온라인마케팅)|정수연(온라인마케팅)|김지은(온라인마케팅)|조아현(온라인마케팅)|권나경(온라인마케팅)|임성윤(온라인마케팅)|김규민(온라인마케팅)|김호진(온라인마케팅)|박재련(예고편)|김현정(예고편)|성주현(배급진행)|정해민(배급진행)|이수련(배급진행)|박여주2(배급진행)|조은진(배급진행)|김혜미(배급진행)|정민화(배급진행)|김민호(배급진행)|지준수(배급진행)|오기제(배급진행)|정근욱(배급진행)|김혜지(배급진행)|연인서(배급진행)|정난미(배급진행)|윤정한(배급진행)|윤소민(배급진행)|김희영(배급진행)|곽서연(배급진행)|정상혁(DI팀)
20255227,우리들의 교복시절,The Uniform,,2024,20250711,109,개봉,장편,대만,드라마|멜로/로맨스,촹칭션,진연비|항첩여|구이태,주식회사 로아앤코홀딩스(배급사)|에무 시네마 앤 카페(배급사)|에무 시네마 앤 카페(수입사),2025-MF01281 (전체관람가),
20244562,봄밤,Spring Night,,2024,20250709,66,개봉,장편,한국,드라마,강미자,한예리|김설진|김선재|정명원|김승환|오다민,월원영화사(제작사)|(주)시네마달(배급사)|(주)시네마달(해외세일즈사),2025-MF01293 (15세이상관람가),강미자(제작)|홍인표(프로듀서)|전소영(사운드)|이지상(프로듀서)|강미자(시나리오(각본))|이지상(시나리오(각본))|서태범(조감독)|박시하(연출팀)|서태범(촬영)|이지상(촬영)|서태범(조명)|강미자(편집)|윤지인(광고디자인)|김호연(광고디자인)
20129490,산,The Mountain,,1956,,105,기타,장편,미국,드라마,에드워드 디미트릭,스펜서 트레이시|로버트 와그너|클레어 트레버,파라마운트 픽쳐스(제작사)|불이무역(주)(수입사),,
20236814,여름이 지나가면,When This Summer is Over,,2024,20250709,114,개봉,장편,한국,드라마,장병기,이재준|최현진|최우록|고서희|강길우|이현균|이미정|손호석|김준서|최형주|이영서|송영하|이병기|채치웅,㈜스튜디오 하이파이브(제작사)|(주)엣나인필름(배급사),2025-MF01458(15세이상관람가),백민정(제작팀)|이호철(데이타매니저)|박선혜(제작)|하남규(사운드믹싱)|최현숙(편집)|김현정(분장)|김현정(의상)|하남규(동시녹음)|손기경(미술팀)|이송이(미술팀)|하선엽(미술팀)|최임(미술/프로덕션 디자인)|오태양(조명팀)|황영빈(조명팀)|강어진(조명팀)|추경엽(조명)|양상훈(촬영장비)|윤여준(촬영팀)|정주은(촬영팀)|추경엽(촬영)|장병기(스토리보드)|김다은(스크립터)|장주선(조감독)|장병기(시나리오(각본))|전상진(데이타매니저)|박재성(프로듀서)|김도훈(배급진행)|서영주(배급진행)|정지현(배급진행)|김윤정(배급진행)|박다명(배급진행)|김지담(배급진행)|신아라(배급진행)|이주화(배급진행)|윤현지(배급진행)|정상진(배급진행)|주희(배급진행)|권태영(예고편)|홍상원(스틸)|장승민(광고디자인)|최진희(온라인마케팅)|박한진(온라인마케팅)|김호진(온라인마케팅)|조윤서(온라인마케팅)|김규민(온라인마케팅)|임성윤(온라인마케팅)|권나경(온라인마케팅)|조아현(온라인마케팅)|김지은(온라인마케팅)|정수연(온라인마케팅)|이소흔(홍보/마케팅 진행)|박혜진(홍보/마케팅 진행)|전민경(홍보/마케팅 진행)|정상진(홍보/마케팅 진행)|조응주(기타)|김정호(DI팀)|주희(홍보/마케팅 진행)
20255281,구마수녀 - 들러붙었구나,INCARNATION,,2025,20250717,110,개봉,장편,한국,공포(호러),노홍진,스테파니 리|이신성|김태연|김미숙,영화사 고혹(제작사)|주식회사 표범영화사(공동제작사)|(주)조이엔시네마(공동제작사)|(주)제이앤씨미디어그룹(배급사)|와이드 릴리즈(주)(배급사)|(주)제이앤씨미디어그룹(제공),2025-MF01514 (15세이상관람가),옥진곤(프로듀서)|정명수(제작팀)|정재훈(연출팀)|황혁순(배급진행)
20108723,유리씨즈,Ulisses,Ulysses,1954,19751227,117,개봉,장편,이탈리아,사극|액션|어드벤처|판타지,마리오 카메리니,실바나 망가노|커크 더글라스|앤소니 퀸,우성사(수입사),(),
20255501,발코니의 여자들,THE BALCONETTES,Les femmes au balcon,2024,20250709,103,개봉,장편,프랑스,코미디|범죄,노에미 멜랑,노에미 멜랑|수헤일라 야쿠브|산다 코드레아누,그린나래미디어(주)(배급사)|(주)엠디에스스피어(배급사)|그린나래미디어(주)(수입사)|(주)엠디에스스피어(제공),2025-MF01505 (청소년관람불가),셀린 시아마(시나리오(각본))|노에미 멜랑(시나리오(각본))
20210707,K스쿨,K-School,,2022,20240221,120,개봉,장편,한국,드라마|뮤지컬,박미경,남다원|양예나|정세민|전민기|구슬이|김소현|강세희|박도연|김도현|권혁준|나경민|권혜영|이영준,주식회사 강컨텐츠(제작사)|주식회사 강컨텐츠(배급사),2022-MF03373(전체관람가),강지훈(제작)|박미경(제작)|이영진(사운드)|김우정(작사/작곡/편곡)|권세창(프로듀서)|박미경(프로듀서)|이융(데이타매니저)|박미경(시나리오(각본))|박미경(각색)|우가현(조감독)|권이진(스크립터)|김윤형(촬영)|이덕렬(촬영팀)|김태영(촬영팀)|김진경(그립)|오형갑(조명)|신지혜(소품팀)|이정수(분장)|고길수(편집)|정윤호(편집)|진교준(음악)|진교준(작사/작곡/편곡)|이나래(광고디자인)|백승주(기타)|박철중(기타)
19558011,에덴의 동쪽,East Of Eden,,1955,19730222,115,개봉,장편,미국,드라마,엘리아 카잔,줄리 해리스|제임스 딘,워너 브러더스 픽쳐스(제작사)|화천(수입사),(),
20180109,이사,Moving,お引越し,1993,20250723,124,개봉,장편,일본,드라마,소마이 신지,타바타 토모코|나카이 키이치,(주)에이유앤씨(배급사)|찬란(수입사),2024-MF03403 (12세이상관람가),
20040683,스왈로우테일 버터플라이,Swallowtail Butterfly,Swallowtail Butterfly,1996,20050623,147,개봉,장편,일본,드라마,이와이 슌지,미카미 히로시|차라|이토 아유미,록웰아이즈 (ロックウェルアイズ)(제작사)|(주)디오시네마(배급사)|(주)튜브엔터테인먼트(배급사)|(주)디오시네마(수입사)|(주)튜브엔터테인먼트(수입사),2004-F123(18세관람가),이와이 슌지(시나리오(각본))|이와이 슌지(편집)
20249170,일과 날,Works and Days,,2024,20250716,83,개봉,장편,한국,다큐멘터리,안건형|박민수,,비우무비(제작사)|스튜디오 에이드(배급사),2025-MF01627 (전체관람가),조아현(온라인마케팅)|권나경(온라인마케팅)|임성윤(온라인마케팅)|김규민(온라인마케팅)|안수현(배급진행)|김호진(온라인마케팅)|이한글(광고디자인)|신미경(광고디자인)|박한진(광고디자인)|최진희(광고디자인)|이진우(예고편)|조영수(예고편)|김희연(배급진행)|김지은(온라인마케팅)|정수연(온라인마케팅)|조윤서(온라인마케팅)
20253248,씨그널: 바다의 마지막 신호,SEAGNAL,,2025,20250716,89,개봉,장편,한국,다큐멘터리,이지윤|박정례,,(주)보더레스랩(제작사)|주식회사 망그로브(제작사)|(주)보더레스랩(배급사)|(주)스튜디오디에이치엘(배급사)|(주)보더레스랩(제공),2025-MF00625 (전체관람가),이승윤(투자)|송인혜(사운드효과)|이승윤(제작)|이승윤(프로듀서)|이재혁(프로듀서)|이신아(제작팀)|구태훈(데이타매니저)|김재은(조감독)|엄하나(연출팀)|김가희(연출팀)|육시은(연출팀)|전홍준(연출팀)|박 로드리고 세희(촬영)|김경수(촬영팀)|이지홍(촬영팀)|정재익(촬영팀)|김창현(촬영팀)|김훈석(촬영팀)|정빛나(특수촬영)|신용수(특수촬영)|박수연(미술/프로덕션 디자인)|신우정(미술/프로덕션 디자인)|박성수(동시녹음팀)|박정례(편집)|최현숙(편집)|구윤주(편집)|김재은(편집팀)|정의경(편집팀)|이기준(음악)|송인혜(음악진행)|송인혜(작사/작곡/편곡)|이기준(작사/작곡/편곡)|이기준(사운드)|이기준(사운드믹싱)|이기준(대사)|신용수(제작)|김재호(시각효과)|이완구(시각효과)|신영섭(DI팀)|곽선구(DI팀)|김지연(DI팀)|강경원(DI팀)|노혜리(DI팀)|이승훈(DI팀)|조신영(DI팀)|조희대(DI팀)|남희진(홍보/마케팅 진행)|구경성(홍보/마케팅 진행)|승문보(홍보/마케팅 진행)|박한진(온라인마케팅)|최진희(온라인마케팅)|정수연(온라인마케팅)|김지은(온라인마케팅)|조아현(온라인마케팅)|권나경(온라인마케팅)|임성윤(온라인마케팅)|김규민(온라인마케팅)|조윤서(온라인마케팅)|김호진(온라인마케팅)|배종우(광고디자인)|김영숙(광고디자인)|주미선(예고편)|김동철(예고편)|김선애(배급진행)|이주현(배급진행)|이성우(배급진행)|백종희(기타)|김정욱(기타)|김종주(기타)|주재경(기타)|정의경(기타)|이지홍(기타)|이태리(기타)|박수연(기타)|정미경(기타)|안다의(기타)|안다의(기타)|정미경(기타)|정미경(기타)|박진희(기타)|양재은(기타)|전하연(기타)
20245522,미세리코르디아,Miséricorde,,2024,20250716,103,개봉,장편,프랑스|스페인|포르투갈,드라마,알랭 기로디,펠릭스 키실|까뜨린느 프로|자크 드블레|장 밥티스트 뒤랑,엠엔엠인터내셔널(주)(배급사)|엠엔엠인터내셔널(주)(수입사),2025-MF01434 (청소년관람불가),
20184574,그린 북,Green Book,,2018,20190109,130,개봉,장편,미국,드라마,피터 패럴리,비고 모텐슨|마허샬라 알리,CGV아트하우스(배급사)|(주)씨제이이엔엠(수입사),2018-MF02280(12세이상관람가),
20249669,꿈꾸는 사진관,Dream Studio in Madagascar,,2024,20250716,90,개봉,장편,한국,드라마,정초신,신미식,신희재 프로덕션(제작사)|시네마 뉴원(배급사),2024-MF03454 (전체관람가),김선휘(제작)|김선휘(시나리오(각본))
20249464,우리 둘 사이에,Between the two of us,,2024,20250730,98,개봉,장편,한국,드라마,성지혜,김시은|설정환|오지후|강말금|안영진,(주)영화사진(제작사)|㈜인디스토리(배급사)|㈜인디스토리(해외세일즈사)|(사)한국농아인협회(가치봄 제작처)|한국시각장애인연합회(가치봄 제작처),2025-MF01708 (12세이상관람가),안영진(제작)|도영찬(프로듀서)|심규훈(제작팀)|성지혜(시나리오(각본))|안영진(각색)|엄기은(연출팀)|선수지(편집)|이수미(홍보/마케팅 진행)
20101409,애수,Waterloo Bridge,,1940,,103,기타,장편,미국,드라마|전쟁|멜로/로맨스,머빈 르로이,비비안 리|로버트 테일러,,,
20186343,스탑 메이킹 센스,Stop Making Sense,,1984,20250813,88,개봉,장편,미국,다큐멘터리,조나단 드미,,주식회사 올랄라스토리(배급사)|찬란(수입사)|(주)에이유앤씨(수입사),2025-MF01674 (12세이상관람가),
20248493,몬스터 프렌즈,Hanna and the Monsters,,2023,20240425,75,개봉,장편,스페인,애니메이션,,,(주)박수엔터테인먼트(배급사)|(주)박수엔터테인먼트(수입사),2024-MF00593 (전체관람가),
19638041,8과 1/2,Eight and a Half,,1963,20250723,139,개봉,장편,이탈리아,드라마,페데리코 펠리니,마르첼로 마스트로얀니|클라우디아 카르디날레,일미디어(배급사)|일미디어(수입사),2025-MF01675 (15세이상관람가),
20100176,허트 로커,The Hurt Locker,The Hurt Locker,2008,20100422,130,개봉,장편,미국,전쟁|액션,캐서린 비글로우,제레미 레너|안소니 마키|가이 피어스|랄프 파인즈|브라이언 게라그티|크리스찬 카마고,(주)까멜리아이엔티(배급사)|(주)스마일이엔티(배급사)|(주)넥스트엔터테인먼트월드(NEW)(배급사)|주식회사 풍경소리(수입사)|(주)스마일이엔티(수입사)|(주)케이앤엔터테인먼트(수입사),2010-F138(15세이상관람가),
20244539,수연의 선율,Waterdrop,,2024,20250806,107,개봉,장편,한국,가족|미스터리|스릴러,최종룡,김보민|최이랑|김현정|진대연|권수은|장재희|최승원|이지영|박일용|옥채훈|이지민|천정락|나호숙|김가인|유수경|강선애|김효선|김팔순|황인순|임진현|성용훈|정예성|신현옥,탄탄픽쳐스(제작사)|(주)싸이더스(배급사),2025-MF01528 (12세이상관람가),최종룡(제작)|이정호(제작)|정진영(사운드팀)|박효경(대사)|박초롱(사운드디자이너)|홍성준(사운드)|원태웅(편집)|최지연(의상)|함철훈(동시녹음)|전예성(미술/프로덕션 디자인)|이석용(촬영장비)|정훈(그립)|강종수(촬영)|성지혜(촬영)|노아영(촬영)|강기훈(촬영)|이충선(스크립터)|이소람(연출팀)|정수연(조감독)|최종룡(시나리오(각본))|임진현(프로듀서)|성용훈(제작팀)|권준형(제작팀)|박재호(광고디자인)|김희욱(기타)|박인혜(광고디자인)|구태희(광고디자인)|박선희(온라인마케팅)|노현서(온라인마케팅)|홍지율(온라인마케팅)|윤소정(온라인마케팅)|정현지(온라인마케팅)|지은혜(온라인마케팅)|조은영(홍보/마케팅 진행)|김지향(홍보/마케팅 진행)|박지오(홍보/마케팅 진행)|김영아(홍보/마케팅 진행)|김정호(DI팀)|김영호(DI팀)|홍영근(배급진행)|김도원(배급진행)|권태영(예고편)|이유희(광고디자인)
19770111,나바론 요새,The Guns Of Navarone,,1961,19740720,158,개봉,장편,미국|영국,드라마|액션|어드벤처|전쟁,J. 리 톰슨,그레고리 펙|앤소니 퀸|데이빗 니븐,콜럼비아 픽쳐스 코포레이션(제작사)|우성사(수입사),(12세이상관람가),
20163352,300 스파르탄,The 300 Spartans,,1962,,109,기타,장편,미국,전쟁|드라마,루돌프 마테,리차드 에건|랄프 리차드슨,,,
20129036,로즈마리,Rose Marie,,1954,,104,기타,장편,미국,코미디|뮤지컬,머빈 르로이,,메트로-골드윈-마이어(제작사)|(주)서울필름(수입사),(),
20021031,남색대문,Blue Gate Crossing,藍色大門,2002,20210818,83,개봉,장편,대만,드라마|멜로/로맨스,이치엔,계륜미|진백림|양우림,오드(배급사)|오드(수입사),2020-MF02613 (12세이상관람가),
20253791,엣 더 벤치,At the Bench,,2024,20250730,86,개봉,장편,일본,드라마,오쿠야마 요시유키,히로세 스즈|나카노 타이가|이마다 미오|모리 나나|키시이 유키노|오카야마 아마네|아라카와 요시요시|쿠사나기 츠요시|요시오카 리호|카미키 류노스케,와이드 릴리즈(주)(배급사)|(주)도키엔터테인먼트(수입사),2025-MF00576 (전체관람가),
20255559,반 고흐. 밀밭과 구름 낀 하늘,Van Gogh Of Wheat Fields and Clouded Skies,,2018,20250730,89,개봉,장편,이탈리아,다큐멘터리,,,일미디어(배급사)|일미디어(수입사),2025-MF01443(전체관람가),
20256001,추적,White Elephant in the River,,2025,20250806,98,개봉,장편,한국,다큐멘터리,최승호,,뉴스타파 필름(제작사)|(주)엣나인필름(배급사),2025-MF01831 (12세이상관람가),
20256332,첫여름,FIRST SUMMER,,2025,,31,기타,단편,한국,드라마,허가영,허진|정인기,한국영화아카데미(제작사)|한국영화아카데미(배급사),2025-MF01749(15세이상관람가),임지윤(프로듀서)|서다민(폴리)
20129477,공포의 보수,The Wages Of Fear,Le Salaire De La Peur,1953,,141,기타,장편,프랑스|이탈리아,어드벤처|드라마|스릴러,앙리 조르주 클루조,이브 몽땅|샤를 바넬|피터 반 에이크,남성(수입사),,
20248866,비밀의 화원,A Bee and a Silkworm,,2024,20250723,95,개봉,장편,한국,드라마,김성환,박정학|최나린|한소현|백진욱|민채연|변동욱|고서희|유채연|서대원,㈜스튜디오 하이파이브(제작사)|미디어나무(주)(공동제작사)|미디어나무(주)(배급사),2024-MF01475 (12세이상관람가),박선혜(제작)|김선일(프로듀서)|최혜리(사운드)|이호석(음악)|손연지(편집)|차하늘(분장팀)|김현정(분장)|김민범(제작팀)|김범섭(제작팀)|서경배(제작팀)|오신혜(데이타매니저)|정재풍(데이타매니저)|박진성(데이타매니저)|이임걸(원작)|이현석(조감독)|박종혁(조감독)|윤경태(연출팀)|이효림(스크립터)|민성원(촬영)|한수영(촬영팀)|이은석(촬영팀)|이창석(촬영팀)|한수인(촬영팀)|한승희(촬영팀)|이정수(촬영팀)|김성환(촬영팀)|이효재(촬영팀)|최경민(조명)|양시훈(조명팀)|박지현(조명팀)|석기호(조명팀)|송형근(발전차)|김태우(미술팀)|곽기남(동시녹음)|이경석(붐오퍼레이터)|김현정(의상)|차하늘(의상팀)|장현진(캐스팅)|김규리(캐스팅)|박준호(기획)|이임걸(기획)|장덕진(캐스팅)|문용성(매니지먼트)
20070122,혐오스런 마츠코의 일생,Memories Of Matsuko,嫌われ松子の一生,2006,20070412,129,개봉,장편,일본,코미디|드라마|뮤지컬|미스터리,나카시마 테츠야,나카타니 미키|에이타,(주)디스테이션(배급사)|스폰지(배급사)|(주)엔케이컨텐츠(수입사)|스폰지(수입사),2007-F113(15세이상관람가),
20180110,여름정원,The Friends,夏の庭－The Friends,1994,20250806,113,개봉,장편,일본,드라마,소마이 신지,미쿠니 렌타로|사카타 나오키|오 타이키|마키노 겐이치,(주)에이유앤씨(배급사)|찬란(수입사),2025-MF01543 (12세이상관람가),
20256307,"나의 아픈, 사랑이야기",Lovesick,,2025,20250813,110,개봉,장편,대만,멜로/로맨스,,,(주)픽처하우스(배급사)|영화로운 형제(배급사)|(주)픽처하우스(수입사),2025-MF01972 (12세이상관람가),김지환(배급진행)
20136926,프란시스 하,Frances Ha,,2012,20140717,85,개봉,장편,미국,코미디|멜로/로맨스,노아 바움백,그레타 거윅|믹키 섬너|그레이스 검머|아담 드라이버,그린나래미디어(주)(배급사)|그린나래미디어(주)(수입사),2014-MF00624 (15세이상관람가),
20144729,자랑과 정열,The Pride and the Passion,,1957,,132,기타,장편,미국,액션|드라마|어드벤처,스탠리 크래이머,캐리 그랜트|프랭크 시내트라,,,
20234933,검은 령,Rhapsody for the dead,,2025,20250827,79,개봉,장편,한국,공포(호러),김현준,아누팜 트리파티|임도화|송승현|김병춘|서동원|김혜나|곽수진|윤준원,(주)날개엔터테인먼트(제작사)|(주)제이앤씨미디어그룹(배급사)|와이드 릴리즈(주)(배급사)|(주)제이앤씨미디어그룹(제공),2025-MF01924 (15세이상관람가),김웅진(조감독)|이원희(프로듀서)|김철영(프로듀서)|오승현(제작)|김현준(시나리오(각본))|오승현(홍보/마케팅 진행)|오승현(기획)
19750028,불꽃,Flame,,1975,19751215,95,개봉,장편,한국,드라마,유현목,하명중|김진규,남아진흥(제작사)|(주)프리즘웍스(배급사),(12세이상관람가)|2025-MF01658 (12세이상관람가),
19548009,7인의 신부,Seven Brides For Seven Brothers,,1954,19721224,103,개봉,장편,미국,뮤지컬|코미디,스탠리 도넌,제인 포웰|제프 리차드스|하워드 킬,메트로-골드윈-마이어(제작사)|(주)동아수출공사(수입사),(),
20256101,마지막 숙제,,,2025,20250903,108,개봉,장편,한국,드라마,이정철,엄태웅|박상면|이재준|최이나|윤현숙|정선우|이성종|전수경,(주)스튜디오킬러웨일(제작사)|(주)코끼리이엔티(공동제작사)|(주)에스더블유콘텐츠(공동제작사)|(주)이놀미디어(배급사)|(주)스튜디오킬러웨일(배급사)|(주)에스더블유콘텐츠(배급사)|(주)스튜디오킬러웨일(제공)|(주)에스더블유콘텐츠(제공)|(주)이놀미디어(해외세일즈사),2025-MF01904 (12세이상관람가),장규성(제작)|이민호(제작)|왕부요(제작팀)|최석환(시나리오(각본))|맹재영(각색)|정권영(각색)|이정민(촬영)|맹재영(조감독)|나여진(홍보/마케팅 진행)|오수빈(홍보/마케팅 진행)
20256361,프라우드 프린세스: 로열 어드벤처,The Proud Princess,,2024,20250815,84,개봉,장편,체코,애니메이션|드라마,,,(주)스튜디오디에이치엘(배급사)|(주)스튜디오디에이치엘(수입사),2025-MF01888 (전체관람가),
20180106,태풍 클럽,Typhoon Club,台風クラブ,1985,20240626,114,개봉,장편,일본,기타,소마이 신지,,엠엔엠인터내셔널(주)(배급사)|엠엔엠인터내셔널(주)(수입사),2024-MF01321 (15세이상관람가),
20256002,아임 스틸 히어,I’m Still Here,Ainda Estou Aqui,2024,20250820,137,개봉,장편,브라질,드라마,월터 살레스,페르난다 토레스|셀튼 멜로|페르난다 몬테네그로,(주)영화사 안다미로(배급사)|(주)영화사 안다미로(수입사),2025-MF01887 (15세이상관람가),
20255538,내 말 좀 들어줘,Hard Truths,,2024,20250820,97,개봉,장편,영국,드라마,마이크 리,마리안 장 밥티스트,(주)티캐스트(배급사)|(주)티캐스트(수입사),2025-MF01412 (12세이상관람가),마이크 리(시나리오(각본))
19588005,남태평양,South Pacific,,1958,19710807,151,개봉,장편,미국,멜로/로맨스|뮤지컬|전쟁,조슈아 로건,밋지 게이너|로자노 브레지|밋지 게이너|로자노 브레지,이십세기폭스필름코퍼레이션(제작사)|세기(수입사),(15세이상관람가),
20256382,제프 맥페트리지: 드로잉 라이프,Geoff McFetridge: Drawing a Life,,2023,20250813,80,개봉,장편,미국,다큐멘터리,댄 코버트,제프 맥페트리지|스파이크 존즈|소피아 코폴라,(주)영화사 진진(배급사)|(주)영화사 진진(수입사),2025-MF01959 (전체관람가),
20100457,지리멸렬,Incoherence,,1994,,30,기타,단편,한국,코미디,봉준호,유연수|윤일주|김뢰하|신동환,한국영화아카데미(제작사)|㈜인디스토리(배급사),2022-MF01247(12세이상관람가),안혜숙(음악)
20234833,비밀일 수밖에,Homeward Bound,,2024,20250910,113,개봉,장편,한국,드라마|코미디,김대환,장영남|류경수|스테파니 리|옥지영|박지일|박지아,(주)에이디사공육(제작사)|주식회사 슈아픽처스(제작사)|주식회사 슈아픽처스(배급사)|(주)에이디사공육(배급사),2025-MF02101 (12세이상관람가),김대환(시나리오(각본))|신지훈(연출팀)|김수욱(DI팀)|황혁순(배급진행)
20257037,가족의 비밀,Family Secrets,,2025,20250910,104,개봉,장편,한국,드라마|코미디,이상훈,김혜은|김법래|김보윤|김현재|윤기원|박현우|김이온|김형묵|최홍일|안신우|장명갑|김홍표|이윤권|최원준|권훈|김나은|김신영|이서연|박관우|김진혁|최준식|김태엽|오승호|박정현|서민주|오연희|김정인|손상경|한다희|고나영|오채영|류자영|오영준|박선우|이도하|이재민|이재원|양원석|김정훈|이장현|이상민|김은정|권순상|허진석,(주)오예스(제작사)|(주)스튜디오디에이치엘(배급사),2025-MF02002 (12세이상관람가),이현택(투자)|박상민(제작)|이유진(제작)|장석원(프로듀서)|염동복(프로듀서)|최원준(제작팀)|나윤정(제작회계)|박정현(데이타매니저)|이상훈(시나리오(각본))|강현석(조감독)|박지후(연출팀)|서민주(연출팀)|허진석(연출팀)|김수경(스크립터)|양균상(촬영)|김선호(촬영팀)|박태윤(촬영팀)|황인혁(촬영팀)|유종철(촬영팀)|김민수(촬영팀)|이소민(특수촬영)|이준일(조명)|김태경(조명팀)|양치환(조명팀)|박서아(조명팀)|김승진(동시녹음)|임정우(붐오퍼레이터)|이민희(의상)|이다연(의상팀)|유선화(의상팀)|이영진(분장)|최해리(분장팀)|김태엽(액션/스턴트)|오승호(액션/스턴트팀)|최현숙(편집)|김혜은(음악)|조윤빈(음악)|오한중(음악)|이화익(음악)|서미미(음악)|이기준(음악)|전성혁(음악 믹싱/레코딩)|이기준(사운드)|이기준(사운드믹싱)|송인혜(사운드믹싱)|송인혜(대사)|송인혜(사운드효과)|이상화(폴리)|허유라(사운드팀)|김민수(VFX 아티스트)|한승표(기타)|방준성(VFX 매니지먼트)|이윤지(DI팀)|엄진(DI팀)|성채영(홍보/마케팅 진행)|남희진(홍보/마케팅 진행)|구경성(홍보/마케팅 진행)|승문보(홍보/마케팅 진행)|박한진(온라인마케팅)|최진희(온라인마케팅)|정수연(온라인마케팅)|김지은(온라인마케팅)|조아현(온라인마케팅)|권나경(온라인마케팅)|임성윤(온라인마케팅)|김규민(온라인마케팅)|조윤서(온라인마케팅)|김호진(온라인마케팅)|배종우(광고디자인)|김영숙(광고디자인)|김민수(스틸)|주미선(예고편)|김동철(예고편)|김선애(배급진행)|이주현(배급진행)|이성우(배급진행)|차지혜(기타)|이다영(기타)|엄진(VFX 아티스트)
19398015,폭풍의 언덕,Wuthering Heights,,1939,,103,기타,장편,미국,드라마,윌리엄 와일러,로렌스 올리비에|메를 오베론,,,
20256605,신입기자 토롯코,"Rookie Reporter Troko: If I don't do it, who will?",新米記者トロッ子　私がやらねば誰がやる！,2024,20250903,99,개봉,장편,일본,드라마|코미디,코바야시 케이이치,타카이시 아카리,TCO(주)더콘텐츠온(배급사)|(주)블루라벨픽쳐스(수입사),2025-MF02089 (전체관람가),
20090179,분노의 포도,The Grapes Of Wrath,,1940,,128,기타,장편,미국,드라마,존 포드,헨리 폰다|제인 다웰|존 캐러딘,,(),
20253369,송송송 가족여행 : 전기차 지구횡단,3 Gen. Journey,,2025,20250910,92,개봉,장편,한국,다큐멘터리|어드벤처|가족,송진욱,송다니엘|송하진|송주동,어쩌다 필름(제작사)|어쩌다 필름(배급사),2025-MF00812 (전체관람가),송진욱(제작)|이예지(제작관리)|구혁모(사운드)|이한솔(음악 믹싱/레코딩)|임민주(음악)|함현경(편집)|김원진(촬영)|최효일(촬영)|이복순(촬영)|송주동(촬영)|송진욱(촬영)|유성민(DI팀)|여진구(VFX 슈퍼바이저)|이정이(배급진행)|이은하(홍보/마케팅 진행)|김요셉(DI팀)|김민재(DI팀)|정동호(배급진행)
20175206,엄마없는 하늘아래,Under the sky without my mom,,2017,20250911,126,개봉,장편,한국,가족|드라마,한명구,오상철|서리나|김재근|오대천,시네마 뉴원(배급사),2017-MF00204(12세이상관람가),오상철(제작)|오대천(동시녹음)|장영만(제작팀)
20136968,제인 에어,Jane Eyre,,1944,,98,기타,장편,미국,드라마,로버트 스티븐슨,오손 웰즈|조안 폰테인,,,
19650001,닥터 지바고,Doctor Zhivago,Docter Zhivago,1965,19780101,200,개봉,장편,미국,드라마|멜로/로맨스,데이빗 린,오마 샤리프|줄리 크리스티|제랄딘 채플린,메트로-골드윈-마이어(제작사)|워너브러더스 코리아(주)(배급사)|워너브러더스 코리아(주)(수입사)|(주)율가필림(수입사)|태창흥업(수입사),87-134(중학생이상관람가)|99-002 (12세 미만인 자는 관람할 수 없는 등급),
20256961,잠자는 바보,NEMURUBAKA: Hypnic Jerks,ネムルバカ,2025,20250910,106,개봉,장편,일본,드라마,사카모토 유고,쿠보 시오리|타이라 유우나|츠나 케이토|히구치 코헤이,메가박스중앙(주)(배급사)|메가박스중앙(주)(수입사),2025-MF02037 (12세이상관람가),
20253962,빌리와 용감한 타이거 킹,EXTINCTION,,2024,20250911,72,개봉,장편,말레이시아,애니메이션,,,(주)박수엔터테인먼트(배급사)|(주)박수엔터테인먼트(수입사),2025-MF00681 (전체관람가),
20060092,린다 린다 린다,Linda Linda Linda,リンダリン,2005,20060413,114,개봉,장편,일본,코미디|드라마,야마시타 노부히로,배두나|마에다 아이|카시이 유우,그린나래미디어(주)(배급사)|(주)엠디에스스피어(배급사)|프리비젼엔터테인먼트(배급사)|그린나래미디어(주)(수입사)|㈜씨네콰논코리아(수입사)|(주)엠디에스스피어(제공),2006-F048(12세관람가)|2025-MF02003 (12세이상관람가),
19770092,대부,The Godfather,,1972,19730901,175,개봉,장편,미국,드라마|범죄|스릴러,프란시스 포드 코폴라,알 파치노|말론 브란도,(주)팝엔터테인먼트(배급사)|(주)팝엔터테인먼트(수입사),(청소년관람불가)|1242(연소자관람불가)|2010-F193(청소년관람불가),
19780073,대부 2,"The Godfather, Part II",,1974,19780420,202,개봉,장편,미국,드라마|범죄,프란시스 포드 코폴라,알 파치노|다이안 키튼|로버트 드 니로|로버트 듀발,(주)팝엔터테인먼트(배급사)|예지림엔터테인먼트(배급사)|(주)팝엔터테인먼트(수입사)|예지림엔터테인먼트(수입사)|합동영화(주)(수입사),2010-F338(청소년관람불가),마리오 푸조(시나리오(각본))|프란시스 포드 코폴라(시나리오(각본))|니노 로타(음악)|고든 윌리스(촬영)
20050120,피크닉,Picnic,ピクニック,1996,20050623,72,개봉,장편,일본,드라마,이와이 슌지,차라|아사노 타다노부|하시즈메 코이치,후지텔레비젼네트웍(제작사)|(주)디오시네마(배급사)|(주)튜브엔터테인먼트(배급사)|(주)디오시네마(수입사)|(주)튜브엔터테인먼트(수입사),2005-F085(15세관람가),
20256927,포풍추영,The Shadow’s Edge,捕风追影,2025,20250920,142,개봉,장편,홍콩|중국,액션|범죄,래리 양,성룡|양가휘,(주)디스테이션(배급사)|(주)엔케이컨텐츠(수입사),2025-MF02162(15세이상관람가),
20256559,리 밀러: 카메라를 든 여자,LEE,,2023,20250924,117,개봉,장편,호주,드라마,,케이트 윈슬렛|알렉산더 스카스가드|마리옹 꼬띠아르|앤디 샘버그|안드레아 라이즈보로|조쉬 오코너,(주)영화사 진진(배급사)|(주)엠디에스스피어(배급사)|(주)영화사 진진(수입사)|(주)엠디에스스피어(제공),2025-MF02196 (15세이상관람가),
20255848,#진상을 말씀드립니다,#Iwilltellyouthetruth,#真相をお話しします,2025,20250924,117,개봉,장편,일본,미스터리|스릴러|드라마,토요시마 케이스케,,주식회사 로아앤코홀딩스(배급사)|(주)영화사 안다미로(배급사)|(주)영화사 안다미로(수입사),2025-MF02119 (15세이상관람가),
20241102,홍이,Red Nails,,2024,20250924,85,개봉,장편,한국,드라마,황슬기,장선|변중희|이유경|기윤|김미숙|조윤영,(주)세모시(제작사)|에무 시네마 앤 카페(배급사),2025-MF02102 (12세이상관람가),백경원(제작)|김지현(촬영)|황슬기(시나리오(각본))
20257671,미러 넘버 3,Mirrors No.3,,2025,20251001,86,개봉,장편,독일,드라마|미스터리|스릴러,크리스티안 페촐트,폴라 비어|바바라 오어|엔노 트렙스|매티아스 브랜트,엠엔엠인터내셔널(주)(배급사)|(주)레드아이스 엔터테인먼트(배급사)|엠엔엠인터내셔널(주)(수입사)|(주)레드아이스 엔터테인먼트(제공),2025-MF02280(15세이상관람가),
20233275,어쩌면 해피엔딩,My Favorite Love Story,,2025,20251002,95,개봉,장편,한국,뮤지컬|멜로/로맨스,이원회,신주협|강혜인|유준상,(주)히든시퀀스(제작사)|(주)키노필름(배급사)|(주)아센디오(배급사)|(주)영화특별시에스엠씨(배급사)|(주)로드쇼플러스(배급사),2025-MF01974 (12세이상관람가),김수민(프로듀서)|이원회(시나리오(각본))|박치화(촬영)|조민주(미술/프로덕션 디자인)|문인대(편집)|전세진(음악)|강형규(DI팀)|이재호(예고편)|김혜지(배급진행)|연인서(배급진행)|정난미(배급진행)|윤정한(배급진행)|이준호(배급진행)
19420001,카사블랑카,Casablanca,Casablanca,1942,19990403,102,개봉,장편,미국,드라마|멜로/로맨스|전쟁,마이클 커티즈,험프리 보가트|잉그리드 버그만|폴 헌레이드,워너브러더스사㈜(제작사)|워너브러더스 코리아(주)(배급사)|워너브러더스 코리아(주)(수입사)|(주)율가필림(수입사),99-073(12세 미만인 자는 관람할 수 없는 등급),
19950327,세븐,Seven,,1995,19951111,126,개봉,장편,미국,범죄|스릴러,데이빗 핀처,브래드 피트|모건 프리먼|기네스 팰트로우,뉴라인 시네마(제작사)|워너브러더스 코리아(주)(배급사)|(주)드림팩트엔터테인먼트(배급사)|워너브러더스 코리아(주)(수입사)|(주)제이앤씨미디어그룹(수입사)|㈜익영영화(수입사),95-324(연소자관람불가)|2016-MF01650(청소년관람불가),앤드류 케빈 워커(시나리오(각본))|하워드 쇼어(음악)
19818111,포제션,Possession,,1981,20251008,124,개봉,장편,프랑스,드라마|공포(호러),안드레이 줄랍스키,이자벨 아자니|샘 닐,찬란(배급사)|찬란(수입사),2025-MF01678 (청소년관람불가),
20101381,자이언트,Giant,,1956,19740228,201,개봉,장편,미국,드라마,조지 스티븐스,록 허드슨|제임스 딘|엘리자베스 테일러,워너 브러더스 픽쳐스(제작사)|한진흥업주식회사(수입사),(12세이상관람가),
20175301,부산포니아,Busanfornia,,2021,20251022,90,개봉,장편,한국,드라마,이서호,,프로덕션 리버럴그로브(제작사)|(주)삼백상회(배급사),2025-MF02333 (12세이상관람가),
20212369,양양,My Missing Aunt,,2024,20251022,78,개봉,장편,한국,다큐멘터리,양주연,양주연|양철원,영화사 금요일(제작사)|(주)영화사 진진(배급사)|(주)영화사 진진(제공),2025-MF02406 (12세이상관람가),고두현(제작)|강사라(프로듀서)|고두현(프로듀서)|양주연(시나리오(각본))|이민휘(음악)|양주연(촬영)|고두현(촬영)|고두현(편집)
20249462,수학영재 형주,Journeys in Math and Genetics,,2024,20251015,118,개봉,장편,한국,드라마,최창환,정다민|김세원|곽민규|이기문|서석규|김일두|우연서|김민서|신기환|김재우,유엠아이웍스 주식회사(제작사)|㈜인디스토리(배급사)|㈜인디스토리(해외세일즈사),2025-MF02372 (12세이상관람가),정유미(제작)|전상진(촬영)
19968703,마작,Mahjong,麻將,1996,20251015,120,개봉,장편,대만,드라마,에드워드 양,가우륜|비르지니 르도엥|장첸,(주)디스테이션(배급사)|(주)에이썸엔터테인먼트(수입사),2025-MF00349(15세이상관람가),
20227228,디바 야누스,Diva Janus,,2022,20251022,86,개봉,장편,한국,다큐멘터리,조은성,박성연,로그필름(제작사)|(주)디스테이션(배급사)|(주)디스테이션(제공),2025-MF02481 (전체관람가),
19538021,나이아가라,Niagara,,1953,,92,기타,장편,미국,드라마|기타|스릴러,헨리 해서웨이,마릴린 몬로|조셉 코튼|진 피터스,,,
20257290,베일리와 버드,Bird,,2024,20251029,118,개봉,장편,영국,드라마,안드레아 아놀드,,찬란(배급사)|(주)하이스트레인저(배급사)|찬란(수입사),2025-MF02275 (15세이상관람가),
20254747,리플레이,Replay,,2025,20251106,107,개봉,장편,한국,멜로/로맨스|코미디|드라마,황경성,조수민|김동한|손태양|김강현|서호철|손화령|조강혁|정보빈|손승택,(주)컨택트미디어(제작사)|주식회사 제이씨엔터웍스(배급사)|주식회사 제이씨엔터웍스(제공),2025-MF01051 (15세이상관람가),김혜현(음악)|서의재(작사/작곡/편곡)|신정목(사운드)|한서진(사운드효과)|최우석(사운드효과)|황혁순(배급진행)
20242787,너와 나의 5분,404 Still Remain,,2024,20251105,104,개봉,장편,한국,드라마|멜로/로맨스,엄하늘,심현서|현우석|공민정|이동휘|백이온|조선홍|이민주|온주완|장진성|김신비|김동휘|김성경|임호준|연선오|이서한|최재성|허아랑|박지호|신대근|류재희|정수연|송애린|고혜수|김수민|임영재|임서준|이호진|김은영|박소율|정하연|한수현|이유리|강지석|손병욱|라호찬|배소은|이재남|황미영|주인영|하지형|윤진|간태훈|소이,(주)고집스튜디오(제작사)|(주)트리플픽쳐스(배급사)|주식회사 씨엠닉스(해외세일즈사),2025-MF02174 (15세이상관람가),안병래(제작)|안병래(프로듀서)|이예든(프로듀서)|한지혜(제작팀)|최재원(제작팀)|최문주(제작팀)|공윤경(제작팀)|이종혁(제작팀)|이슬기(제작팀)|김현지(제작회계)|송세진(데이타매니저)|엄진(데이타매니저)|정한비치(데이타매니저)|엄하늘(시나리오(각본))|손창대(조감독)|이정규(연출팀)|앙현아(연출팀)|조아영(연출팀)|심나윤(스크립터)|서재형(스토리보드)|김힘찬(촬영)|강영훈(촬영팀)|엄소희(촬영팀)|이예은(촬영팀)|김우현(그립)|김진영(그립)|허기연(조명)|최나라(조명팀)|박규태(조명팀)|김준영(조명팀)|오득만(조명팀)|임명건(조명팀)|양치환(조명팀)|김진영(미술/프로덕션 디자인)|박소연(미술팀)|표원경(미술팀)|윤건웅(미술팀)|전영기(동시녹음)|조유현(붐오퍼레이터)|전석민(동시녹음팀)|정선아(동시녹음팀)|손서현(동시녹음팀)|구승하(의상)|최의영(의상)|김인지(의상팀)|황현미(의상팀)|김선연(분장)|김성민(분장팀)|조예빈(분장팀)|이하정(분장팀)|송원종(액션/스턴트)|천준호(액션/스턴트팀)|김광수(특수효과)|김진호(특수효과팀)|고철중(특수효과팀)|우희정(편집)|이명로(음악)|김승재(음악진행)|권소형(작사/작곡/편곡)|최윤정(작사/작곡/편곡)|임하은(작사/작곡/편곡)|송민지(작사/작곡/편곡)|이명로(작사/작곡/편곡)|성재현(사운드)|박성용(사운드디자이너)|성재현(사운드믹싱)|성재현(대사)|박성용(사운드효과)|김은경(폴리)|안은정(폴리)|박남예(사운드팀)|안은정(사운드팀)|이현진(VFX 슈퍼바이저)|정석재(VFX 슈퍼바이저)|윤성민(VFX 매니지먼트)|정찬홍(VFX 매니지먼트)|김현정(기타)|김은지(VFX 매니지먼트)|엄진(DI팀)|김힘찬(DI팀)|안지현(홍보/마케팅 진행)|김진희(VFX 매니지먼트)
20258326,굿 보이,GoodBoy,,2025,20251022,73,개봉,장편,미국,스릴러|공포(호러),벤 레온버그,래리 페센덴,찬란(배급사)|주식회사 로아앤코홀딩스(배급사)|찬란(수입사),2025-MF02566 (12세이상관람가),
20127494,늑대아이,Wolf Children,おおかみこどもの雨と雪,2012,20120913,117,개봉,장편,일본,애니메이션|판타지|멜로/로맨스|드라마|어드벤처,호소다 마모루,미야자키 아오이|오사와 타카오,와이드 릴리즈(주)(배급사)|(주)미디어데이(배급사)|(주)얼리버드픽쳐스(수입사)|얼리버드(수입사),2012-F509(전체관람가),
20252404,경성유랑극단,Gyeongseong Touring Troupe,,2025,20251024,99,개봉,장편,한국,드라마|뮤지컬|전쟁,박진용,박도욱|조상웅|김연준|오치운|강원재|지혜영|최형서|하효정|박혜원|고석진|진형길|서소현|나율,경남청년문화창업협동조합(제작사)|주식회사 씨엠닉스(배급사)|주식회사 씨엠닉스(해외세일즈사),2025-MF02035 (12세이상관람가),김민재(프로듀서)|박진용(프로듀서)|유지승(사운드믹싱)|박진용(작사/작곡/편곡)|박진용(음악)|서소현(의상)|박춘제(동시녹음)|박민지(미술/프로덕션 디자인)|박진용(시나리오(각본))|여창호(조감독)|정한솔(연출팀)|현명정(스크립터)|이진욱(촬영팀)|오승준(그립)|이진욱(조명팀)|정동주(배급진행)|세라노 파즈 안소(배급진행)|이예범(홍보/마케팅 진행)|김현승(홍보/마케팅 진행)|이진주(배급진행)|유현재(배급진행)|정인호(배급진행)
20212425,1980 사북,1980 Sabuk,,2024,20251029,128,개봉,장편,한국,다큐멘터리,박봉남,,영화사 느티(제작사)|(주)엣나인필름(배급사),2025-MF01052(12세이상관람가),
20249460,바람이 전하는 말,Words from the Wind,,2024,20251105,100,개봉,장편,한국,다큐멘터리,양희,,㈜욱희씨네(제작사)|판씨네마(주)(배급사),2025-MF02714 (전체관람가),허욱(프로듀서)|양희(시나리오(각본))|허욱(촬영)|허욱(편집)|김현준(VFX 아티스트)
20040686,이노센스,Ghost In The Shell 2: Innocence,イノセンス,2004,20041008,99,개봉,장편,일본,애니메이션|SF,오시이 마모루,타나카 아츠코|오츠카 아키오|야마데라 코이치|타케나카 나오토,(주)디스테이션(배급사)|(주)시네마서비스(배급사)|(주)에스피오 엔터테인먼트코리아(수입사)|대원미디어(주)(수입사)|(주)디스테이션(공동제공),2004-F234(12세관람가)|2025-MF01373 (12세이상관람가),
20244859,생명의 은인,SAVE,,2023,20251105,112,개봉,장편,한국,드라마|코미디|미스터리,방미리,김푸름|송선미|허정도|박은주,한국예술종합학교(제작사)|(주)영화특별시에스엠씨(배급사),2025-MF02537 (12세이상관람가),오영주(프로듀서)|방미리(시나리오(각본))|김승우(촬영)|김수경(미술/프로덕션 디자인)|방미리(편집)|김혜지(배급진행)|연인서(배급진행)|정난미(배급진행)|윤정한(배급진행)
20246092,달팽이 농구단,Go Snails,,2024,20251112,118,개봉,장편,한국,드라마|액션,고은기,박호산|서지석|이노아|박경서|허건영|육진수|강단우|김호원|최정화|양흥주|박광현|김종성|박길은|오성훈|임승수|손지나|우지원|최원태|곽진|최준호|김선혜|이승구|편보승|조하나|박효진|이주형|장지웅|홍여준|유정호|김찬일|이현철|손대범,(주)파인스토리(제작사)|영화사36번지(유)(제작사)|씨네스페이스(공동제작사)|(주)삼백상회(배급사)|오거스트벤처파트너스 유한회사(제공),2025-MF02567 (15세이상관람가),권영환(투자)|이광수(투자)|송승엽(투자)|고은기(제작)|오은실(제작)|이창원(제작)|이선영(프로듀서)|오은실(프로듀서)|이종혁(제작팀)|이주영(제작팀)|전윤찬(제작팀)|옥승재(제작회계)|박정현(데이타매니저)|이동훈(데이타매니저)|고은기(시나리오(각본))|이창원(각색)|서봉성(각색)|정호익(조감독)|유용상(연출팀)|황서정(연출팀)|임현지(연출팀)|김나연(스크립터)|황혜라(스토리보드)|박정현(현장편집)|이동훈(현장편집)|윤지운(촬영)|한수인(촬영팀)|이은석(촬영팀)|한승희(촬영팀)|이남준(촬영팀)|안재원(촬영팀)|강주희(촬영팀)|황낙원(특수촬영)|이석용(촬영장비)|강성훈(조명)|황다현(조명팀)|이정호(조명팀)|전종성(조명팀)|구성호(조명팀)|정훈(조명팀)|임성미(미술/프로덕션 디자인)|최민혁(미술팀)|김용민(미술팀)|추다영(미술팀)|민경주(미술팀)|이송하(미술팀)|오수환(소품)|이규하(동시녹음)|박소연(동시녹음)|이규하(붐오퍼레이터)|김규연(붐오퍼레이터)|박진호(동시녹음팀)|박관현(동시녹음팀)|추지영(의상)|최샛별(의상팀)|박윤실(분장)|최지혜(분장팀)|서승연(분장팀)|이인영(특수분장)|박애니(특수분장)|조원철(액션/스턴트)|박현선(액션/스턴트팀)|염정민(액션/스턴트팀)|김태진(액션/스턴트팀)|최충열(액션/스턴트팀)|도광일(특수효과)|도광섭(특수효과)|정영도(특수효과팀)|이승섭(특수효과팀)|최문혁(특수효과팀)|김창주(특수효과팀)|박건우(특수효과팀)|도은주(특수효과팀)|김희수(특수효과팀)|정의현(특수효과팀)|김진민(특수효과팀)|한태민(특수효과팀)|이용주(특수효과팀)|권영근(특수효과팀)|유명환(특수효과팀)|이연정(편집)|이종훈(편집팀)|오수진(음악)|채수현(음악진행)|한한나(작사/작곡/편곡)|박희원(작사/작곡/편곡)|박은실(작사/작곡/편곡)|오수진(작사/작곡/편곡)|김수현(사운드)|이지윤(사운드디자이너)|김수현(사운드디자이너)|이지윤(대사)|김수현(사운드효과)|이지윤(사운드효과)|이성의(폴리)|이용진(폴리)|윤성민(시각효과)|홍재일(캐스팅)|김승범(VFX 아티스트)|김진희(VFX 매니지먼트)|김은지(VFX 매니지먼트)|윤성민(VFX 매니지먼트)|정석재(VFX 매니지먼트)|신영섭(DI팀)|곽선구(DI팀)|김지연(DI팀)|강경원(DI팀)|노혜리(DI팀)|이승훈(DI팀)|조신영(DI팀)|조희대(DI팀)|윤정주(홍보/마케팅 진행)|손효정(홍보/마케팅 진행)|이주연(홍보/마케팅 진행)|강진권(홍보/마케팅 진행)|김태주(홍보/마케팅 진행)|유단비(온라인마케팅)|김보경(온라인마케팅)|이혜정(온라인마케팅)|강은경(온라인마케팅)|이다은(온라인마케팅)|황정현(온라인마케팅)|최종범(온라인마케팅)|장익호(광고디자인)|안태희(광고디자인)|정지헌(메이킹필름)|이민규(예고편)|박동신(예고편)|주윤호(배급진행)|이강희(캐스팅디렉터)|이현진(VFX 슈퍼바이저)
20189281,폴란드로 간 아이들,The Children Gone to Poland,,2018,20181031,78,개봉,장편,한국,다큐멘터리|드라마,추상미,이송|추상미|추상미|강동완|김미나|김새롬|이석준|이온유|이혜경|김나영,보아스필름 (제작사)|커넥트픽쳐스(주)(배급사)|(주)콘텐츠판다(제공),2018-MF01557(전체관람가),추상미(제작)|진희문(프로듀서)|남지은(사운드)|김진태(음악 믹싱/레코딩)|김명종(작사/작곡/편곡)|김명종(음악)|윤태호(편집팀)|이호승(편집팀)|정혜수(편집팀)|정혜인(편집팀)|조현(편집팀)|한소윤(편집팀)|홍혜인(편집팀)|김창주(편집)|김창주(편집)|김창주(편집)|추상미(편집)|추상미(편집)|김영문(동시녹음)|김무용(특수촬영)|강현구(촬영팀)|김성택(촬영팀)|이기석(촬영팀)|황영교(촬영팀)|김지훈(촬영)|박찬범(촬영)|김은수(조감독)|진서현(조감독)|추상미(시나리오(각본))|김동현(예고편)|남기웅(배급진행)|유영민(광고동영상)|김한나(VFX 아티스트)|채수응(VFX 매니지먼트)|김보은(예고편)|노재영(예고편)|성진아(예고편)|유태인(예고편)|장재영(예고편)|김길(광고디자인)|남유경(온라인마케팅)|박은혜(온라인마케팅)|박재환(온라인마케팅)|서유진(온라인마케팅)|이민지(온라인마케팅)|정민재(온라인마케팅)|지정은(온라인마케팅)|최유리(온라인마케팅)|김시하(홍보/마케팅 진행)|김유선(홍보/마케팅 진행)|김희정(홍보/마케팅 진행)|서경은(홍보/마케팅 진행)|이근표(홍보/마케팅 진행)|강솔이(DI팀)|김관명(DI팀)|박진용(DI팀)|서중권(DI팀)|엄태식(DI팀)|전수연(DI팀)|김무정(기획)|김신혜(기획)|추사임(기획)|김태준(광고대행)
20236697,장인과 사위,My Old Man,,2023,20240215,95,개봉,장편,한국,코미디|드라마,최이현,동방우|지대한|이혁|노준영|유준혁|한태일|장명갑|이진경|김재철|공정환|허진|김병옥|이재용|리우진|조두현|황상경|박지연|정도원|지연주|소정인,(주)지브라더스 컴퍼니(제작사)|한류닷컴 주식회사(공동제작사)|에스지엔터테인먼트(주)(공동제작사)|(주)콘텐츠파크엔터테인먼트(공동제작사)|주식회사 제이씨엔터웍스(공동제작사)|주식회사 제이씨엔터웍스(배급사)|주식회사 제이씨엔터웍스(제공),2023-MF03386 (12세이상관람가),김형제(투자)|박진철(투자)|앤사운드(사운드)|이혁(음악)|경민호(편집)|김소희(분장)|한미지(분장)|오상진(의상)|지창주(동시녹음)|김현식(조명팀)|박동순(조명)|오희성(제작)|김형제(제작)|박진철(제작)|최준완(제작)|이효진(제작)|지대한(제작)|최경화(제작)|김태곤(프로듀서)|박승현(제작팀)|이혜민(제작팀)|소정인(제작관리)|박주태(제작관리)|정경일(제작관리)|지대한(시나리오(각본))|김명균(시나리오(각본))|김태곤(각색)|최이현(각색)|이상백(조감독)|서지혜(연출팀)|박효훈(촬영)|김태우(카메라오퍼레이터)|노홍아(온라인마케팅)|이하림(온라인마케팅)|박드보라(온라인마케팅)|방민호(온라인마케팅)|임소리(캐스팅)|김주현(캐스팅디렉터)|서유진(온라인마케팅)|남유경(온라인마케팅)|이현지(온라인마케팅)|최석원(DI팀)
20050042,"지금, 만나러 갑니다",Be With You,"いま, 會いにゆきます",2004,20050325,118,개봉,장편,일본,드라마|멜로/로맨스|판타지,도이 노부히로,다케우치 유코|나카무라 시도,도호쿠신샤(제작사)|(주)디스테이션(배급사)|(주)엔케이컨텐츠(배급사)|롯데쇼핑㈜롯데엔터테인먼트(배급사)|(주)엔케이컨텐츠(수입사)|(주)동아수출공사(수입사),2005-F035(12세관람가)|2016-MF01520(12세이상관람가),
20253249,맨홀,Hideaway,,2024,20251119,105,개봉,장편,한국,드라마,한지수,김준호|권소현|민서|박미현|이재흥|주성혁|강혁일|김영범|이유경|박정현|이유준|박소을|김서하|권소현|김경남|송재룡|양종욱|정세현|신효재|서용우|권구윤|장혁준|곽산|이교엽|정호진|임정운|오대성|정민기|배진완|김윤진|유주하,(주)영화사레드피터(제작사)|주식회사 스튜디오빌(공동제작사)|(주)마노엔터테인먼트(배급사)|주식회사 스튜디오빌(제공),2025-MF00627 (15세이상관람가)|2025-MF02789 (15세이상관람가),김소영(투자)|민정은(제작)|이동하(제작)|이용수(프로듀서)|민정은(프로듀서)|문경법(라인프로듀서)|강승지(제작팀)|민병철(제작팀)|최재원(제작팀)|선현종(제작팀)|임가희(제작회계)|김상미(제작관리)|이주은(데이타매니저)|한지수(시나리오(각본))|이상백(조감독)|정호익(조감독)|윤서영(연출팀)|한찬희(연출팀)|조하나(스크립터)|전리나(스토리보드)|최자영(현장편집)|정그림(촬영)|송현준(촬영팀)|김종수(촬영팀)|소지수(촬영팀)|유형준(촬영팀)|양익준(촬영팀)|송혜령(촬영팀)|신준규(그립)|이영우(촬영장비)|임준우(촬영장비)|조현철(조명)|김동희(조명팀)|최종환(조명팀)|박영환(조명팀)|이준혁(조명팀)|김국중(조명팀)|탁민(발전차)|한두형(발전차)|한경욱(조명장비)|한두형(조명장비)|김근아(미술/프로덕션 디자인)|이영화(미술팀)|김담로(미술팀)|설수민(미술팀)|김찬오(미술팀)|주혜은(미술팀)|류도아(미술팀)|전성호(세트)|전병호(세트팀)|정상호(세트미술팀)|이기식(소품팀)|서지훈(동시녹음)|김시현(동시녹음)|오승현(붐오퍼레이터)|정현수(붐오퍼레이터)|윤진선(의상)|김희주(의상팀)|이나연(의상팀)|박애니(분장)|김민정(분장팀)|윤이나(분장팀)|박애니(헤어)|박애니(특수분장)|송원종(액션/스턴트)|최상식(액션/스턴트팀)|천준호(액션/스턴트팀)|장한별(액션/스턴트팀)|손진우(편집)|박세영(편집)|이준오(음악)|홍성준(사운드)|박초롱(사운드디자이너)|박효경(대사)|김용국(폴리)|정진영(사운드팀)|양지혜(기획진행)|이한나(기타)|황동욱(VFX 슈퍼바이저)|이혜진(VFX 아티스트)|백건학(VFX 아티스트)|윤예지(VFX 아티스트)|김미혜(VFX 아티스트)|이정민(VFX 아티스트)|노현준(VFX 아티스트)|류지원(DI팀)|김재은(DI팀)|강경원(DI팀)|김지연(DI팀)|노혜리(DI팀)|조신영(DI팀)|김경희(DI팀)|조희대(DI팀)|이승훈(DI팀)|김은주(온라인마케팅)|박시영(광고디자인)|권태영(예고편)|성윤지(배급진행)|서유림(배급진행)|장슬기(배급진행)|주아람(배급진행)|손민경(배급진행)|김재연(배급진행)|고재혁(배급진행)|김현정(배급진행)|신혜정(배급진행)|박서영(배급진행)|상효정(배급진행)|김휘중(배급진행)|이하은(배급진행)|오미선(배급진행)|오미선(배급진행)|강욱(캐스팅)|동윤석(캐스팅)|강욱(캐스팅)|황동욱(시각효과)
20241830,후계자,The Successor,Le successeur,2023,20251112,112,개봉,장편,프랑스,스릴러,자비에 르그랑,마크 앙드레 그롱당|이브 자크,판씨네마(주)(배급사)|판씨네마(주)(수입사),2025-MF02244 (15세이상관람가),
20254938,종이 울리는 순간,As the Bell Rings,,2025,20251112,80,개봉,장편,한국,다큐멘터리,코메일 소헤일리|김주영,솔비|윤여창|남준기,유랑필름(제작사)|(주)시네마달(배급사),2025-MF02614 (전체관람가),김재희(프로듀서)|이창훈(특수촬영)|권태양(음악)|김성림(음악)|윤지인(광고디자인)|김호연(광고디자인)
20001036,뱀파이어 헌터 D,Vampire Hunter D,,2000,20251112,101,개봉,장편,일본,애니메이션,카와지리 요시아키,타나카 히데유키|야마데라 코이치,(주)엠디에스스피어(배급사)|미라지엔터테인먼트(수입사),2025-MF01168 (15세이상관람가),
20258103,왼손잡이 소녀,Left-Handed Girl,,2025,20251112,108,개봉,장편,미국,드라마|가족,쩌우스칭,,(주)레드아이스 엔터테인먼트(배급사)|(주)더쿱디스트리뷰션(배급사)|(주)더쿱디스트리뷰션(수입사),2025-MF02698 (15세이상관람가),션 베이커(제작)|션 베이커(시나리오(각본))|션 베이커(편집)|쩌우스칭(시나리오(각본))
20242465,라리랑,LArirang,,2023,20251029,109,개봉,장편,한국,가족|코미디|드라마,나선희,김종구|정애화|이주우|윤원준|손문영|변중희,641필름(제작사)|(주)누리픽쳐스(배급사),2025-MF02384 (12세이상관람가),한동헌(제작)|이주영(제작팀)|편광진(제작팀)|정찬준(제작팀)|윤원준(시나리오(각본))|나선희(각색)|권민표(조감독)|이유은(연출팀)|손모아(연출팀)|조미혜(스크립터)|이욱일(촬영)|조홍덕(촬영팀)|정국원(촬영팀)|고경은(촬영팀)|차성민(조명)|강승용(미술/프로덕션 디자인)|윤찬헌(동시녹음)|최주연(분장)|최주연(헤어)|편광진(액션/스턴트)|경민호(편집)|이명로(음악)|홍성준(사운드)|박초롱(사운드디자이너)|박효경(대사)|정진영(사운드팀)|이경종(DI팀)
20257798,럭키 데이 인 파리,Coup de Chance,,2023,20251112,96,개봉,장편,미국,멜로/로맨스|스릴러,우디 앨런,루 드 라쥬|멜빌 푸포|니엘스 슈나이더|발레리 르메시에,해피송(배급사)|해피송(수입사),2025-MF02373 (12세이상관람가),
20249410,통잠,Deprivation,,2024,20251119,84,개봉,장편,한국,가족|드라마,이도진|김솔해,김시은|이도진|양석희,(주)타이거시네마(제작사)|필름다빈(배급사),2025-MF02726 (15세이상관람가),김솔해(프로듀서)|이도진(시나리오(각본))|김솔해(편집)|김성현(조감독)|정범(촬영)|이도진(편집)
20245452,넌센스,THE NONSENSE,,2023,20251126,116,개봉,장편,한국,스릴러|드라마,이제희,오아연|박용우|오민애|이주미|백승우,한국영화아카데미(제작사)|주식회사 로아앤코홀딩스(배급사)|엠라인디스트리뷰션(주)(해외세일즈사),2025-MF02688 (15세이상관람가),정명수(제작팀)|이제희(시나리오(각본))|최문주(미술팀)|김남주(연출팀)
20256083,"오늘 하늘이 가장 좋아,라고 아직 말할 수 없는 나는",She Taught Me Serendipity,今日の空が一番好き、とまだ言えない僕は,2024,20251126,127,개봉,장편,일본,드라마,오오쿠 아키코,하기와라 리쿠|카와이 유미|이토 아오이,(주)디스테이션(배급사)|(주)엔케이컨텐츠(수입사),2025-MF01736 (12세이상관람가),
20080853,비정성시,A City Of Sadness,悲情城市,1989,19900126,158,개봉,장편,대만,드라마,허우 샤오시엔,양조위|진송용,(주)디스테이션(배급사)|(주)에이썸엔터테인먼트(배급사)|(주)에이썸엔터테인먼트(수입사)|㈜효자필름(수입사),90-18(중학생이상관람가)|2026-MF00444(15세이상관람가),
20258780,힘,HIM: Who Gives Me Strength,,2025,20251127,154,개봉,장편,한국,액션|드라마,최지온,최지온|하성원|송주영|손주열|송예찬|황아리|이희엘|박하언|하보라|이강훈|최주안,액츠픽처스(제작사)|시네마 뉴원(배급사),2025-MF03160(15세이상관람가),
19438006,사하라,Sahara,,1943,,97,기타,장편,미국,액션|드라마|전쟁,졸탄 코다,험프리 보가트|브루스 버네트|J. 캐롤 네이쉬,,,
20252403,고당도,The Price of Goodbye,,2025,20251210,88,개봉,장편,한국,드라마|범죄,권용재,강말금|봉태규|장리우|정순범|양말복,잉크(제작사)|(주)21스튜디오(제작사)|(주)트리플픽쳐스(배급사)|주식회사 케이티스튜디오지니(해외세일즈사),2025-MF02852(15세이상관람가),허규범(제작)|권용재(제작)|김지현(프로듀서)|정한결(프로듀서)|박혜연(프로듀서)|남궁건(제작팀)|유영태(제작팀)|신정현(제작팀)|조은식(제작팀)|권용재(시나리오(각본))|최진호(촬영)|김지현(촬영)|최승현(미술팀)|손강석(미술팀)|손연지(편집)|이수미(홍보/마케팅 진행)
20257845,멀고도 가까운,So Far So Close,,2025,20251203,97,개봉,장편,한국,멜로/로맨스|판타지,최인규,박호산|송재림|고은민,더파인트(제작사)|제이원이엔엠(제작사)|주식회사 씨엠닉스(배급사)|주식회사 씨엠닉스(해외세일즈사),2025-MF02279 (15세이상관람가),최인규(제작)|홍재일(제작)|김봉수(사운드)|이주한(음악)|우광훈(편집)|신태섭(조명)|엄혜정(촬영)|김이고(조감독)|최인규(시나리오(각본))|정동주(배급진행)|김현승(홍보/마케팅 진행)|이예범(홍보/마케팅 진행)|김형희(DI팀)|이진주(배급진행)|유현재(배급진행)|정인호(배급진행)
20000059,하나 그리고 둘,A One And A Two,Yi Yi,2000,20001028,173,개봉,장편,대만|일본,드라마|가족,에드워드 양,오념진|금연령|켈리 리|조나단 창|이세이 오가타|진희성,아톰필름즈(제작사)|(주)에무필름즈(배급사)|(주)리틀빅픽쳐스(배급사)|(주)에무필름즈(수입사)|(주)리틀빅픽쳐스(수입사)|스타맥스(주)(수입사),2000-F314(전체관람가)|2018-MF00935(12세이상관람가),
20254731,국유장기,State Organs,,2024,,75,기타,장편,캐나다,다큐멘터리,,,,2025-MF01695 (12세이상관람가),
20255489,허들,Hurdle,,2025,20251203,102,개봉,장편,한국,드라마,한상욱,최예빈|김영재|권희송|이중옥|박충선|양흥주|오태경|변진수|배유람|고경표|박수현,(주)네모콘텐츠(제작사)|(주)콘텐츠지(공동제작사)|(주)21스튜디오(공동제작사)|주식회사 로아앤코홀딩스(배급사),2025-MF02879(15세이상관람가),허규범(제작)|구성목(제작)|김규만(사운드)|박명환(제작)|김기환(프로듀서)|임대현(프로듀서)|홍미현(제작팀)|강대훈(제작팀)|전성모(제작팀)|이이슬(제작회계)|김형은(데이타매니저)|진현우(데이타매니저)|한상욱(시나리오(각본))|장위지(조감독)|이은수(연출팀)|신희라(연출팀)|이민아(스크립터)|김용천(스토리보드)|이해창(촬영)|최정현(촬영팀)|원장연(촬영팀)|양윤영(촬영팀)|최용환(조명)|정해상(조명팀)|하명현(조명팀)|신정훈(조명팀)|이종원(발전차)|강지윤(미술/프로덕션 디자인)|황선주(미술팀)|유기은(미술팀)|정혜지(미술팀)|김기남(동시녹음)|이숙영(붐오퍼레이터)|남지수(의상)|성도경(의상팀)|박하늘(의상팀)|남지수(분장)|오세인(분장팀)|채은지(분장팀)|김경훈(편집)|허윤원(음악)|김윤경(사운드)|윤혜진(배급진행)|홍명기(캐스팅)
20258738,조상님이 보고계셔,THE ANCESTRAL HOME,Nha gia tien,2025,20251127,117,개봉,장편,베트남,코미디,,,(주)제이앤씨미디어그룹(배급사)|와이드 릴리즈(주)(배급사)|(주)제이앤씨미디어그룹(수입사),2025-MF02123 (15세이상관람가),
20259562,비상계엄,,,2025,20251203,93,개봉,장편,한국,다큐멘터리,,안내상,주식회사 블루필름웍스(배급사),2025-MF03143(12세이상관람가),허성호(조감독)
20259018,죄의 목소리,The Voice of Sin,,2020,20251128,141,개봉,장편,일본,드라마,도이 노부히로,오구리 슌|호시노 겐|마츠시게 유타카|이치카와 미카코,(주)엠디에스스피어(배급사)|(주)블루라벨픽쳐스(수입사),2025-MF02318 (15세이상관람가),
20259491,바늘을 든 소녀,The Girl with the Needle,,2024,20251210,122,개봉,장편,덴마크,드라마,매그너스 본 혼,빅 카르멘 손네|트린 디어홈,그린나래미디어(주)(배급사)|(주)레드아이스 엔터테인먼트(배급사)|그린나래미디어(주)(수입사)|(주)레드아이스 엔터테인먼트(제공),2025-MF03159(15세이상관람가),
20258221,대한민국은 국민이 합니다,,,2025,20260122,97,개봉,장편,한국,다큐멘터리,조은성,,와이드 릴리즈(주)(배급사),2025-MF03163(12세이상관람가),이영곤(조감독)|이영곤(촬영)|임그린(캐스팅디렉터)
20191801,행복한 라짜로,Lazzaro Felice,,2018,20190620,127,개봉,장편,이탈리아,드라마|판타지,알리체 로르와커,아드리아노 타르디올로|루카 치코바니|알바 로르와처|니콜레타 브라시|세르지 로페즈,주식회사 슈아픽처스(배급사)|주식회사 슈아픽처스(수입사),2019-MF00992(12세이상관람가),
20241418,다잉,Dying,Sterben,2024,20251210,181,개봉,장편,독일,드라마,매티아스 글래스너,라르스 아이딩어,판씨네마(주)(배급사)|판씨네마(주)(수입사),2025-MF02826 (15세이상관람가),
19488007,안나 카레니나,Tolstoy's Anna Karenina,,1948,,107,기타,장편,영국,드라마,줄리앙 뒤비비에르,비비안 리,,,
20234619,로봇 드림,Robot Dreams,,2023,20240313,102,개봉,장편,스페인|프랑스,애니메이션,파블로 베르헤르,,(주)영화사 진진(배급사)|(주)하이스트레인저(배급사)|(주)영화사 진진(수입사),2024-MF00115 (전체관람가),
19558020,마티,Marty,,1955,,91,기타,장편,미국,코미디|드라마,델버트 만,에스더 민치오티|어거스타 시올리|조 만텔,,,
20259035,투 헤븐,To heaven,,2025,20251105,90,개봉,장편,한국,다큐멘터리,김상철,,파이오니아21(제작사)|파이오니아21(배급사),2025-MF02807 (전체관람가),
20259467,사운드 오브 폴링,Sound of Falling,In die Sonne schauen,2025,20251217,154,개봉,장편,독일,드라마,마샤 실린스키,,(주)스튜디오디에이치엘(배급사)|(주)엠디에스스피어(배급사)|(주)스튜디오디에이치엘(수입사)|(주)엠디에스스피어(제공),2025-MF03003(15세이상관람가),마샤 실린스키(시나리오(각본))
20259466,망내인: 얼굴 없는 살인자들,,,2025,20251217,89,개봉,장편,한국,스릴러,신재호,김민규|이다슬|라경덕|천명재,(주)스튜디오조이플(제작사)|(주)빅오션이엔엠(공동제작사)|스튜디오 아발리(공동제작사)|㈜뉴브랜치콘텐토리(공동제작사)|주식회사 제이씨엔터웍스(배급사)|(주)스튜디오조이플(제공)|주식회사 제이씨엔터웍스(공동제공),2025-MF02278 (15세이상관람가),김영심(제작)|김훈광(제작)|홍성준(사운드)|유상훈(음악)|지상철(프로듀서)|최윤봉(라인프로듀서)|이새윤(제작팀)|김소희(시나리오(각본))|신재호(시나리오(각본))|김하영(각색)|정상일(조감독)|박진하(조감독)|윤태기(촬영)|김학수(촬영)|장원욱(조명)|김새로미(미술/프로덕션 디자인)|송진혁(동시녹음)|임주현(의상)|임주현(분장)|김희원(편집)|박승인(VFX 아티스트)|박상수(DI팀)|황혁순(배급진행)
20258951,"파리, 밤의 여행자들",The Passengers of the Night,Les Passagers de la nuit,2022,20251217,111,개봉,장편,프랑스,드라마,미카엘 허스,샤를로뜨 갱스부르|키토 라용 리슈테르|노에이 아비타|메간 노섬,(주)영화사 진진(배급사)|(주)하이스트레인저(배급사)|(주)영화사 진진(수입사),2025-MF02847 (15세이상관람가),
20249892,성 베드로 대성당과 로마의 교황청 대성당들,ST. PETER’S AND THE PAPAL BASILICAS OF ROME,,2016,20250115,95,개봉,장편,이탈리아,다큐멘터리,,,일미디어(배급사)|일미디어(수입사),2024-MF03325 (전체관람가),
20258343,파과: 인터내셔널 컷,The Old Woman with the Knife: International Cut,,2024,20251210,132,개봉,장편,한국,액션|드라마|미스터리,민규동,이혜영|김성철|연우진,(주)수필름(제작사)|(주)넥스트엔터테인먼트월드(NEW)(배급사),2025-MF02533 (청소년관람불가),윤서혜(기획진행)
20259564,슈퍼 해피 포에버,Super Happy Forever,,2024,20251224,94,개봉,장편,일본,드라마,이가라시 코헤이,사노 히로키|미야타 요시노리|야마모토 나이루,찬란(배급사)|(주)하이스트레인저(배급사)|찬란(수입사),2025-MF02911(12세이상관람가),
20233178,블루 자이언트,Blue Giant,,2023,20231018,119,개봉,장편,일본,애니메이션,타치카와 유즈루,야마다 유키|마미야 쇼타로|오카야마 아마네,판씨네마(주)(배급사)|판씨네마(주)(수입사),2023-MF02234 (12세이상관람가),우에하라 히로미(음악)
19578007,12명의 성난 사람들,12 Angry Men,,1957,,98,기타,장편,미국,범죄|미스터리,시드니 루멧,헨리 폰다|리 J. 콥|에드 베글리|E.G. 마샬|잭 워든,,,
20151621,담뽀뽀,Tampopo,タンポポ,1985,20251217,113,개봉,장편,일본,코미디,이타미 주조,야마자키 츠토무|미야모토 노부코|야쿠쇼 코지|와타나베 켄,(주)디스테이션(배급사)|주식회사 스튜디오일공공구(수입사),2025-MF02453 (청소년관람불가),
20250052,부흥,The Revival,,2025,20260101,90,개봉,장편,한국,다큐멘터리,윤학렬,,주식회사 해밀리미디어더하세(제작사)|주식회사 해밀리미디어더하세(배급사)|주식회사 블루필름웍스(배급사),2025-MF03326(전체관람가),안진희(제작)|더하세(프로듀서)
20224468,애프터 양,After Yang,,2021,20220601,95,개봉,장편,미국,드라마|SF,코고나다,콜린 파렐,(주)영화특별시에스엠씨(배급사)|주식회사 왓챠(배급사)|주식회사 왓챠(수입사),2022-MF00911 (전체관람가),
20090360,아이들,Boys,,2008,,31,기타,단편,한국,드라마,윤성현,이민웅|구교환|김시권,㈜인디스토리(배급사)|㈜인디스토리(해외세일즈사),2013-VK00045(15세이상관람가)|2025-MF03277(15세이상관람가),김수미(프로듀서)|윤성현(시나리오(각본))|표용수(사운드믹싱)|윤성현(촬영)
20108090,흑기사,Ivanhoe,,1952,19731024,106,개봉,장편,미국,드라마|멜로/로맨스|사극,리차드 소프,마가리타 로버츠|아이니스 맥켄지,메트로-골드윈-마이어(제작사)|대영영화주식회사(수입사),(),
20255209,고스트라이트,Ghostlight,,2024,20251217,114,개봉,장편,미국,드라마,,,필름다빈(배급사)|필름다빈(수입사),2025-MF03189(15세이상관람가),
20258272,톰과 제리: 황금나침반 대소동,Tom and Jerry: Forbidden Compass,,2025,20260101,99,개봉,장편,미국,애니메이션,,,TCO(주)더콘텐츠온(배급사)|TCO(주)더콘텐츠온(수입사)|(주)빅웨이브시네마(수입사)|TCO(주)더콘텐츠온(제공),2025-MF02441(전체관람가),
20259552,시라트,Sirat,,2025,20260121,114,개봉,장편,스페인,드라마,올리베르 라셰,세르지 로페즈,(주)레드아이스 엔터테인먼트(배급사)|찬란(수입사),2025-MF03190(15세이상관람가),
20232285,위험사회,Risk Society,,2023,20251224,99,개봉,장편,한국,드라마|멜로/로맨스|범죄,김병준,장준휘|황상경|안석환|하이안,할머니가 들려주는 이야기(제작사)|할머니가 들려주는 이야기(배급사),2025-MF03221(15세이상관람가),김병준(시나리오(각본))|나태웅(촬영)|전현지(미술/프로덕션 디자인)|손기주(미술/프로덕션 디자인)|유지민(편집)|김현준(기타)
20060201,커피와 담배,Coffee And Cigarettes,,2003,20060727,96,개봉,장편,미국,드라마,짐 자무시,로베르토 베니니|빌 머레이,(주)영화사 안다미로(배급사)|(주)스폰지이엔티(배급사)|(주)영화사 안다미로(수입사)|(주)스폰지이엔티(수입사),2006-F226(12세관람가)|2017-MF00281(12세이상관람가),
20101408,화이트 크리스마스,White Christmas,,1954,,120,기타,장편,미국,뮤지컬|코미디,마이클 커티즈,빙 크로스비|대니 케이|로즈마리 클루니,,,
19388005,우리들의 낙원,You Can't Take It With You,,1938,,126,기타,장편,미국,코미디|멜로/로맨스,프랭크 카프라,진 아서|라이오넬 배리모어,,,
19950325,천국보다 낯선,Stranger Than Paradise,,1984,19951111,89,개봉,장편,미국,드라마,짐 자무시,존 루리|리차드 에드슨,(주)영화사 안다미로(배급사)|(주)영화사 안다미로(수입사)|㈜영화사 백두대간(수입사),95-86(고등학생이상관람가)|2017-MF00346(15세이상관람가),짐 자무시(시나리오(각본))|존 루리(음악)
20259743,터널,Tunnel: Sun in the Dark,Địa Đạo: Mặt Trời Trong Bóng Tối,2025,20251231,125,개봉,장편,베트남,전쟁|액션|드라마,추옌 부이 탁,타이 화,(주)누리픽쳐스(배급사)|(주)누리픽쳐스(수입사),2025-MF03296(15세이상관람가),
